week_ending,roi,log_no2,log_no2_52w_ago,yoy_anomaly_pct,status
2018-07-01,cobija,,,,
2018-07-08,cobija,-11.201923372749524,,,
2018-07-15,cobija,-11.43935045720824,,,
2018-07-22,cobija,-11.556793178733788,,,
2018-07-29,cobija,-11.173927789682383,,,
2018-08-05,cobija,,,,
2018-08-12,cobija,-11.776672276803755,,,
2018-08-19,cobija,-10.784452094664555,,,
2018-08-26,cobija,-10.362434185035482,,,
2018-09-02,cobija,-10.719447420524872,,,
2018-09-09,cobija,-10.738484890399995,,,
2018-09-16,cobija,-10.909342059135653,,,
2018-09-23,cobija,-11.068492478603849,,,
2018-09-30,cobija,-10.955177833377071,,,
2018-10-07,cobija,-11.035630090023066,,,
2018-10-14,cobija,,,,
2018-10-21,cobija,-11.40806360748059,,,
2018-10-28,cobija,-12.018420379881013,,,
2018-11-04,cobija,,,,
2018-11-11,cobija,,,,
2018-11-18,cobija,,,,
2018-11-25,cobija,,,,
2018-12-02,cobija,,,,
2018-12-09,cobija,,,,
2018-12-16,cobija,-12.063633963861701,,,
2018-12-23,cobija,-12.321960862290975,,,
2018-12-30,cobija,-11.98421292689494,,,
2019-01-06,cobija,-11.626967112422875,,,
2019-01-13,cobija,,,,
2019-01-20,cobija,,,,
2019-01-27,cobija,-11.594489963941058,,,
2019-02-03,cobija,-12.212373659318898,,,
2019-02-10,cobija,-11.761563872978137,,,
2019-02-17,cobija,,,,
2019-02-24,cobija,,,,
2019-03-03,cobija,,,,
2019-03-10,cobija,-11.671973186201603,,,
2019-03-17,cobija,-11.390769973197237,,,
2019-03-24,cobija,,,,
2019-03-31,cobija,,,,
2019-04-07,cobija,,,,
2019-04-14,cobija,-11.876313317448679,,,
2019-04-21,cobija,-12.724648886240269,,,
2019-04-28,cobija,-12.454350024192136,,,
2019-05-05,cobija,-11.672531718873557,,,
2019-05-12,cobija,-12.382513224978892,,,
2019-05-19,cobija,-12.917318127098142,,,
2019-05-26,cobija,-12.482467557747247,,,
2019-06-02,cobija,-11.650789583698637,,,
2019-06-09,cobija,-11.649318580095017,,,
2019-06-16,cobija,-11.88074637571687,,,
2019-06-23,cobija,-12.367204726247213,,,
2019-06-30,cobija,-12.136621906310596,,,
2019-07-07,cobija,-12.282784006504125,-11.201923372749524,-108.08606337546003,red
2019-07-14,cobija,-11.271855915714527,-11.43935045720824,16.749454149371346,green
2019-07-21,cobija,-11.703936898819329,-11.556793178733788,-14.714372008554122,red
2019-07-28,cobija,-11.777274930384115,-11.173927789682383,-60.334714070173234,red
2019-08-04,cobija,-11.059114665756047,,,
2019-08-11,cobija,-10.758071853865024,-11.776672276803755,101.86004229387305,green
2019-08-18,cobija,-10.757718554315803,-10.784452094664555,2.6733540348752527,yellow
2019-08-25,cobija,-10.70492168009199,-10.362434185035482,-34.2487495056508,red
2019-09-01,cobija,-11.084080584775295,-10.719447420524872,-36.46331642504226,red
2019-09-08,cobija,-10.696377955449728,-10.738484890399995,4.210693495026696,yellow
2019-09-15,cobija,-10.847298111285705,-10.909342059135653,6.204394784994882,green
2019-09-22,cobija,-10.891864809012384,-11.068492478603849,17.66276695914648,green
2019-09-29,cobija,-10.678295203060665,-10.955177833377071,27.68826303164058,green
2019-10-06,cobija,,-11.035630090023066,,
2019-10-13,cobija,-11.047616175342432,,,
2019-10-20,cobija,,-11.40806360748059,,
2019-10-27,cobija,,-12.018420379881013,,
2019-11-03,cobija,-11.263467937409716,,,
2019-11-10,cobija,-12.128818624640758,,,
2019-11-17,cobija,-12.187255564353315,,,
2019-11-24,cobija,-11.920927594340595,,,
2019-12-01,cobija,-11.682760485795676,,,
2019-12-08,cobija,-11.802805942625183,,,
2019-12-15,cobija,,-12.063633963861701,,
2019-12-22,cobija,-11.84399787571723,-12.321960862290975,47.796298657374514,green
2019-12-29,cobija,-11.861846712937758,-11.98421292689494,12.236621395718217,green
2020-01-05,cobija,,-11.626967112422875,,
2020-01-12,cobija,-11.887707489543892,,,
2020-01-19,cobija,-11.532208518864897,,,
2020-01-26,cobija,-11.77916687310525,-11.594489963941058,-18.467690916419244,red
2020-02-02,cobija,-11.322946768418836,-12.212373659318898,88.94268909000616,green
2020-02-09,cobija,-11.88779517000153,-11.761563872978137,-12.62312970233932,red
2020-02-16,cobija,-12.035348661905648,,,
2020-02-23,cobija,-11.771992477116449,,,
2020-03-01,cobija,-12.001759207402841,,,
2020-03-08,cobija,-11.716941700145883,-11.671973186201603,-4.496851394427992,yellow
2020-03-15,cobija,,-11.390769973197237,,
2020-03-22,cobija,,,,
2020-03-29,cobija,-11.700564862432973,,,
2020-04-05,cobija,,,,
2020-04-12,cobija,-12.309509976700342,-11.876313317448679,-43.31966592516636,red
2020-04-19,cobija,,-12.724648886240269,,
2020-04-26,cobija,,-12.454350024192136,,
2020-05-03,cobija,-12.446091894847829,-11.672531718873557,-77.35601759742714,red
2020-05-10,cobija,-12.28627192584475,-12.382513224978892,9.624129913414237,green
2020-05-17,cobija,-12.345642515289846,-12.917318127098142,57.16756118082955,green
2020-05-24,cobija,-11.976288482974892,-12.482467557747247,50.61790747723549,green
2020-05-31,cobija,-12.18780021040565,-11.650789583698637,-53.701062670701205,red
2020-06-07,cobija,,-11.649318580095017,,
2020-06-14,cobija,-13.86004571475392,-11.88074637571687,-197.929933903705,red
2020-06-21,cobija,-12.060419035278859,-12.367204726247213,30.678569096835417,green
2020-06-28,cobija,-12.025193116469895,-12.136621906310596,11.142878984070137,green
2020-07-05,cobija,,-12.282784006504125,,
2020-07-12,cobija,-11.681492587641419,-11.271855915714527,-40.96366719268918,red
2020-07-19,cobija,-11.508829333573281,-11.703936898819329,19.510756524604744,green
2020-07-26,cobija,-11.567374147052611,-11.777274930384115,20.990078333150386,green
2020-08-02,cobija,-11.831361995720885,-11.059114665756047,-77.22473299648378,red
2020-08-09,cobija,-10.85107263592095,-10.758071853865024,-9.300078205592577,red
2020-08-16,cobija,-11.060018719822073,-10.757718554315803,-30.23001655062707,red
2020-08-23,cobija,-11.292812161936695,-10.70492168009199,-58.78904818447044,red
2020-08-30,cobija,-10.768263098100167,-11.084080584775295,31.581748667512777,green
2020-09-06,cobija,,-10.696377955449728,,
2020-09-13,cobija,,-10.847298111285705,,
2020-09-20,cobija,,-10.891864809012384,,
2020-09-27,cobija,-10.546013103305322,-10.678295203060665,13.228209975534355,green
2020-10-04,cobija,-11.217484528430164,,,
2020-10-11,cobija,-11.28063431686696,-11.047616175342432,-23.30181415245285,red
2020-10-18,cobija,,,,
2020-10-25,cobija,,,,
2020-11-01,cobija,,-11.263467937409716,,
2020-11-08,cobija,,-12.128818624640758,,
2020-11-15,cobija,-11.519791354832776,-12.187255564353315,66.74642095205385,green
2020-11-22,cobija,-11.579284203038405,-11.920927594340595,34.16433913021901,green
2020-11-29,cobija,,-11.682760485795676,,
2020-12-06,cobija,,-11.802805942625183,,
2020-12-13,cobija,-12.286862305041375,,,
2020-12-20,cobija,-11.770928943090635,-11.84399787571723,7.306893262659564,green
2020-12-27,cobija,-12.938714685089796,-11.861846712937758,-107.68679721520371,red
2021-01-03,cobija,-11.693603116846901,,,
2021-01-10,cobija,-11.879104320691491,-11.887707489543892,0.8603168852401311,yellow
2021-01-17,cobija,-11.75368162113371,-11.532208518864897,-22.147310226881345,red
2021-01-24,cobija,,-11.77916687310525,,
2021-01-31,cobija,-11.994188558334052,-11.322946768418836,-67.1241789915216,red
2021-02-07,cobija,-12.117078113796156,-11.88779517000153,-22.9282943794626,red
2021-02-14,cobija,,-12.035348661905648,,
2021-02-21,cobija,,-11.771992477116449,,
2021-02-28,cobija,-11.715478108625119,-12.001759207402841,28.628109877772268,green
2021-03-07,cobija,-11.620530267216392,-11.716941700145883,9.641143292949117,green
2021-03-14,cobija,-12.014097632742926,,,
2021-03-21,cobija,-12.147451289574462,,,
2021-03-28,cobija,-12.015786221803047,-11.700564862432973,-31.522135937007434,red
2021-04-04,cobija,-11.964342040365379,,,
2021-04-11,cobija,,-12.309509976700342,,
2021-04-18,cobija,,,,
2021-04-25,cobija,-11.96808377854504,,,
2021-05-02,cobija,-11.832666601254166,-12.446091894847829,61.34252935936626,green
2021-05-09,cobija,-11.551800713601729,-12.28627192584475,73.44712122430207,green
2021-05-16,cobija,,-12.345642515289846,,
2021-05-23,cobija,,-11.976288482974892,,
2021-05-30,cobija,-11.50472293871266,-12.18780021040565,68.30772716929889,green
2021-06-06,cobija,,,,
2021-06-13,cobija,-11.360448399305211,-13.86004571475392,249.95973154487086,green
2021-06-20,cobija,,-12.060419035278859,,
2021-06-27,cobija,-11.77528430524436,-12.025193116469895,24.990881122553432,green
2021-07-04,cobija,-11.684486665318632,,,
2021-07-11,cobija,-11.053567932956517,-11.681492587641419,62.7924654684902,green
2021-07-18,cobija,-11.281427609171677,-11.508829333573281,22.7401724401604,green
2021-07-25,cobija,-11.09685097171348,-11.567374147052611,47.05231753391317,green
2021-08-01,cobija,-11.642979969755785,-11.831361995720885,18.838202596509923,green
2021-08-08,cobija,-10.598996443944523,-10.85107263592095,25.20761919764265,green
2021-08-15,cobija,-10.657191683439603,-11.060018719822073,40.282703638247064,green
2021-08-22,cobija,-10.761883824365619,-11.292812161936695,53.09283375710763,green
2021-08-29,cobija,-10.94691253243318,-10.768263098100167,-17.864943433301228,red
2021-09-05,cobija,,,,
2021-09-12,cobija,-11.077172749161731,,,
2021-09-19,cobija,-10.519231783965056,,,
2021-09-26,cobija,,-10.546013103305322,,
2021-10-03,cobija,-10.96666717217259,-11.217484528430164,25.081735625757418,green
2021-10-10,cobija,-12.256864552496541,-11.28063431686696,-97.62302356295808,red
2021-10-17,cobija,,,,
2021-10-24,cobija,-10.850115492228609,,,
2021-10-31,cobija,-11.25634701045855,,,
2021-11-07,cobija,-11.863677703252579,,,
2021-11-14,cobija,-11.791689176648866,-11.519791354832776,-27.18978218160899,red
2021-11-21,cobija,-11.580749709610798,-11.579284203038405,-0.14655065723925276,yellow
2021-11-28,cobija,-11.531972854336084,,,
2021-12-05,cobija,-11.897255586965244,,,
2021-12-12,cobija,-11.538763059001868,-12.286862305041375,74.80992460395069,green
2021-12-19,cobija,,-11.770928943090635,,
2021-12-26,cobija,-12.866062489639056,-12.938714685089796,7.265219545073975,green
2022-01-02,cobija,-11.911283265955165,-11.693603116846901,-21.768014910826317,red
2022-01-09,cobija,-11.607913347079906,-11.879104320691491,27.119097361158495,green
2022-01-16,cobija,-11.315640800706873,-11.75368162113371,43.80408204268367,green
2022-01-23,cobija,-12.256552402397778,,,
2022-01-30,cobija,-11.30337097468312,-11.994188558334052,69.0817583650933,green
2022-02-06,cobija,-12.086344382121487,-12.117078113796156,3.0733731674668974,yellow
2022-02-13,cobija,-12.246855522242921,,,
2022-02-20,cobija,,,,
2022-02-27,cobija,-11.875733813240565,-11.715478108625119,-16.025570461544625,red
2022-03-06,cobija,,-11.620530267216392,,
2022-03-13,cobija,-12.04729482586003,-12.014097632742926,-3.3197193117104007,yellow
2022-03-20,cobija,-11.694822281409827,-12.147451289574462,45.262900816463514,green
2022-03-27,cobija,,-12.015786221803047,,
2022-04-03,cobija,,-11.964342040365379,,
2022-04-10,cobija,-12.563221507006869,,,
2022-04-17,cobija,-12.32912931991956,,,
2022-04-24,cobija,-11.726282912069118,-11.96808377854504,24.18008664759217,green
2022-05-01,cobija,-12.881697940541903,-11.832666601254166,-104.90313392877368,red
2022-05-08,cobija,-11.462196242899143,-11.551800713601729,8.960447070258581,green
2022-05-15,cobija,,,,
2022-05-22,cobija,-11.698994124892982,,,
2022-05-29,cobija,,-11.50472293871266,,
2022-06-05,cobija,,,,
2022-06-12,cobija,-11.840221827619636,-11.360448399305211,-47.97734283144255,red
2022-06-19,cobija,-11.557870269471952,,,
2022-06-26,cobija,-11.734397188175167,-11.77528430524436,4.088711706919312,yellow
2022-07-03,cobija,-11.614369493234676,-11.684486665318632,7.011717208395574,green
2022-07-10,cobija,-11.986709920720088,-11.053567932956517,-93.31419877635713,red
2022-07-17,cobija,-11.821825741218351,-11.281427609171677,-54.039813204667375,red
2022-07-24,cobija,-12.602229915020882,-11.09685097171348,-150.53789433074024,red
2022-07-31,cobija,-11.510249077762625,-11.642979969755785,13.273089199316068,green
2022-08-07,cobija,,-10.598996443944523,,
2022-08-14,cobija,-10.589136939250187,-10.657191683439603,6.805474418941593,green
2022-08-21,cobija,-11.300343113333199,-10.761883824365619,-53.84592889675801,red
2022-08-28,cobija,-10.27245454441767,-10.94691253243318,67.44579880155098,green
2022-09-04,cobija,-10.437018270679205,,,
2022-09-11,cobija,-10.571890281056834,-11.077172749161731,50.52824681048964,green
2022-09-18,cobija,-10.754684605220456,-10.519231783965056,-23.545282125540012,red
2022-09-25,cobija,-10.520040911873325,,,
2022-10-02,cobija,-10.843472830587244,-10.96666717217259,12.319434158534648,green
2022-10-09,cobija,-10.475550631682573,-12.256864552496541,178.13139208139683,green
2022-10-16,cobija,,,,
2022-10-23,cobija,-10.967594767048316,-10.850115492228609,-11.747927481970777,red
2022-10-30,cobija,,-11.25634701045855,,
2022-11-06,cobija,-11.220647823123691,-11.863677703252579,64.30298801288873,green
2022-11-13,cobija,-11.214067219907463,-11.791689176648866,57.762195674140315,green
2022-11-20,cobija,-12.018358057559656,-11.580749709610798,-43.76083479488582,red
2022-11-27,cobija,-11.367131584087343,-11.531972854336084,16.484127024874162,green
2022-12-04,cobija,-11.318621533433573,-11.897255586965244,57.863405353167074,green
2022-12-11,cobija,-11.311360349641655,-11.538763059001868,22.74027093602129,green
2022-12-18,cobija,,,,
2022-12-25,cobija,-11.852185508784151,-12.866062489639056,101.38769808549046,green
2023-01-01,cobija,,-11.911283265955165,,
2023-01-08,cobija,-11.738265004650946,-11.607913347079906,-13.03516575710404,red
2023-01-15,cobija,-11.575149174709457,-11.315640800706873,-25.950837400258386,red
2023-01-22,cobija,-11.285919183574348,-12.256552402397778,97.06332188234299,green
2023-01-29,cobija,-11.38850932335207,-11.30337097468312,-8.513834866895031,red
2023-02-05,cobija,,-12.086344382121487,,
2023-02-12,cobija,-11.884076543130991,-12.246855522242921,36.27789791119298,green
2023-02-19,cobija,-11.924758734550037,,,
2023-02-26,cobija,-12.033109308698606,-11.875733813240565,-15.737549545804086,red
2023-03-05,cobija,-11.648178584902931,,,
2023-03-12,cobija,,-12.04729482586003,,
2023-03-19,cobija,-11.983480865383688,-11.694822281409827,-28.865858397386113,red
2023-03-26,cobija,,,,
2023-04-02,cobija,-11.378218523663287,,,
2023-04-09,cobija,-11.960133139334829,-12.563221507006869,60.308836767204,green
2023-04-16,cobija,-12.456409683578446,-12.32912931991956,-12.728036365888684,red
2023-04-23,cobija,,-11.726282912069118,,
2023-04-30,cobija,-11.790800222297625,-12.881697940541903,109.08977182442783,green
2023-05-07,cobija,,-11.462196242899143,,
2023-05-14,cobija,,,,
2023-05-21,cobija,-11.425589533223398,-11.698994124892982,27.340459166958375,green
2023-05-28,cobija,,,,
2023-06-04,cobija,,,,
2023-06-11,cobija,-11.189250476597255,-11.840221827619636,65.09713510223811,green
2023-06-18,cobija,-11.692030242552892,-11.557870269471952,-13.415997308094063,red
2023-06-25,cobija,-11.510428963676407,-11.734397188175167,22.39682244987602,green
2023-07-02,cobija,-11.554674496133416,-11.614369493234676,5.969499710126058,green
2023-07-09,cobija,-11.662526777221043,-11.986709920720088,32.41831434990452,green
2023-07-16,cobija,-11.782657256677462,-11.821825741218351,3.916848454088928,yellow
2023-07-23,cobija,-11.17535972009521,-12.602229915020882,142.68701949256712,green
2023-07-30,cobija,-11.2319425986697,-11.510249077762625,27.830647909292416,green
2023-08-06,cobija,-11.082879924576625,,,
2023-08-13,cobija,-11.373961875176898,-10.589136939250187,-78.48249359267108,red
2023-08-20,cobija,-10.78835709626203,-11.300343113333199,51.19860170711679,green
2023-08-27,cobija,-11.787093595321915,-10.27245454441767,-151.4639050904245,red
2023-09-03,cobija,-10.904765735853799,-10.437018270679205,-46.77474651745932,red
2023-09-10,cobija,-10.618605252436506,-10.571890281056834,-4.671497137967151,yellow
2023-09-17,cobija,-10.522180736674802,-10.754684605220456,23.25038685456544,green
2023-09-24,cobija,-10.512268562799157,-10.520040911873325,0.7772349074167906,yellow
2023-10-01,cobija,,-10.843472830587244,,
2023-10-08,cobija,-10.776892671806737,-10.475550631682573,-30.134204012416355,red
2023-10-15,cobija,-10.979161794675889,,,
2023-10-22,cobija,-11.175563983412331,-10.967594767048316,-20.7969216364015,red
2023-10-29,cobija,-11.545997608887271,,,
2023-11-05,cobija,-11.464492978675677,-11.220647823123691,-24.384515555198583,red
2023-11-12,cobija,-11.468872659315249,-11.214067219907463,-25.48054394077859,red
2023-11-19,cobija,-11.642988910091699,-12.018358057559656,37.5369147467957,green
2023-11-26,cobija,-12.015011563518671,-11.367131584087343,-64.78799794313286,red
2023-12-03,cobija,,-11.318621533433573,,
2023-12-10,cobija,,-11.311360349641655,,
2023-12-17,cobija,-11.416265985237265,,,
2023-12-24,cobija,-12.171703750149835,-11.852185508784151,-31.95182413656834,red
2023-12-31,cobija,-12.568060175627444,,,
2024-01-07,cobija,-11.631853428925453,-11.738265004650946,10.641157572549353,green
2024-01-14,cobija,-11.875280074122404,-11.575149174709457,-30.0130899412947,red
2024-01-21,cobija,,-11.285919183574348,,
2024-01-28,cobija,-11.943318767182111,-11.38850932335207,-55.48094438300417,red
2024-02-04,cobija,-11.337280703772384,,,
2024-02-11,cobija,-11.787940138451939,-11.884076543130991,9.613640467905249,green
2024-02-18,cobija,-11.817078255027234,-11.924758734550037,10.76804795228039,green
2024-02-25,cobija,,-12.033109308698606,,
2024-03-03,cobija,,-11.648178584902931,,
2024-03-10,cobija,-11.967499145215431,,,
2024-03-17,cobija,-12.742023154937055,-11.983480865383688,-75.85422895533665,red
2024-03-24,cobija,-12.426348121159421,,,
2024-03-31,cobija,-11.915145488323603,-11.378218523663287,-53.69269646603154,red
2024-04-07,cobija,-12.261204123849984,-11.960133139334829,-30.10709845151549,red
2024-04-14,cobija,-11.96084499528591,-12.456409683578446,49.556468829253575,green
2024-04-21,cobija,-11.6145306432258,,,
2024-04-28,cobija,-14.480861612510541,-11.790800222297625,-269.00613902129163,red
2024-05-05,cobija,-11.786881407990938,,,
2024-05-12,cobija,-11.970152465397758,,,
2024-05-19,cobija,,-11.425589533223398,,
2024-05-26,cobija,,,,
2024-06-02,cobija,-11.989755316383077,,,
2024-06-09,cobija,-11.751164614663203,-11.189250476597255,-56.19141380659478,red
2024-06-16,cobija,-11.68892875469333,-11.692030242552892,0.3101487859561658,yellow
2024-06-23,cobija,-14.124367578888435,-11.510428963676407,-261.3938615212028,red
2024-06-30,cobija,-12.283190571968706,-11.554674496133416,-72.85160758352909,red
2024-07-07,cobija,-11.820562348081317,-11.662526777221043,-15.803557086027453,red
2024-07-14,cobija,-11.554817056915129,-11.782657256677462,22.78401997623334,green
2024-07-21,cobija,-10.975761829975903,-11.17535972009521,19.959789011930695,green
2024-07-28,cobija,-11.19630544163638,-11.2319425986697,3.563715703332093,yellow
2024-08-04,cobija,-11.381584300418726,-11.082879924576625,-29.87043758421013,red
2024-08-11,cobija,-10.979752759378243,-11.373961875176898,39.420911579865425,green
2024-08-18,cobija,-10.2465422119974,-10.78835709626203,54.181488426463,green
2024-08-25,cobija,-11.20453744506803,-11.787093595321915,58.25561502538843,green
2024-09-01,cobija,,-10.904765735853799,,
2024-09-08,cobija,,-10.618605252436506,,
2024-09-15,cobija,,-10.522180736674802,,
2024-09-22,cobija,,-10.512268562799157,,
2024-09-29,cobija,,,,
2024-10-06,cobija,-10.573208022170467,-10.776892671806737,20.36846496362692,green
2024-10-13,cobija,-10.97349435381596,-10.979161794675889,0.5667440859928874,yellow
2024-10-20,cobija,-11.869012120144324,-11.175563983412331,-69.3448136731993,red
2024-10-27,cobija,-11.487257865713389,-11.545997608887271,5.873974317388253,green
2024-11-03,cobija,-11.588234914813318,-11.464492978675677,-12.374193613764106,red
2024-11-10,cobija,,-11.468872659315249,,
2024-11-17,cobija,,-11.642988910091699,,
2024-11-24,cobija,-11.69694930756982,-12.015011563518671,31.806225594885085,green
2024-12-01,cobija,-12.042939537666454,,,
2024-12-08,cobija,-11.808695699583081,,,
2024-12-15,cobija,-11.61055735049238,-11.416265985237265,-19.42913652551148,red
2024-12-22,cobija,-11.730310653210587,-12.171703750149835,44.139309693924744,green
2024-12-29,cobija,-11.474263946614169,-12.568060175627444,109.37962290132752,green
2025-01-05,cobija,-11.434917399102483,-11.631853428925453,19.693602982296987,green
2025-01-12,cobija,-12.088119092087732,-11.875280074122404,-21.283901796532767,red
2025-01-19,cobija,-11.507475926898385,,,
2025-01-26,cobija,,-11.943318767182111,,
2025-02-02,cobija,-11.744942835727437,-11.337280703772384,-40.76621319550533,red
2025-02-09,cobija,,-11.787940138451939,,
2025-02-16,cobija,-11.497888698215215,-11.817078255027234,31.918955681201844,green
2025-02-23,cobija,,,,
2025-03-02,cobija,,,,
2025-03-09,cobija,-11.738972890086272,-11.967499145215431,22.852625512915914,green
2025-03-16,cobija,,-12.742023154937055,,
2025-03-23,cobija,-11.591531420246168,-12.426348121159421,83.48167009132527,green
2025-03-30,cobija,,-11.915145488323603,,
2025-04-06,cobija,,-12.261204123849984,,
2025-04-13,cobija,-13.022330740951592,-11.96084499528591,-106.14857456656814,red
2025-04-20,cobija,,-11.6145306432258,,
2025-04-27,cobija,-12.124578038976036,-14.480861612510541,235.62835735345047,green
2025-05-04,cobija,-12.052767216386282,-11.786881407990938,-26.588580839534437,red
2025-05-11,cobija,-11.675170771519083,-11.970152465397758,29.498169387867534,green
2025-05-18,cobija,-11.90047480560068,,,
2025-05-25,cobija,-13.663407930957726,,,
2025-06-01,cobija,-11.454888289580067,-11.989755316383077,53.48670268030098,green
2025-06-08,cobija,-11.92793346622057,-11.751164614663203,-17.6768851557366,red
2025-06-15,cobija,-11.961965086137251,-11.68892875469333,-27.30363314439206,red
2025-06-22,cobija,,-14.124367578888435,,
2025-06-29,cobija,,-12.283190571968706,,
2025-07-06,cobija,-11.71597844490139,-11.820562348081317,10.458390317992716,green
2025-07-13,cobija,-11.481850923069276,-11.554817056915129,7.296613384585271,green
2025-07-20,cobija,-11.134348857144195,-10.975761829975903,-15.858702716829143,red
2025-07-27,cobija,-11.443163015384123,-11.19630544163638,-24.685757374774298,red
2025-08-03,cobija,-11.454979480224699,-11.381584300418726,-7.339517980597243,red
2025-08-10,cobija,-11.483821876207758,-10.979752759378243,-50.40691168295144,red
2025-08-17,cobija,-10.72520382309457,-10.2465422119974,-47.866161109717,red
2025-08-24,cobija,,-11.20453744506803,,
2025-08-31,cobija,-10.7304183426663,,,
2025-09-07,cobija,-11.563632997211366,,,
2025-09-14,cobija,-10.688615453122798,,,
2025-09-21,cobija,-10.804525480056526,,,
2025-09-28,cobija,-10.816403545505352,,,
2025-10-05,cobija,-11.592938663793026,-10.573208022170467,-101.97306416225587,red
2025-10-12,cobija,-10.874884635738123,-10.97349435381596,9.860971807783692,green
2025-10-19,cobija,-11.323438874759038,-11.869012120144324,54.55732453852864,green
2025-10-26,cobija,,-11.487257865713389,,
2025-11-02,cobija,,-11.588234914813318,,
2025-11-09,cobija,,,,
2025-11-16,cobija,-11.786388531655541,,,
2025-11-23,cobija,,-11.69694930756982,,
2025-11-30,cobija,-11.103017306907038,-12.042939537666454,93.99222307594161,green
2025-12-07,cobija,,-11.808695699583081,,
2025-12-14,cobija,,-11.61055735049238,,
2025-12-21,cobija,-11.86465424915908,-11.730310653210587,-13.434359594849354,red
2025-12-28,cobija,,-11.474263946614169,,
2026-01-04,cobija,-12.101324387668818,-11.434917399102483,-66.64069885663349,red
2026-01-11,cobija,-11.827598984970239,-12.088119092087732,26.05201071174932,green
2026-01-18,cobija,-11.492773256661003,-11.507475926898385,1.470267023738181,yellow
2026-01-25,cobija,,,,
2026-02-01,cobija,-11.839126049509396,-11.744942835727437,-9.418321378195849,red
2026-02-08,cobija,-12.090783922207526,,,
2026-02-15,cobija,,-11.497888698215215,,
2026-02-22,cobija,-12.736836269399824,,,
2026-03-01,cobija,-11.560667845929778,,,
2026-03-08,cobija,-12.018313543562869,-11.738972890086272,-27.934065347659676,red
2026-03-15,cobija,,,,
2026-03-22,cobija,,-11.591531420246168,,
2026-03-29,cobija,,,,
2026-04-05,cobija,,,,
2026-04-12,cobija,,-13.022330740951592,,
2026-04-19,cobija,,,,
2026-04-26,cobija,-11.748161245762121,-12.124578038976036,37.641679321391486,green
2026-05-03,cobija,,-12.052767216386282,,
2026-05-10,cobija,-11.905395876800794,-11.675170771519083,-23.022510528171125,red
2018-07-01,cochabamba,,,,
2018-07-08,cochabamba,-9.613626014022975,,,
2018-07-15,cochabamba,-10.194993000817883,,,
2018-07-22,cochabamba,-10.175490160076173,,,
2018-07-29,cochabamba,-9.935138940319886,,,
2018-08-05,cochabamba,-10.128895016070667,,,
2018-08-12,cochabamba,-10.240987254216071,,,
2018-08-19,cochabamba,-9.911791994383092,,,
2018-08-26,cochabamba,-9.716939269130176,,,
2018-09-02,cochabamba,-10.074090613071775,,,
2018-09-09,cochabamba,-9.714801667701007,,,
2018-09-16,cochabamba,-10.011532464903075,,,
2018-09-23,cochabamba,-10.253970729459546,,,
2018-09-30,cochabamba,-10.158933607616921,,,
2018-10-07,cochabamba,-10.685261900303809,,,
2018-10-14,cochabamba,,,,
2018-10-21,cochabamba,-10.641325658488148,,,
2018-10-28,cochabamba,-10.518514054529696,,,
2018-11-04,cochabamba,-10.9660528939225,,,
2018-11-11,cochabamba,-10.485572772420007,,,
2018-11-18,cochabamba,-10.745070433299963,,,
2018-11-25,cochabamba,-10.704501258775387,,,
2018-12-02,cochabamba,-10.895336510709425,,,
2018-12-09,cochabamba,-10.635375069638636,,,
2018-12-16,cochabamba,-10.71173510260519,,,
2018-12-23,cochabamba,-11.890187582176303,,,
2018-12-30,cochabamba,,,,
2019-01-06,cochabamba,-11.25177939397066,,,
2019-01-13,cochabamba,-11.560131058618747,,,
2019-01-20,cochabamba,-10.658720307998468,,,
2019-01-27,cochabamba,-10.63338632627881,,,
2019-02-03,cochabamba,,,,
2019-02-10,cochabamba,-10.574662353672986,,,
2019-02-17,cochabamba,-10.803970553626357,,,
2019-02-24,cochabamba,-10.507978486714475,,,
2019-03-03,cochabamba,-10.63733531508894,,,
2019-03-10,cochabamba,-10.692912322642877,,,
2019-03-17,cochabamba,-11.180954215384768,,,
2019-03-24,cochabamba,-10.677577422427918,,,
2019-03-31,cochabamba,-10.984142894088718,,,
2019-04-07,cochabamba,-10.642913972412657,,,
2019-04-14,cochabamba,-10.403305997188673,,,
2019-04-21,cochabamba,-10.505766783349207,,,
2019-04-28,cochabamba,-10.692806474889998,,,
2019-05-05,cochabamba,-10.180086175794779,,,
2019-05-12,cochabamba,-10.48980179687541,,,
2019-05-19,cochabamba,-9.953873081154065,,,
2019-05-26,cochabamba,-10.317067879399762,,,
2019-06-02,cochabamba,-10.075810193252636,,,
2019-06-09,cochabamba,-9.753083447400702,,,
2019-06-16,cochabamba,-9.79842664645695,,,
2019-06-23,cochabamba,-9.962096553375725,,,
2019-06-30,cochabamba,-9.8514620518595,,,
2019-07-07,cochabamba,-9.773316325093303,-9.613626014022975,-15.969031107032805,red
2019-07-14,cochabamba,-9.755945620766289,-10.194993000817883,43.904738005159416,green
2019-07-21,cochabamba,-10.292895116259764,-10.175490160076173,-11.740495618359148,red
2019-07-28,cochabamba,-9.946960331956763,-9.935138940319886,-1.182139163687701,yellow
2019-08-04,cochabamba,-9.713267556579568,-10.128895016070667,41.562745949109825,green
2019-08-11,cochabamba,-9.896368427754854,-10.240987254216071,34.461882646121644,green
2019-08-18,cochabamba,-9.565510598100657,-9.911791994383092,34.62813962824356,green
2019-08-25,cochabamba,-9.813391592936675,-9.716939269130176,-9.645232380649915,red
2019-09-01,cochabamba,-9.803175627030182,-10.074090613071775,27.09149860415927,green
2019-09-08,cochabamba,-10.263059947277686,-9.714801667701007,-54.82582795766788,red
2019-09-15,cochabamba,-10.279145897100964,-10.011532464903075,-26.76134321978889,red
2019-09-22,cochabamba,-10.035991521347233,-10.253970729459546,21.797920811231286,green
2019-09-29,cochabamba,-9.910103320664245,-10.158933607616921,24.88302869526766,green
2019-10-06,cochabamba,-10.431151199628161,-10.685261900303809,25.4110700675648,green
2019-10-13,cochabamba,-10.480234831567659,,,
2019-10-20,cochabamba,-11.223673541444944,-10.641325658488148,-58.23478829567961,red
2019-10-27,cochabamba,-10.510389575573557,-10.518514054529696,0.8124478956139214,yellow
2019-11-03,cochabamba,-11.557259960910109,-10.9660528939225,-59.120706698760905,red
2019-11-10,cochabamba,,-10.485572772420007,,
2019-11-17,cochabamba,-10.998045201899638,-10.745070433299963,-25.29747685996746,red
2019-11-24,cochabamba,-10.848580637823975,-10.704501258775387,-14.40793790485877,red
2019-12-01,cochabamba,-11.017380289552085,-10.895336510709425,-12.204377884265938,red
2019-12-08,cochabamba,-11.383095253034485,-10.635375069638636,-74.77201833958489,red
2019-12-15,cochabamba,,-10.71173510260519,,
2019-12-22,cochabamba,-11.22320635991247,-11.890187582176303,66.6981222263832,green
2019-12-29,cochabamba,-10.48044036299802,,,
2020-01-05,cochabamba,-10.64218338726101,-11.25177939397066,60.95960067096495,green
2020-01-12,cochabamba,-10.963917995053958,-11.560131058618747,59.621306356478954,green
2020-01-19,cochabamba,-11.056342236037649,-10.658720307998468,-39.76219280391806,red
2020-01-26,cochabamba,-10.58677671878451,-10.63338632627881,4.660960749430032,yellow
2020-02-02,cochabamba,,,,
2020-02-09,cochabamba,,-10.574662353672986,,
2020-02-16,cochabamba,,-10.803970553626357,,
2020-02-23,cochabamba,-10.950278083865243,-10.507978486714475,-44.22995971507682,red
2020-03-01,cochabamba,-11.153955492240309,-10.63733531508894,-51.66201771513688,red
2020-03-08,cochabamba,-10.41240578325562,-10.692912322642877,28.050653938725745,green
2020-03-15,cochabamba,-10.948078528195369,-11.180954215384768,23.287568718939866,green
2020-03-22,cochabamba,-11.06126034199977,-10.677577422427918,-38.368291957185185,red
2020-03-29,cochabamba,-11.409472637936698,-10.984142894088718,-42.53297438479802,red
2020-04-05,cochabamba,-11.588697784306959,-10.642913972412657,-94.57838118943016,red
2020-04-12,cochabamba,-11.573107434500903,-10.403305997188673,-116.98014373122305,red
2020-04-19,cochabamba,-11.514401864232251,-10.505766783349207,-100.86350808830443,red
2020-04-26,cochabamba,-11.41363473971964,-10.692806474889998,-72.08282648296418,red
2020-05-03,cochabamba,-11.47222592141667,-10.180086175794779,-129.2139745621892,red
2020-05-10,cochabamba,-11.673060637499379,-10.48980179687541,-118.32588406239691,red
2020-05-17,cochabamba,-11.319627555419357,-9.953873081154065,-136.57544742652928,red
2020-05-24,cochabamba,-11.160853348445224,-10.317067879399762,-84.37854690454625,red
2020-05-31,cochabamba,-10.769892090259159,-10.075810193252636,-69.4081897006523,red
2020-06-07,cochabamba,-11.204984920568872,-9.753083447400702,-145.19014731681708,red
2020-06-14,cochabamba,-10.550551534695801,-9.79842664645695,-75.21248882388517,red
2020-06-21,cochabamba,-10.355525280209307,-9.962096553375725,-39.34287268335819,red
2020-06-28,cochabamba,-10.307627764418262,-9.8514620518595,-45.61657125587626,red
2020-07-05,cochabamba,-10.989308695644805,-9.773316325093303,-121.59923705515024,red
2020-07-12,cochabamba,-11.15626805907789,-9.755945620766289,-140.03224383116014,red
2020-07-19,cochabamba,-10.396857104916736,-10.292895116259764,-10.396198865697137,red
2020-07-26,cochabamba,-10.164479467515362,-9.946960331956763,-21.751913555859836,red
2020-08-02,cochabamba,-10.092860846171423,-9.713267556579568,-37.959328959185434,red
2020-08-09,cochabamba,-9.971761514432265,-9.896368427754854,-7.539308667741018,red
2020-08-16,cochabamba,-10.48219957830516,-9.565510598100657,-91.66889802045031,red
2020-08-23,cochabamba,-10.422924672106289,-9.813391592936675,-60.953307916961386,red
2020-08-30,cochabamba,-10.201814180456898,-9.803175627030182,-39.863855342671606,red
2020-09-06,cochabamba,-9.903082317880033,-10.263059947277686,35.99776293976529,green
2020-09-13,cochabamba,-10.089709237084515,-10.279145897100964,18.94366600164492,green
2020-09-20,cochabamba,-10.243484239508756,-10.035991521347233,-20.749271816152337,red
2020-09-27,cochabamba,-10.132719391718368,-9.910103320664245,-22.261607105412295,red
2020-10-04,cochabamba,-10.629691079702374,-10.431151199628161,-19.853988007421286,red
2020-10-11,cochabamba,-11.19702105331305,-10.480234831567659,-71.67862217453909,red
2020-10-18,cochabamba,-11.052810077460858,-11.223673541444944,17.08634639840856,green
2020-10-25,cochabamba,-10.954883484694086,-10.510389575573557,-44.449390912052955,red
2020-11-01,cochabamba,-10.511516442190903,-11.557259960910109,104.57435187192061,green
2020-11-08,cochabamba,-10.95560531252243,,,
2020-11-15,cochabamba,-10.703271597422267,-10.998045201899638,29.477360447737055,green
2020-11-22,cochabamba,-10.94495995512575,-10.848580637823975,-9.637931730177485,red
2020-11-29,cochabamba,-10.535509402257082,-11.017380289552085,48.18708872950026,green
2020-12-06,cochabamba,-11.39041229146175,-11.383095253034485,-0.7317038427265388,yellow
2020-12-13,cochabamba,-11.049557148211008,,,
2020-12-20,cochabamba,-10.970970611560725,-11.22320635991247,25.223574835174567,green
2020-12-27,cochabamba,-11.12890649709444,-10.48044036299802,-64.84661340964183,red
2021-01-03,cochabamba,,-10.64218338726101,,
2021-01-10,cochabamba,,-10.963917995053958,,
2021-01-17,cochabamba,-11.187630525409292,-11.056342236037649,-13.128828937164272,red
2021-01-24,cochabamba,,-10.58677671878451,,
2021-01-31,cochabamba,-10.87835650145015,,,
2021-02-07,cochabamba,-10.726178297053044,,,
2021-02-14,cochabamba,-11.091663590202,,,
2021-02-21,cochabamba,,-10.950278083865243,,
2021-02-28,cochabamba,-10.616993793929511,-11.153955492240309,53.69616983107974,green
2021-03-07,cochabamba,-11.162701309287492,-10.41240578325562,-75.02955260318717,red
2021-03-14,cochabamba,-10.538870494435436,-10.948078528195369,40.92080337599331,green
2021-03-21,cochabamba,-11.284732242105587,-11.06126034199977,-22.34719001058174,red
2021-03-28,cochabamba,-11.166357225478796,-11.409472637936698,24.311541245790202,green
2021-04-04,cochabamba,,-11.588697784306959,,
2021-04-11,cochabamba,-10.827855113987246,-11.573107434500903,74.52523205136572,green
2021-04-18,cochabamba,-10.913484507951184,-11.514401864232251,60.09173562810677,green
2021-04-25,cochabamba,-10.610004752079549,-11.41363473971964,80.36299876400915,green
2021-05-02,cochabamba,-10.339510335301386,-11.47222592141667,113.27155861152853,green
2021-05-09,cochabamba,-10.285521436490727,-11.673060637499379,138.75392010086517,green
2021-05-16,cochabamba,-10.406944349978344,-11.319627555419357,91.2683205441013,green
2021-05-23,cochabamba,-10.2766264443193,-11.160853348445224,88.42269041259243,green
2021-05-30,cochabamba,-10.640918007774093,-10.769892090259159,12.897408248506537,green
2021-06-06,cochabamba,-10.476150494592328,-11.204984920568872,72.88344259765438,green
2021-06-13,cochabamba,-10.610710057261786,-10.550551534695801,-6.015852256598464,red
2021-06-20,cochabamba,-10.40835596528407,-10.355525280209307,-5.2830685074763295,red
2021-06-27,cochabamba,-10.54389784972804,-10.307627764418262,-23.62700853097781,red
2021-07-04,cochabamba,-10.05444883839101,-10.989308695644805,93.48598572537945,green
2021-07-11,cochabamba,-9.680784585834207,-11.15626805907789,147.5483473243683,green
2021-07-18,cochabamba,-9.955166440178155,-10.396857104916736,44.16906647385801,green
2021-07-25,cochabamba,-10.148097669572037,-10.164479467515362,1.6381797943324727,yellow
2021-08-01,cochabamba,-10.064277989032503,-10.092860846171423,2.858285713891995,yellow
2021-08-08,cochabamba,-9.992988583433545,-9.971761514432265,-2.1227069001280796,yellow
2021-08-15,cochabamba,-10.001156885405655,-10.48219957830516,48.10426928995053,green
2021-08-22,cochabamba,-9.746590914768055,-10.422924672106289,67.63337573382344,green
2021-08-29,cochabamba,-10.41004596881366,-10.201814180456898,-20.82317883567626,red
2021-09-05,cochabamba,-10.160237062143516,-9.903082317880033,-25.715474426348273,red
2021-09-12,cochabamba,-10.307906559079177,-10.089709237084515,-21.819732199466202,red
2021-09-19,cochabamba,-10.176131667319234,-10.243484239508756,6.735257218952206,green
2021-09-26,cochabamba,-10.296703134975385,-10.132719391718368,-16.39837432570168,red
2021-10-03,cochabamba,-10.475158964189943,-10.629691079702374,15.453211551243129,green
2021-10-10,cochabamba,-10.721905243298032,-11.19702105331305,47.511581001501746,green
2021-10-17,cochabamba,-10.769870770586763,-11.052810077460858,28.293930687409485,green
2021-10-24,cochabamba,-10.464185087976412,-10.954883484694086,49.06983967176739,green
2021-10-31,cochabamba,-10.32373815424897,-10.511516442190903,18.77782879419332,green
2021-11-07,cochabamba,-11.102627141253919,-10.95560531252243,-14.702182873148928,red
2021-11-14,cochabamba,-10.884536216706286,-10.703271597422267,-18.126461928401838,red
2021-11-21,cochabamba,-10.61584352190484,-10.94495995512575,32.91164332209107,green
2021-11-28,cochabamba,-11.151193651467437,-10.535509402257082,-61.568424921035536,red
2021-12-05,cochabamba,,-11.39041229146175,,
2021-12-12,cochabamba,-10.947251222312635,-11.049557148211008,10.23059258983725,green
2021-12-19,cochabamba,-11.021099684090697,-10.970970611560725,-5.012907252997145,red
2021-12-26,cochabamba,,-11.12890649709444,,
2022-01-02,cochabamba,-11.05824083488508,,,
2022-01-09,cochabamba,-10.765812835409442,,,
2022-01-16,cochabamba,-10.981125026611934,-11.187630525409292,20.650549879735713,green
2022-01-23,cochabamba,-10.799674031742596,,,
2022-01-30,cochabamba,-11.06961523984111,-10.87835650145015,-19.125873839095853,red
2022-02-06,cochabamba,-11.538051882340714,-10.726178297053044,-81.18735852876694,red
2022-02-13,cochabamba,-10.856075203872773,-11.091663590202,23.55883863292263,green
2022-02-20,cochabamba,-10.837491733927127,,,
2022-02-27,cochabamba,-10.858408760810832,-10.616993793929511,-24.141496688132058,red
2022-03-06,cochabamba,-10.752993542725825,-11.162701309287492,40.97077665616666,green
2022-03-13,cochabamba,-10.526767083110526,-10.538870494435436,1.2103411324909885,yellow
2022-03-20,cochabamba,-11.22624201287523,-11.284732242105587,5.8490229230356405,green
2022-03-27,cochabamba,-10.9463776046918,-11.166357225478796,21.99796207869955,green
2022-04-03,cochabamba,-10.708509432645789,,,
2022-04-10,cochabamba,-11.052237645449416,-10.827855113987246,-22.438253146217058,red
2022-04-17,cochabamba,-10.77221552418319,-10.913484507951184,14.126898376799346,green
2022-04-24,cochabamba,-10.320888086824397,-10.610004752079549,28.911666525515223,green
2022-05-01,cochabamba,-10.269909254852724,-10.339510335301386,6.960108044866153,green
2022-05-08,cochabamba,-10.403528809315462,-10.285521436490727,-11.800737282473506,red
2022-05-15,cochabamba,-10.360346086715259,-10.406944349978344,4.659826326308547,yellow
2022-05-22,cochabamba,-10.090928114358233,-10.2766264443193,18.569832996106683,green
2022-05-29,cochabamba,-10.237714807251946,-10.640918007774093,40.320320052214775,green
2022-06-05,cochabamba,-10.718418977166172,-10.476150494592328,-24.226848257384326,red
2022-06-12,cochabamba,-10.107465146861383,-10.610710057261786,50.324491040040265,green
2022-06-19,cochabamba,-10.055038523435494,-10.40835596528407,35.331744184857605,green
2022-06-26,cochabamba,-10.408325883482178,-10.54389784972804,13.557196624586254,green
2022-07-03,cochabamba,-9.922563125552038,-10.05444883839101,13.188571283897232,green
2022-07-10,cochabamba,-10.044440948917414,-9.680784585834207,-36.36563630832068,red
2022-07-17,cochabamba,-10.320402746206035,-9.955166440178155,-36.52363060278798,red
2022-07-24,cochabamba,-9.85952668381616,-10.148097669572037,28.857098575587692,green
2022-07-31,cochabamba,-9.854485359110273,-10.064277989032503,20.979262992223013,green
2022-08-07,cochabamba,-9.990840178134686,-9.992988583433545,0.21484052988594016,yellow
2022-08-14,cochabamba,-9.82499000660097,-10.001156885405655,17.61668788046844,green
2022-08-21,cochabamba,-9.969091116689127,-9.746590914768055,-22.2500201921072,red
2022-08-28,cochabamba,-9.835478706703874,-10.41004596881366,57.45672621097864,green
2022-09-04,cochabamba,-10.118402181612577,-10.160237062143516,4.183488053093853,yellow
2022-09-11,cochabamba,-10.035429776016828,-10.307906559079177,27.247678306234846,green
2022-09-18,cochabamba,-10.291693078681197,-10.176131667319234,-11.556141136196274,red
2022-09-25,cochabamba,-10.335875001913484,-10.296703134975385,-3.9171866938099598,yellow
2022-10-02,cochabamba,-10.324307897256963,-10.475158964189943,15.085106693297945,green
2022-10-09,cochabamba,-10.284600120797617,-10.721905243298032,43.73051225004154,green
2022-10-16,cochabamba,-10.527265243412192,-10.769870770586763,24.260552717457173,green
2022-10-23,cochabamba,-10.485926681383255,-10.464185087976412,-2.174159340684234,yellow
2022-10-30,cochabamba,-10.46447941210544,-10.32373815424897,-14.074125785647063,red
2022-11-06,cochabamba,-10.548300573158485,-11.102627141253919,55.432656809543346,green
2022-11-13,cochabamba,-10.858069151563722,-10.884536216706286,2.6467065142563584,yellow
2022-11-20,cochabamba,-10.580930272017918,-10.61584352190484,3.491324988692135,yellow
2022-11-27,cochabamba,-10.882494695832925,-11.151193651467437,26.86989556345125,green
2022-12-04,cochabamba,-10.855213722183453,,,
2022-12-11,cochabamba,-11.360554065548355,-10.947251222312635,-41.33028432357193,red
2022-12-18,cochabamba,-10.973800602073728,-11.021099684090697,4.729908201696809,yellow
2022-12-25,cochabamba,-10.741235304212601,,,
2023-01-01,cochabamba,-10.96493709555963,-11.05824083488508,9.330373932544944,green
2023-01-08,cochabamba,-10.535466803609511,-10.765812835409442,23.034603179993063,green
2023-01-15,cochabamba,-10.638771365115932,-10.981125026611934,34.23536614960021,green
2023-01-22,cochabamba,-10.866364307829436,-10.799674031742596,-6.669027608683997,red
2023-01-29,cochabamba,-12.10496326962715,-11.06961523984111,-103.53480297860412,red
2023-02-05,cochabamba,,-11.538051882340714,,
2023-02-12,cochabamba,-10.810996535270467,-10.856075203872773,4.507866860230614,yellow
2023-02-19,cochabamba,-10.912847403129085,-10.837491733927127,-7.535566920195791,red
2023-02-26,cochabamba,-11.090431039883779,-10.858408760810832,-23.20222790729467,red
2023-03-05,cochabamba,-10.913823815696864,-10.752993542725825,-16.083027297103847,red
2023-03-12,cochabamba,-10.817280670204227,-10.526767083110526,-29.051358709370056,red
2023-03-19,cochabamba,-10.822973621545595,-11.22624201287523,40.3268391329636,green
2023-03-26,cochabamba,-11.637508994124758,-10.9463776046918,-69.11313894329574,red
2023-04-02,cochabamba,-10.819541328192267,-10.708509432645789,-11.103189554647841,red
2023-04-09,cochabamba,-10.471812607945333,-11.052237645449416,58.042503750408336,green
2023-04-16,cochabamba,-10.537842889749205,-10.77221552418319,23.437263443398493,green
2023-04-23,cochabamba,-10.341035445118669,-10.320888086824397,-2.0147358294272166,yellow
2023-04-30,cochabamba,-10.504826197573285,-10.269909254852724,-23.49169427205613,red
2023-05-07,cochabamba,-10.724301901214002,-10.403528809315462,-32.07730918985394,red
2023-05-14,cochabamba,-10.126464579898723,-10.360346086715259,23.388150681653563,green
2023-05-21,cochabamba,-10.038379467437878,-10.090928114358233,5.254864692035532,green
2023-05-28,cochabamba,-10.159010072362058,-10.237714807251946,7.870473488988772,green
2023-06-04,cochabamba,-9.957771254214157,-10.718418977166172,76.06477229520152,green
2023-06-11,cochabamba,-9.921037894486643,-10.107465146861383,18.64272523747399,green
2023-06-18,cochabamba,-10.019714748020075,-10.055038523435494,3.532377541541898,yellow
2023-06-25,cochabamba,-9.849593099232624,-10.408325883482178,55.87327842495533,green
2023-07-02,cochabamba,-9.75755382401142,-9.922563125552038,16.500930154061777,green
2023-07-09,cochabamba,-9.657801850215337,-10.044440948917414,38.66390987020765,green
2023-07-16,cochabamba,-9.835101228676505,-10.320402746206035,48.53015175295301,green
2023-07-23,cochabamba,-9.809306351241828,-9.85952668381616,5.0220332574332005,green
2023-07-30,cochabamba,-10.095206533358313,-9.854485359110273,-24.072117424804063,red
2023-08-06,cochabamba,-9.677996137535779,-9.990840178134686,31.284404059890747,green
2023-08-13,cochabamba,-10.025253755457442,-9.82499000660097,-20.026374885647158,red
2023-08-20,cochabamba,-9.72385421602068,-9.969091116689127,24.523690066844672,green
2023-08-27,cochabamba,-9.80604416718094,-9.835478706703874,2.9434539522934955,yellow
2023-09-03,cochabamba,-10.043120617339769,-10.118402181612577,7.528156427280841,green
2023-09-10,cochabamba,-10.266648966270491,-10.035429776016828,-23.12191902536629,red
2023-09-17,cochabamba,-10.08264750507432,-10.291693078681197,20.904557360687726,green
2023-09-24,cochabamba,-10.095452636668961,-10.335875001913484,24.04223652445232,green
2023-10-01,cochabamba,-10.244885663506526,-10.324307897256963,7.942223375043689,green
2023-10-08,cochabamba,-10.54713489388848,-10.284600120797617,-26.253477309086293,red
2023-10-15,cochabamba,-10.369338813471833,-10.527265243412192,15.792642994035866,green
2023-10-22,cochabamba,-10.982818802191733,-10.485926681383255,-49.68921208084787,red
2023-10-29,cochabamba,-10.446624584394305,-10.46447941210544,1.7854827711135002,yellow
2023-11-05,cochabamba,-10.646592765018404,-10.548300573158485,-9.829219185991889,red
2023-11-12,cochabamba,-11.24508565165045,-10.858069151563722,-38.70165000867285,red
2023-11-19,cochabamba,-11.374215483750408,-10.580930272017918,-79.32852117324902,red
2023-11-26,cochabamba,-10.911224690096226,-10.882494695832925,-2.872999426330125,yellow
2023-12-03,cochabamba,-11.639810888300774,-10.855213722183453,-78.45971661173206,red
2023-12-10,cochabamba,,-11.360554065548355,,
2023-12-17,cochabamba,-11.030641081789966,-10.973800602073728,-5.684047971623762,red
2023-12-24,cochabamba,-10.969227630547794,-10.741235304212601,-22.799232633519217,red
2023-12-31,cochabamba,-11.288360068385558,-10.96493709555963,-32.342297282592725,red
2024-01-07,cochabamba,-10.924000388896891,-10.535466803609511,-38.85335852873801,red
2024-01-14,cochabamba,-10.81286549421973,-10.638771365115932,-17.409412910379807,red
2024-01-21,cochabamba,-10.467414675908218,-10.866364307829436,39.89496319212176,green
2024-01-28,cochabamba,-11.20318644934704,-12.10496326962715,90.17768202801105,green
2024-02-04,cochabamba,-11.116727677116204,,,
2024-02-11,cochabamba,-12.012637655781262,-10.810996535270467,-120.16411205107946,red
2024-02-18,cochabamba,-11.18544854801407,-10.912847403129085,-27.260114488498566,red
2024-02-25,cochabamba,,-11.090431039883779,,
2024-03-03,cochabamba,-10.844676106121543,-10.913823815696864,6.914770957532035,green
2024-03-10,cochabamba,-11.034637412943074,-10.817280670204227,-21.735674273884698,red
2024-03-17,cochabamba,-10.720987972282956,-10.822973621545595,10.19856492626392,green
2024-03-24,cochabamba,-11.149909712580076,-11.637508994124758,48.75992815446821,green
2024-03-31,cochabamba,-10.915102075408118,-10.819541328192267,-9.556074721585084,red
2024-04-07,cochabamba,-10.838964167400066,-10.471812607945333,-36.7151559454733,red
2024-04-14,cochabamba,-10.305008204804746,-10.537842889749205,23.28346849444589,green
2024-04-21,cochabamba,-10.716409692903552,-10.341035445118669,-37.537424778488315,red
2024-04-28,cochabamba,-10.28213605593746,-10.504826197573285,22.26901416358249,green
2024-05-05,cochabamba,-10.41858312641617,-10.724301901214002,30.571877479783183,green
2024-05-12,cochabamba,-9.975899454361869,-10.126464579898723,15.056512553685408,green
2024-05-19,cochabamba,-10.574755473057543,-10.038379467437878,-53.637600561966536,red
2024-05-26,cochabamba,-10.223896730642926,-10.159010072362058,-6.488665828086759,red
2024-06-02,cochabamba,-9.771298164465339,-9.957771254214157,18.64730897488176,green
2024-06-09,cochabamba,-9.814692754130762,-9.921037894486643,10.634514035588083,green
2024-06-16,cochabamba,-9.880918940216267,-10.019714748020075,13.879580780380785,green
2024-06-23,cochabamba,-10.143636405869804,-9.849593099232624,-29.404330663717992,red
2024-06-30,cochabamba,-9.879770922413694,-9.75755382401142,-12.22170984022739,red
2024-07-07,cochabamba,-9.817055675139418,-9.657801850215337,-15.925382492408069,red
2024-07-14,cochabamba,-10.208547058936194,-9.835101228676505,-37.34458302596888,red
2024-07-21,cochabamba,-9.796627628326007,-9.809306351241828,1.2678722915820728,yellow
2024-07-28,cochabamba,-10.002936706462686,-10.095206533358313,9.226982689562746,green
2024-08-04,cochabamba,-10.142787804492414,-9.677996137535779,-46.479166695663565,red
2024-08-11,cochabamba,-9.947513404692849,-10.025253755457442,7.774035076459285,green
2024-08-18,cochabamba,-9.733120067102949,-9.72385421602068,-0.9265851082268739,yellow
2024-08-25,cochabamba,-10.074043999380347,-9.80604416718094,-26.79998321994077,red
2024-09-01,cochabamba,-9.86191846945211,-10.043120617339769,18.120214788765843,green
2024-09-08,cochabamba,-10.084208637972267,-10.266648966270491,18.244032829822387,green
2024-09-15,cochabamba,-9.970080060900619,-10.08264750507432,11.25674441737008,green
2024-09-22,cochabamba,-10.154088047668397,-10.095452636668961,-5.863541099943603,red
2024-09-29,cochabamba,-10.36791774225092,-10.244885663506526,-12.303207874439437,red
2024-10-06,cochabamba,-10.160490344446174,-10.54713489388848,38.66445494423054,green
2024-10-13,cochabamba,-11.031919039630257,-10.369338813471833,-66.25802261584238,red
2024-10-20,cochabamba,-10.163275416776218,-10.982818802191733,81.95433854155158,green
2024-10-27,cochabamba,-10.698671077829575,-10.446624584394305,-25.204649343526953,red
2024-11-03,cochabamba,-10.420501036876304,-10.646592765018404,22.609172814209977,green
2024-11-10,cochabamba,-10.725330898364932,-11.24508565165045,51.97547532855182,green
2024-11-17,cochabamba,-11.093855177805082,-11.374215483750408,28.03603059453259,green
2024-11-24,cochabamba,,-10.911224690096226,,
2024-12-01,cochabamba,-10.80966821103218,-11.639810888300774,83.01426772685936,green
2024-12-08,cochabamba,-10.895800885584741,,,
2024-12-15,cochabamba,-11.047612822261392,-11.030641081789966,-1.6971740471426244,yellow
2024-12-22,cochabamba,-10.685296528949655,-10.969227630547794,28.393110159813872,green
2024-12-29,cochabamba,-10.49842620418556,-11.288360068385558,78.99338641999982,green
2025-01-05,cochabamba,-11.00841333752047,-10.924000388896891,-8.441294862357829,red
2025-01-12,cochabamba,-10.735526992501788,-10.81286549421973,7.733850171794288,green
2025-01-19,cochabamba,-10.701637791413416,-10.467414675908218,-23.422311550519836,red
2025-01-26,cochabamba,-10.673804861166483,-11.20318644934704,52.93815881805575,green
2025-02-02,cochabamba,-10.745862951184051,-11.116727677116204,37.08647259321527,green
2025-02-09,cochabamba,-11.035535708705648,-12.012637655781262,97.71019470756137,green
2025-02-16,cochabamba,-11.411265537654062,-11.18544854801407,-22.58169896399913,red
2025-02-23,cochabamba,-10.892773676775093,,,
2025-03-02,cochabamba,-11.25120892866146,-10.844676106121543,-40.65328225399174,red
2025-03-09,cochabamba,-11.3154293474525,-11.034637412943074,-28.079193450942697,red
2025-03-16,cochabamba,-11.257646213036221,-10.720987972282956,-53.66582407532654,red
2025-03-23,cochabamba,-10.624896265073911,-11.149909712580076,52.5013447506165,green
2025-03-30,cochabamba,-11.729597224852625,-10.915102075408118,-81.44951494445074,red
2025-04-06,cochabamba,-11.219997470184477,-10.838964167400066,-38.10333027844113,red
2025-04-13,cochabamba,-10.681874231022773,-10.305008204804746,-37.686602621802656,red
2025-04-20,cochabamba,-10.706467404905695,-10.716409692903552,0.9942287997857235,yellow
2025-04-27,cochabamba,-10.346178198269703,-10.28213605593746,-6.404214233224259,red
2025-05-04,cochabamba,-10.636409591997188,-10.41858312641617,-21.78264655810178,red
2025-05-11,cochabamba,-10.746111809373579,-9.975899454361869,-77.02123550117096,red
2025-05-18,cochabamba,-10.102890095033194,-10.574755473057543,47.18653780243489,green
2025-05-25,cochabamba,-10.188989523240952,-10.223896730642926,3.4907207401973395,yellow
2025-06-01,cochabamba,-9.99609398555717,-9.771298164465339,-22.479582109183127,red
2025-06-08,cochabamba,-10.302827180558733,-9.814692754130762,-48.81344264279708,red
2025-06-15,cochabamba,-10.261969945698254,-9.880918940216267,-38.105100548198756,red
2025-06-22,cochabamba,-10.370818148400645,-10.143636405869804,-22.718174253084022,red
2025-06-29,cochabamba,-10.283477051653264,-9.879770922413694,-40.37061292395698,red
2025-07-06,cochabamba,-9.890306023315661,-9.817055675139418,-7.325034817624321,red
2025-07-13,cochabamba,-9.763639334395757,-10.208547058936194,44.490772454043714,green
2025-07-20,cochabamba,-10.18872204628315,-9.796627628326007,-39.209441795714284,red
2025-07-27,cochabamba,-10.04917763507526,-10.002936706462686,-4.624092861257445,yellow
2025-08-03,cochabamba,-10.189370513551054,-10.142787804492414,-4.658270905864015,yellow
2025-08-10,cochabamba,-10.046950297938167,-9.947513404692849,-9.943689324531846,red
2025-08-17,cochabamba,-9.779309103989668,-9.733120067102949,-4.618903688671949,yellow
2025-08-24,cochabamba,-10.18597984871192,-10.074043999380347,-11.193584933157297,red
2025-08-31,cochabamba,-10.237090835526303,-9.86191846945211,-37.517236607419235,red
2025-09-07,cochabamba,-10.612104620837268,-10.084208637972267,-52.789598286500095,red
2025-09-14,cochabamba,-10.058139182193894,-9.970080060900619,-8.805912129327531,red
2025-09-21,cochabamba,-10.306197980133632,-10.154088047668397,-15.210993246523508,red
2025-09-28,cochabamba,-10.531416187915447,-10.36791774225092,-16.34984456645263,red
2025-10-05,cochabamba,-10.117971577688694,-10.160490344446174,4.251876675748001,yellow
2025-10-12,cochabamba,-10.375749759964686,-11.031919039630257,65.61692796655709,green
2025-10-19,cochabamba,-10.824328474175577,-10.163275416776218,-66.10530573993589,red
2025-10-26,cochabamba,,-10.698671077829575,,
2025-11-02,cochabamba,,-10.420501036876304,,
2025-11-09,cochabamba,-10.828661913664872,-10.725330898364932,-10.333101529993982,red
2025-11-16,cochabamba,-11.021659360262928,-11.093855177805082,7.219581754215376,green
2025-11-23,cochabamba,-10.715940507813352,,,
2025-11-30,cochabamba,-11.482061706786777,-10.80966821103218,-67.23934957545961,red
2025-12-07,cochabamba,-10.90998629137851,-10.895800885584741,-1.418540579376959,yellow
2025-12-14,cochabamba,-10.66112114514601,-11.047612822261392,38.64916771153819,green
2025-12-21,cochabamba,-10.939351156631837,-10.685296528949655,-25.40546276821818,red
2025-12-28,cochabamba,,-10.49842620418556,,
2026-01-04,cochabamba,-11.277233537604342,-11.00841333752047,-26.882020008387286,red
2026-01-11,cochabamba,-10.848918367403604,-10.735526992501788,-11.339137490181628,red
2026-01-18,cochabamba,-11.180731006656265,-10.701637791413416,-47.90932152428482,red
2026-01-25,cochabamba,-10.678502928899734,-10.673804861166483,-0.4698067733251321,yellow
2026-02-01,cochabamba,-11.13519402392282,-10.745862951184051,-38.93310727387682,red
2026-02-08,cochabamba,-10.859726790524833,-11.035535708705648,17.58089181808149,green
2026-02-15,cochabamba,-10.898565678831787,-11.411265537654062,51.26998588222751,green
2026-02-22,cochabamba,-10.890749516953298,-10.892773676775093,0.20241598217953793,yellow
2026-03-01,cochabamba,-11.034170935474293,-11.25120892866146,21.703799318716754,green
2026-03-08,cochabamba,-10.500977481011088,-11.3154293474525,81.44518664414129,green
2026-03-15,cochabamba,-10.728137314658545,-11.257646213036221,52.95088983776761,green
2026-03-22,cochabamba,-10.425472546221503,-10.624896265073911,19.942371885240817,green
2026-03-29,cochabamba,-10.325942186574387,-11.729597224852625,140.3655038278238,green
2026-04-05,cochabamba,-10.668317793563151,-11.219997470184477,55.16796766213261,green
2026-04-12,cochabamba,-10.856273180748103,-10.681874231022773,-17.439894972532954,red
2026-04-19,cochabamba,-10.761879774528618,-10.706467404905695,-5.541236962292295,red
2026-04-26,cochabamba,-10.676540906281339,-10.346178198269703,-33.0362708011636,red
2026-05-03,cochabamba,-10.874769855451431,-10.636409591997188,-23.836026345424344,red
2026-05-10,cochabamba,-10.353302655872124,-10.746111809373579,39.280915350145484,green
2018-07-01,la_paz_el_alto,,,,
2018-07-08,la_paz_el_alto,-10.29343322103398,,,
2018-07-15,la_paz_el_alto,-10.956191278498807,,,
2018-07-22,la_paz_el_alto,-11.493670933043218,,,
2018-07-29,la_paz_el_alto,-11.235030733877547,,,
2018-08-05,la_paz_el_alto,-10.92015566042639,,,
2018-08-12,la_paz_el_alto,-10.899009343572512,,,
2018-08-19,la_paz_el_alto,-10.843744285291896,,,
2018-08-26,la_paz_el_alto,-10.525023295461331,,,
2018-09-02,la_paz_el_alto,-10.71681143962204,,,
2018-09-09,la_paz_el_alto,-10.380848210708749,,,
2018-09-16,la_paz_el_alto,-10.660784712278563,,,
2018-09-23,la_paz_el_alto,-10.888710267535314,,,
2018-09-30,la_paz_el_alto,-10.986539838123758,,,
2018-10-07,la_paz_el_alto,-11.489551642438178,,,
2018-10-14,la_paz_el_alto,-11.591499693728155,,,
2018-10-21,la_paz_el_alto,-11.12320191863492,,,
2018-10-28,la_paz_el_alto,-10.980042233843912,,,
2018-11-04,la_paz_el_alto,,,,
2018-11-11,la_paz_el_alto,-11.680584827689145,,,
2018-11-18,la_paz_el_alto,-11.897454836434557,,,
2018-11-25,la_paz_el_alto,-11.268272895914611,,,
2018-12-02,la_paz_el_alto,,,,
2018-12-09,la_paz_el_alto,-11.162270251944356,,,
2018-12-16,la_paz_el_alto,-11.900352305919657,,,
2018-12-23,la_paz_el_alto,,,,
2018-12-30,la_paz_el_alto,,,,
2019-01-06,la_paz_el_alto,-11.875056987018358,,,
2019-01-13,la_paz_el_alto,-11.539742790615326,,,
2019-01-20,la_paz_el_alto,-11.45068052726234,,,
2019-01-27,la_paz_el_alto,-11.49083290246146,,,
2019-02-03,la_paz_el_alto,,,,
2019-02-10,la_paz_el_alto,-12.323996349510598,,,
2019-02-17,la_paz_el_alto,,,,
2019-02-24,la_paz_el_alto,-11.399909960678974,,,
2019-03-03,la_paz_el_alto,-12.200313666795237,,,
2019-03-10,la_paz_el_alto,-11.522925226512793,,,
2019-03-17,la_paz_el_alto,-11.737470087392984,,,
2019-03-24,la_paz_el_alto,-11.715916371739604,,,
2019-03-31,la_paz_el_alto,-11.997255858720582,,,
2019-04-07,la_paz_el_alto,-11.53600973842704,,,
2019-04-14,la_paz_el_alto,-11.40097087505636,,,
2019-04-21,la_paz_el_alto,-11.928246170591915,,,
2019-04-28,la_paz_el_alto,-11.221958746302061,,,
2019-05-05,la_paz_el_alto,-11.265580878844055,,,
2019-05-12,la_paz_el_alto,-11.471920234559512,,,
2019-05-19,la_paz_el_alto,-10.699939967363095,,,
2019-05-26,la_paz_el_alto,-11.30489195883573,,,
2019-06-02,la_paz_el_alto,-11.095057184150605,,,
2019-06-09,la_paz_el_alto,-10.526081367428906,,,
2019-06-16,la_paz_el_alto,-10.71832123823951,,,
2019-06-23,la_paz_el_alto,-10.739007842613404,,,
2019-06-30,la_paz_el_alto,-10.989809551929573,,,
2019-07-07,la_paz_el_alto,-10.623705176021303,-10.29343322103398,-33.027195498732276,red
2019-07-14,la_paz_el_alto,-10.325326731347554,-10.956191278498807,63.086454715125306,green
2019-07-21,la_paz_el_alto,-11.157115887860975,-11.493670933043218,33.655504518224255,green
2019-07-28,la_paz_el_alto,-10.76480713973884,-11.235030733877547,47.022359413870696,green
2019-08-04,la_paz_el_alto,-10.46797929933307,-10.92015566042639,45.21763610933203,green
2019-08-11,la_paz_el_alto,-10.60741842765606,-10.899009343572512,29.159091591645137,green
2019-08-18,la_paz_el_alto,-10.191597714512927,-10.843744285291896,65.2146570778969,green
2019-08-25,la_paz_el_alto,-10.472479873617711,-10.525023295461331,5.25434218436196,green
2019-09-01,la_paz_el_alto,-10.759425040989928,-10.71681143962204,-4.2613601367888165,yellow
2019-09-08,la_paz_el_alto,-11.107545355376942,-10.380848210708749,-72.66971446681936,red
2019-09-15,la_paz_el_alto,-10.912395215135847,-10.660784712278563,-25.161050285728415,red
2019-09-22,la_paz_el_alto,-10.7388688448681,-10.888710267535314,14.984142266721534,green
2019-09-29,la_paz_el_alto,-10.713632378740408,-10.986539838123758,27.290745938334915,green
2019-10-06,la_paz_el_alto,-11.075488091731152,-11.489551642438178,41.40635507070254,green
2019-10-13,la_paz_el_alto,-11.2559919774527,-11.591499693728155,33.55077162754547,green
2019-10-20,la_paz_el_alto,-11.762205730176062,-11.12320191863492,-63.90038115411425,red
2019-10-27,la_paz_el_alto,-11.089900280633522,-10.980042233843912,-10.985804678960953,red
2019-11-03,la_paz_el_alto,-12.008053637116483,,,
2019-11-10,la_paz_el_alto,-12.078668062083715,-11.680584827689145,-39.80832343945693,red
2019-11-17,la_paz_el_alto,-12.163728986518386,-11.897454836434557,-26.627415008382904,red
2019-11-24,la_paz_el_alto,-13.115784851192759,-11.268272895914611,-184.75119552781473,red
2019-12-01,la_paz_el_alto,-11.838408048588105,,,
2019-12-08,la_paz_el_alto,,-11.162270251944356,,
2019-12-15,la_paz_el_alto,-11.650008473939543,-11.900352305919657,25.03438319801141,green
2019-12-22,la_paz_el_alto,,,,
2019-12-29,la_paz_el_alto,-12.958806488817434,,,
2020-01-05,la_paz_el_alto,-12.067809813302548,-11.875056987018358,-19.275282628419,red
2020-01-12,la_paz_el_alto,-11.39083189611928,-11.539742790615326,14.8910894496046,green
2020-01-19,la_paz_el_alto,-11.892402460522025,-11.45068052726234,-44.1721933259684,red
2020-01-26,la_paz_el_alto,-11.386027070784417,-11.49083290246146,10.48058316770426,green
2020-02-02,la_paz_el_alto,,,,
2020-02-09,la_paz_el_alto,-11.04138852361835,-12.323996349510598,128.26078258922476,green
2020-02-16,la_paz_el_alto,-12.366270429390996,,,
2020-02-23,la_paz_el_alto,-11.714090609775642,-11.399909960678974,-31.418064909666832,red
2020-03-01,la_paz_el_alto,-11.63934179384109,-12.200313666795237,56.09718729541466,green
2020-03-08,la_paz_el_alto,-11.280517870932886,-11.522925226512793,24.24073555799069,green
2020-03-15,la_paz_el_alto,-11.680687064169744,-11.737470087392984,5.678302322323958,green
2020-03-22,la_paz_el_alto,-11.687586915314997,-11.715916371739604,2.8329456424607713,yellow
2020-03-29,la_paz_el_alto,-12.101326061148162,-11.997255858720582,-10.407020242758058,red
2020-04-05,la_paz_el_alto,-12.22186186214355,-11.53600973842704,-68.58521237165095,red
2020-04-12,la_paz_el_alto,-11.886832574926185,-11.40097087505636,-48.58616998698242,red
2020-04-19,la_paz_el_alto,-11.802473093096896,-11.928246170591915,12.577307749501898,green
2020-04-26,la_paz_el_alto,-12.079938891252375,-11.221958746302061,-85.79801449503144,red
2020-05-03,la_paz_el_alto,-12.239903002176538,-11.265580878844055,-97.43221233324829,red
2020-05-10,la_paz_el_alto,-11.946857273405932,-11.471920234559512,-47.493703884642,red
2020-05-17,la_paz_el_alto,-11.696466222543211,-10.699939967363095,-99.65262551801163,red
2020-05-24,la_paz_el_alto,-11.753634705832724,-11.30489195883573,-44.874274699699335,red
2020-05-31,la_paz_el_alto,-11.167996382437469,-11.095057184150605,-7.293919828686413,red
2020-06-07,la_paz_el_alto,-11.881049962713519,-10.526081367428906,-135.49685952846121,red
2020-06-14,la_paz_el_alto,-10.835663980076527,-10.71832123823951,-11.734274183701743,red
2020-06-21,la_paz_el_alto,-10.792047475875142,-10.739007842613404,-5.303963326173822,red
2020-06-28,la_paz_el_alto,-11.329068650521508,-10.989809551929573,-33.92590985919348,red
2020-07-05,la_paz_el_alto,-10.810756134259716,-10.623705176021303,-18.705095823841233,red
2020-07-12,la_paz_el_alto,-11.021681396856213,-10.325326731347554,-69.63546655086591,red
2020-07-19,la_paz_el_alto,-10.813895529314607,-11.157115887860975,34.32203585463682,green
2020-07-26,la_paz_el_alto,-10.465212761013072,-10.76480713973884,29.9594378725768,green
2020-08-02,la_paz_el_alto,-10.346826577469766,-10.46797929933307,12.115272186330373,green
2020-08-09,la_paz_el_alto,-10.356258237541413,-10.60741842765606,25.116019011464807,green
2020-08-16,la_paz_el_alto,-11.235498540534422,-10.191597714512927,-104.39008260214955,red
2020-08-23,la_paz_el_alto,-11.004509776817933,-10.472479873617711,-53.20299032002218,red
2020-08-30,la_paz_el_alto,-11.03604354006314,-10.759425040989928,-27.661849907321212,red
2020-09-06,la_paz_el_alto,-10.641419892592221,-11.107545355376942,46.61254627847207,green
2020-09-13,la_paz_el_alto,-10.542055053743377,-10.912395215135847,37.03401613924697,green
2020-09-20,la_paz_el_alto,-11.153996076236332,-10.7388688448681,-41.512723136823304,red
2020-09-27,la_paz_el_alto,-10.799568742030019,-10.713632378740408,-8.593636328961018,red
2020-10-04,la_paz_el_alto,-11.706015403650246,-11.075488091731152,-63.052731191909395,red
2020-10-11,la_paz_el_alto,-12.492979144626121,-11.2559919774527,-123.6987167173421,red
2020-10-18,la_paz_el_alto,-11.938127060413837,-11.762205730176062,-17.592133023777556,red
2020-10-25,la_paz_el_alto,-11.605101970919861,-11.089900280633522,-51.520169028633944,red
2020-11-01,la_paz_el_alto,-11.283479359033686,-12.008053637116483,72.45742780827965,green
2020-11-08,la_paz_el_alto,-12.509626566315543,-12.078668062083715,-43.095850423182824,red
2020-11-15,la_paz_el_alto,-11.584844254299842,-12.163728986518386,57.8884732218544,green
2020-11-22,la_paz_el_alto,-11.324257790045658,-13.115784851192759,179.15270611471,green
2020-11-29,la_paz_el_alto,-11.650983792085817,-11.838408048588105,18.74242565022879,green
2020-12-06,la_paz_el_alto,-11.86517037098998,,,
2020-12-13,la_paz_el_alto,-11.439614198045858,-11.650008473939543,21.039427589368564,green
2020-12-20,la_paz_el_alto,-11.530863428542172,,,
2020-12-27,la_paz_el_alto,-11.807110344583064,-12.958806488817434,115.16961442343697,green
2021-01-03,la_paz_el_alto,-13.627370451760875,-12.067809813302548,-155.95606384583274,red
2021-01-10,la_paz_el_alto,-11.776982556821467,-11.39083189611928,-38.615066070218695,red
2021-01-17,la_paz_el_alto,-11.504793788053854,-11.892402460522025,38.76086724681702,green
2021-01-24,la_paz_el_alto,-11.967864468239357,-11.386027070784417,-58.18373974549402,red
2021-01-31,la_paz_el_alto,,,,
2021-02-07,la_paz_el_alto,-11.810857463161575,-11.04138852361835,-76.94689395432252,red
2021-02-14,la_paz_el_alto,-11.914652734612648,-12.366270429390996,45.161769477834746,green
2021-02-21,la_paz_el_alto,,-11.714090609775642,,
2021-02-28,la_paz_el_alto,-11.97328891277855,-11.63934179384109,-33.39471189374592,red
2021-03-07,la_paz_el_alto,-12.582589042587411,-11.280517870932886,-130.2071171654525,red
2021-03-14,la_paz_el_alto,-11.692763562002382,-11.680687064169744,-1.2076497832637756,yellow
2021-03-21,la_paz_el_alto,-11.974726792328651,-11.687586915314997,-28.71398770136544,red
2021-03-28,la_paz_el_alto,-12.614888833878856,-12.101326061148162,-51.356277273069395,red
2021-04-04,la_paz_el_alto,,-12.22186186214355,,
2021-04-11,la_paz_el_alto,-11.789245345391846,-11.886832574926185,9.758722953433896,green
2021-04-18,la_paz_el_alto,-11.044933987504674,-11.802473093096896,75.75391055922225,green
2021-04-25,la_paz_el_alto,-11.384141320078315,-12.079938891252375,69.57975711740599,green
2021-05-02,la_paz_el_alto,-10.787880090555126,-12.239903002176538,145.20229116214125,green
2021-05-09,la_paz_el_alto,-10.880161128779058,-11.946857273405932,106.66961446268743,green
2021-05-16,la_paz_el_alto,-11.213117655537696,-11.696466222543211,48.334856700551576,green
2021-05-23,la_paz_el_alto,-11.089721013037067,-11.753634705832724,66.39136927956564,green
2021-05-30,la_paz_el_alto,-11.69632535168095,-11.167996382437469,-52.832896924348205,red
2021-06-06,la_paz_el_alto,-11.080358083258865,-11.881049962713519,80.06918794546536,green
2021-06-13,la_paz_el_alto,-10.881110611339025,-10.835663980076527,-4.544663126249837,yellow
2021-06-20,la_paz_el_alto,-11.121994840821264,-10.792047475875142,-32.9947364946122,red
2021-06-27,la_paz_el_alto,-11.09574643073466,-11.329068650521508,23.332221978684764,green
2021-07-04,la_paz_el_alto,-10.580755782896096,-10.810756134259716,23.00003513636195,green
2021-07-11,la_paz_el_alto,-10.086212481967731,-11.021681396856213,93.54689148884816,green
2021-07-18,la_paz_el_alto,-10.784573816913833,-10.813895529314607,2.9321712400774302,yellow
2021-07-25,la_paz_el_alto,-10.96296487810494,-10.465212761013072,-49.775211709186706,red
2021-08-01,la_paz_el_alto,-11.225791915800983,-10.346826577469766,-87.89653383312164,red
2021-08-08,la_paz_el_alto,-10.693455488533438,-10.356258237541413,-33.71972509920251,red
2021-08-15,la_paz_el_alto,-10.696097206171283,-11.235498540534422,53.940133436313964,green
2021-08-22,la_paz_el_alto,-10.377688786847823,-11.004509776817933,62.68209899701098,green
2021-08-29,la_paz_el_alto,-11.205232288002238,-11.03604354006314,-16.918874793909744,red
2021-09-05,la_paz_el_alto,-10.54708936749992,-10.641419892592221,9.433052509230144,green
2021-09-12,la_paz_el_alto,-11.090695071361104,-10.542055053743377,-54.86400176177266,red
2021-09-19,la_paz_el_alto,-10.791635649415161,-11.153996076236332,36.23604268211711,green
2021-09-26,la_paz_el_alto,-11.24158290243301,-10.799568742030019,-44.20141604029908,red
2021-10-03,la_paz_el_alto,-11.214697379411072,-11.706015403650246,49.13180242391739,green
2021-10-10,la_paz_el_alto,-11.483975710494853,-12.492979144626121,100.90034341312676,green
2021-10-17,la_paz_el_alto,-11.309640022816478,-11.938127060413837,62.84870375973597,green
2021-10-24,la_paz_el_alto,-10.831799925955142,-11.605101970919861,77.33020449647192,green
2021-10-31,la_paz_el_alto,-11.51771457973385,-11.283479359033686,-23.42352207001639,red
2021-11-07,la_paz_el_alto,-11.492988536545996,-12.509626566315543,101.66380297695471,green
2021-11-14,la_paz_el_alto,-11.369766312102486,-11.584844254299842,21.507794219735565,green
2021-11-21,la_paz_el_alto,-11.287211545081616,-11.324257790045658,3.7046244964042074,yellow
2021-11-28,la_paz_el_alto,-11.985521234816861,-11.650983792085817,-33.45374427310439,red
2021-12-05,la_paz_el_alto,-12.205216625636195,-11.86517037098998,-34.00462546462162,red
2021-12-12,la_paz_el_alto,-11.410386886622412,-11.439614198045858,2.922731142344581,yellow
2021-12-19,la_paz_el_alto,-11.484150360372569,-11.530863428542172,4.671306816960374,yellow
2021-12-26,la_paz_el_alto,,-11.807110344583064,,
2022-01-02,la_paz_el_alto,-12.350168320438092,-13.627370451760875,127.72021313227827,green
2022-01-09,la_paz_el_alto,-12.144130135114578,-11.776982556821467,-36.71475782931104,red
2022-01-16,la_paz_el_alto,-11.674586329403063,-11.504793788053854,-16.97925413492083,red
2022-01-23,la_paz_el_alto,-12.122699917856472,-11.967864468239357,-15.483544961711537,red
2022-01-30,la_paz_el_alto,-11.99308560393004,,,
2022-02-06,la_paz_el_alto,,-11.810857463161575,,
2022-02-13,la_paz_el_alto,-11.451680274427074,-11.914652734612648,46.29724601855738,green
2022-02-20,la_paz_el_alto,-11.973193037118289,,,
2022-02-27,la_paz_el_alto,-12.675725055440207,-11.97328891277855,-70.24361426616572,red
2022-03-06,la_paz_el_alto,-11.960053940912001,-12.582589042587411,62.25351016754104,green
2022-03-13,la_paz_el_alto,-11.499815856703007,-11.692763562002382,19.294770529937466,green
2022-03-20,la_paz_el_alto,-12.371911612909521,-11.974726792328651,-39.71848205808701,red
2022-03-27,la_paz_el_alto,-11.725162122310024,-12.614888833878856,88.9726711568832,green
2022-04-03,la_paz_el_alto,-11.911477683481236,,,
2022-04-10,la_paz_el_alto,-11.48107213038905,-11.789245345391846,30.817321500279604,green
2022-04-17,la_paz_el_alto,-11.25289408220826,-11.044933987504674,-20.796009470358534,red
2022-04-24,la_paz_el_alto,-10.717519037866877,-11.384141320078315,66.66222822114385,green
2022-05-01,la_paz_el_alto,-11.003904437918743,-10.787880090555126,-21.602434736361786,red
2022-05-08,la_paz_el_alto,-11.083413536972566,-10.880161128779058,-20.32524081935083,red
2022-05-15,la_paz_el_alto,-11.128430405967054,-11.213117655537696,8.468724957064211,green
2022-05-22,la_paz_el_alto,-10.900703450891113,-11.089721013037067,18.901756214595444,green
2022-05-29,la_paz_el_alto,-10.633425668081808,-11.69632535168095,106.28996835991433,green
2022-06-05,la_paz_el_alto,-11.839483672396282,-11.080358083258865,-75.91255891374172,red
2022-06-12,la_paz_el_alto,-10.746061579025893,-10.881110611339025,13.504903231313214,green
2022-06-19,la_paz_el_alto,-10.926881337566618,-11.121994840821264,19.511350325464605,green
2022-06-26,la_paz_el_alto,-11.339330552246112,-11.09574643073466,-24.35841215114518,red
2022-07-03,la_paz_el_alto,-10.329743130238274,-10.580755782896096,25.101265265782224,green
2022-07-10,la_paz_el_alto,-10.619205127385575,-10.086212481967731,-53.299264541784375,red
2022-07-17,la_paz_el_alto,-11.438526666701453,-10.784573816913833,-65.39528497876202,red
2022-07-24,la_paz_el_alto,-10.180320139305993,-10.96296487810494,78.26447387989468,green
2022-07-31,la_paz_el_alto,-10.192571627434617,-11.225791915800983,103.32202883663655,green
2022-08-07,la_paz_el_alto,-10.876520348844162,-10.693455488533438,-18.30648603107239,red
2022-08-14,la_paz_el_alto,-10.567494689026473,-10.696097206171283,12.860251714480953,green
2022-08-21,la_paz_el_alto,-10.547894379437313,-10.377688786847823,-17.020559258948964,red
2022-08-28,la_paz_el_alto,-10.256320097630317,-11.205232288002238,94.89121903719209,green
2022-09-04,la_paz_el_alto,-10.685911836653627,-10.54708936749992,-13.882246915370722,red
2022-09-11,la_paz_el_alto,-10.577238728617793,-11.090695071361104,51.345634274331076,green
2022-09-18,la_paz_el_alto,-10.850940067994724,-10.791635649415161,-5.930441857956303,red
2022-09-25,la_paz_el_alto,-10.88847155514073,-11.24158290243301,35.31113472922787,green
2022-10-02,la_paz_el_alto,-10.871822900031523,-11.214697379411072,34.28744793795495,green
2022-10-09,la_paz_el_alto,-10.754845871873105,-11.483975710494853,72.91298386217484,green
2022-10-16,la_paz_el_alto,-11.19520889689274,-11.309640022816478,11.443112592373694,green
2022-10-23,la_paz_el_alto,-11.013344587571767,-10.831799925955142,-18.15446616166252,red
2022-10-30,la_paz_el_alto,-10.76539178075651,-11.51771457973385,75.23227989773406,green
2022-11-06,la_paz_el_alto,-11.003876750896657,-11.492988536545996,48.91117856493388,green
2022-11-13,la_paz_el_alto,-11.231026763598988,-11.369766312102486,13.87395485034979,green
2022-11-20,la_paz_el_alto,-11.3193064946999,-11.287211545081616,-3.209494961828341,yellow
2022-11-27,la_paz_el_alto,-11.452815442850008,-11.985521234816861,53.2705791966853,green
2022-12-04,la_paz_el_alto,-11.210749902633456,-12.205216625636195,99.44667230027395,green
2022-12-11,la_paz_el_alto,-12.046592323580185,-11.410386886622412,-63.62054369577734,red
2022-12-18,la_paz_el_alto,-11.939094165153225,-11.484150360372569,-45.494380478065644,red
2022-12-25,la_paz_el_alto,-11.47582279083255,,,
2023-01-01,la_paz_el_alto,-11.65893125504137,-12.350168320438092,69.12370653967218,green
2023-01-08,la_paz_el_alto,-11.768162490510388,-12.144130135114578,37.596764460418974,green
2023-01-15,la_paz_el_alto,-11.161358354576448,-11.674586329403063,51.322797482661464,green
2023-01-22,la_paz_el_alto,-11.713260413405145,-12.122699917856472,40.94395044513277,green
2023-01-29,la_paz_el_alto,-11.484336954432402,-11.99308560393004,50.874864949763854,green
2023-02-05,la_paz_el_alto,-12.399786714527526,,,
2023-02-12,la_paz_el_alto,-11.324642453658496,-11.451680274427074,12.703782076857806,green
2023-02-19,la_paz_el_alto,-11.382984571907057,-11.973193037118289,59.02084652112318,green
2023-02-26,la_paz_el_alto,-11.535868398752804,-12.675725055440207,113.98566566874031,green
2023-03-05,la_paz_el_alto,-11.66391739712191,-11.960053940912001,29.61365437900909,green
2023-03-12,la_paz_el_alto,-11.88002493724689,-11.499815856703007,-38.020908054388336,red
2023-03-19,la_paz_el_alto,-12.07579280686481,-12.371911612909521,29.611880604471175,green
2023-03-26,la_paz_el_alto,-12.010944341055545,-11.725162122310024,-28.578221874552057,red
2023-04-02,la_paz_el_alto,-11.813800724896575,-11.911477683481236,9.767695858466041,green
2023-04-09,la_paz_el_alto,-11.264198952132075,-11.48107213038905,21.687317825697505,green
2023-04-16,la_paz_el_alto,-10.944840932793456,-11.25289408220826,30.805314941480333,green
2023-04-23,la_paz_el_alto,-10.718451020103789,-10.717519037866877,-0.09319822369118214,yellow
2023-04-30,la_paz_el_alto,-10.856658872072073,-11.003904437918743,14.72455658466707,green
2023-05-07,la_paz_el_alto,-10.719901541967667,-11.083413536972566,36.351199500489884,green
2023-05-14,la_paz_el_alto,-10.88631313903956,-11.128430405967054,24.21172669274938,green
2023-05-21,la_paz_el_alto,-10.622979293807246,-10.900703450891113,27.77241570838669,green
2023-05-28,la_paz_el_alto,-10.612314808993634,-10.633425668081808,2.111085908817323,yellow
2023-06-04,la_paz_el_alto,-10.30786811654712,-11.839483672396282,153.16155558491627,green
2023-06-11,la_paz_el_alto,-10.211596482071634,-10.746061579025893,53.44650969542588,green
2023-06-18,la_paz_el_alto,-10.816827536679483,-10.926881337566618,11.005380088713501,green
2023-06-25,la_paz_el_alto,-10.901189612097609,-11.339330552246112,43.81409401485037,green
2023-07-02,la_paz_el_alto,-10.19443834321624,-10.329743130238274,13.530478702203474,green
2023-07-09,la_paz_el_alto,-10.069373001469334,-10.619205127385575,54.98321259162413,green
2023-07-16,la_paz_el_alto,-10.401140374588534,-11.438526666701453,103.73862921129185,green
2023-07-23,la_paz_el_alto,-10.270690561895478,-10.180320139305993,-9.037042258948524,red
2023-07-30,la_paz_el_alto,-10.729409662487557,-10.192571627434617,-53.68380350529396,red
2023-08-06,la_paz_el_alto,-10.594455884254584,-10.876520348844162,28.206446458957757,green
2023-08-13,la_paz_el_alto,-10.868077540589649,-10.567494689026473,-30.058285156317588,red
2023-08-20,la_paz_el_alto,-10.558905889125816,-10.547894379437313,-1.101150968850284,yellow
2023-08-27,la_paz_el_alto,-10.268838729919636,-10.256320097630317,-1.2518632289319598,yellow
2023-09-03,la_paz_el_alto,-10.575550181528488,-10.685911836653627,11.036165512513918,green
2023-09-10,la_paz_el_alto,-10.666470193639237,-10.577238728617793,-8.923146502144341,red
2023-09-17,la_paz_el_alto,-10.397544591143339,-10.850940067994724,45.33954768513855,green
2023-09-24,la_paz_el_alto,-10.691817698161302,-10.88847155514073,19.665385697942916,green
2023-10-01,la_paz_el_alto,-10.63458891888952,-10.871822900031523,23.7233981142003,green
2023-10-08,la_paz_el_alto,-10.848759461877165,-10.754845871873105,-9.391359000406041,red
2023-10-15,la_paz_el_alto,-11.666607338737869,-11.19520889689274,-47.139844184512825,red
2023-10-22,la_paz_el_alto,-11.869836516031993,-11.013344587571767,-85.64919284602261,red
2023-10-29,la_paz_el_alto,-11.21092262281096,-10.76539178075651,-44.55308420544508,red
2023-11-05,la_paz_el_alto,-11.196969173496209,-11.003876750896657,-19.309242259955184,red
2023-11-12,la_paz_el_alto,-12.710193979992416,-11.231026763598988,-147.9167216393428,red
2023-11-19,la_paz_el_alto,-11.573533557118543,-11.3193064946999,-25.42270624186429,red
2023-11-26,la_paz_el_alto,-11.27441136607767,-11.452815442850008,17.840407677233827,green
2023-12-03,la_paz_el_alto,-12.546053209202883,-11.210749902633456,-133.53033065694274,red
2023-12-10,la_paz_el_alto,-12.218628106381264,-12.046592323580185,-17.203578280107834,red
2023-12-17,la_paz_el_alto,-11.716244025669132,-11.939094165153225,22.285013948409294,green
2023-12-24,la_paz_el_alto,-12.43586090994786,-11.47582279083255,-96.00381191153087,red
2023-12-31,la_paz_el_alto,-11.442585934272765,-11.65893125504137,21.634532076860502,green
2024-01-07,la_paz_el_alto,-12.182911341044688,-11.768162490510388,-41.47488505343002,red
2024-01-14,la_paz_el_alto,-11.807136574845167,-11.161358354576448,-64.57782202687187,red
2024-01-21,la_paz_el_alto,-12.030430182824858,-11.713260413405145,-31.716976941971353,red
2024-01-28,la_paz_el_alto,-11.552875226562142,-11.484336954432402,-6.85382721297394,red
2024-02-04,la_paz_el_alto,-12.155829140930642,-12.399786714527526,24.395757359688375,green
2024-02-11,la_paz_el_alto,-11.717351211753398,-11.324642453658496,-39.270875809490136,red
2024-02-18,la_paz_el_alto,-11.795739052159997,-11.382984571907057,-41.275448025293926,red
2024-02-25,la_paz_el_alto,-12.168952967442555,-11.535868398752804,-63.30845686897515,red
2024-03-03,la_paz_el_alto,-12.162662981921132,-11.66391739712191,-49.87455847992219,red
2024-03-10,la_paz_el_alto,-12.064261247807057,-11.88002493724689,-18.42363105601663,red
2024-03-17,la_paz_el_alto,-11.706694660959629,-12.07579280686481,36.90981459051805,green
2024-03-24,la_paz_el_alto,-13.340533067764396,-12.010944341055545,-132.95887267088506,red
2024-03-31,la_paz_el_alto,-11.979961413149404,-11.813800724896575,-16.61606882528286,red
2024-04-07,la_paz_el_alto,-12.560703303739656,-11.264198952132075,-129.6504351607581,red
2024-04-14,la_paz_el_alto,-11.548465849020504,-10.944840932793456,-60.362491622704795,red
2024-04-21,la_paz_el_alto,-11.34132932187873,-10.718451020103789,-62.28783017749411,red
2024-04-28,la_paz_el_alto,-11.20356153153184,-10.856658872072073,-34.690265945976684,red
2024-05-05,la_paz_el_alto,-10.921633228446712,-10.719901541967667,-20.173168647904482,red
2024-05-12,la_paz_el_alto,-10.599925754514548,-10.88631313903956,28.638738452501222,green
2024-05-19,la_paz_el_alto,-11.273195589767633,-10.622979293807246,-65.02162959603872,red
2024-05-26,la_paz_el_alto,-11.138964107535834,-10.612314808993634,-52.66492985421998,red
2024-06-02,la_paz_el_alto,-10.3566519238099,-10.30786811654712,-4.878380726278131,yellow
2024-06-09,la_paz_el_alto,-10.659171068680843,-10.211596482071634,-44.75745866092087,red
2024-06-16,la_paz_el_alto,-10.185510946569835,-10.816827536679483,63.131659010964825,green
2024-06-23,la_paz_el_alto,-11.177983635618487,-10.901189612097609,-27.679402352087834,red
2024-06-30,la_paz_el_alto,-10.32239036478732,-10.19443834321624,-12.795202157108143,red
2024-07-07,la_paz_el_alto,-10.264105945854578,-10.069373001469334,-19.47329443852439,red
2024-07-14,la_paz_el_alto,-11.092523733197334,-10.401140374588534,-69.13833586087996,red
2024-07-21,la_paz_el_alto,-10.225002082274699,-10.270690561895478,4.568847962077882,yellow
2024-07-28,la_paz_el_alto,-10.49859939320622,-10.729409662487557,23.081026928133674,green
2024-08-04,la_paz_el_alto,-10.634764478106844,-10.594455884254584,-4.030859385225938,yellow
2024-08-11,la_paz_el_alto,-10.991263479481828,-10.868077540589649,-12.318593889217944,red
2024-08-18,la_paz_el_alto,-10.414480177470239,-10.558905889125816,14.442571165557716,green
2024-08-25,la_paz_el_alto,-10.623104679886925,-10.268838729919636,-35.426594996728866,red
2024-09-01,la_paz_el_alto,-10.768635327764613,-10.575550181528488,-19.30851462361254,red
2024-09-08,la_paz_el_alto,-10.800873297448458,-10.666470193639237,-13.44031038092215,red
2024-09-15,la_paz_el_alto,-10.527448153205864,-10.397544591143339,-12.990356206252507,red
2024-09-22,la_paz_el_alto,-10.812143888317536,-10.691817698161302,-12.032619015623425,red
2024-09-29,la_paz_el_alto,-11.220746922207484,-10.63458891888952,-58.615800331796386,red
2024-10-06,la_paz_el_alto,-10.894633766262139,-10.848759461877165,-4.587430438497364,yellow
2024-10-13,la_paz_el_alto,-11.037937202192781,-11.666607338737869,62.867013654508774,green
2024-10-20,la_paz_el_alto,-10.68970017264482,-11.869836516031993,118.0136343387174,green
2024-10-27,la_paz_el_alto,-11.084979475443179,-11.21092262281096,12.594314736778145,green
2024-11-03,la_paz_el_alto,-11.11505934700486,-11.196969173496209,8.190982649134781,green
2024-11-10,la_paz_el_alto,-11.387166937226255,-12.710193979992416,132.3027042766162,green
2024-11-17,la_paz_el_alto,-12.747639596997349,-11.573533557118543,-117.41060398788062,red
2024-11-24,la_paz_el_alto,-11.587192880113111,-11.27441136607767,-31.278151403544108,red
2024-12-01,la_paz_el_alto,-11.497217493598429,-12.546053209202883,104.88357156044543,green
2024-12-08,la_paz_el_alto,,-12.218628106381264,,
2024-12-15,la_paz_el_alto,-12.138354414618561,-11.716244025669132,-42.21103889494291,red
2024-12-22,la_paz_el_alto,-12.373735589561795,-12.43586090994786,6.212532038606433,green
2024-12-29,la_paz_el_alto,-11.160519722993325,-11.442585934272765,28.206621127944054,green
2025-01-05,la_paz_el_alto,,-12.182911341044688,,
2025-01-12,la_paz_el_alto,,-11.807136574845167,,
2025-01-19,la_paz_el_alto,-11.350167952228858,-12.030430182824858,68.0262230596,green
2025-01-26,la_paz_el_alto,-11.69095977973991,-11.552875226562142,-13.808455317776769,red
2025-02-02,la_paz_el_alto,-11.666465217103738,-12.155829140930642,48.936392382690386,green
2025-02-09,la_paz_el_alto,-11.547454453825521,-11.717351211753398,16.98967579278765,green
2025-02-16,la_paz_el_alto,-11.78463660240759,-11.795739052159997,1.110244975240704,yellow
2025-02-23,la_paz_el_alto,-12.346015890001299,-12.168952967442555,-17.706292255874345,red
2025-03-02,la_paz_el_alto,-11.719254954377064,-12.162662981921132,44.340802754406816,green
2025-03-09,la_paz_el_alto,-12.01452023903767,-12.064261247807057,4.974100876938614,yellow
2025-03-16,la_paz_el_alto,-11.161669865214543,-11.706694660959629,54.502479574508556,green
2025-03-23,la_paz_el_alto,-11.322780507539301,-13.340533067764396,201.77525602250944,green
2025-03-30,la_paz_el_alto,-11.67325740078993,-11.979961413149404,30.67040123594733,green
2025-04-06,la_paz_el_alto,-11.762156011365274,-12.560703303739656,79.85472923743816,green
2025-04-13,la_paz_el_alto,-11.583003363063941,-11.548465849020504,-3.453751404343741,yellow
2025-04-20,la_paz_el_alto,-11.354345020325132,-11.34132932187873,-1.3015698446402268,yellow
2025-04-27,la_paz_el_alto,-11.32818159819086,-11.20356153153184,-12.462006665901981,red
2025-05-04,la_paz_el_alto,-10.835424279576918,-10.921633228446712,8.620894886979436,green
2025-05-11,la_paz_el_alto,-11.039808293287086,-10.599925754514548,-43.98825387725385,red
2025-05-18,la_paz_el_alto,-10.79774698149774,-11.273195589767633,47.54486082698932,green
2025-05-25,la_paz_el_alto,-10.523766829915582,-11.138964107535834,61.519727762025234,green
2025-06-01,la_paz_el_alto,-10.665287551844363,-10.3566519238099,-30.863562803446243,red
2025-06-08,la_paz_el_alto,-10.818585134402312,-10.659171068680843,-15.94140657214691,red
2025-06-15,la_paz_el_alto,-10.970925463909948,-10.185510946569835,-78.54145173401133,red
2025-06-22,la_paz_el_alto,-11.205968885693895,-11.177983635618487,-2.798525007540853,yellow
2025-06-29,la_paz_el_alto,-11.444377811664282,-10.32239036478732,-112.1987446876961,red
2025-07-06,la_paz_el_alto,-10.829639142571642,-10.264105945854578,-56.553319671706426,red
2025-07-13,la_paz_el_alto,-10.06217033406553,-11.092523733197334,103.03533991318031,green
2025-07-20,la_paz_el_alto,-10.777046055471688,-10.225002082274699,-55.204397319698906,red
2025-07-27,la_paz_el_alto,-11.019807155325719,-10.49859939320622,-52.12077621194986,red
2025-08-03,la_paz_el_alto,-10.969524199702365,-10.634764478106844,-33.475972159552114,red
2025-08-10,la_paz_el_alto,-10.351355377523175,-10.991263479481828,63.99081019586532,green
2025-08-17,la_paz_el_alto,-10.453130828113583,-10.414480177470239,-3.8650650643344164,yellow
2025-08-24,la_paz_el_alto,-11.06732341958038,-10.623104679886925,-44.42187396934543,red
2025-08-31,la_paz_el_alto,-10.79410784582859,-10.768635327764613,-2.5472518063976324,yellow
2025-09-07,la_paz_el_alto,-11.117213126241737,-10.800873297448458,-31.63398287932786,red
2025-09-14,la_paz_el_alto,-10.51011483335952,-10.527448153205864,1.7333319846343898,yellow
2025-09-21,la_paz_el_alto,-10.581278886472276,-10.812143888317536,23.08650018452596,green
2025-09-28,la_paz_el_alto,-10.707514714724171,-11.220746922207484,51.323220748331266,green
2025-10-05,la_paz_el_alto,-10.825717915113563,-10.894633766262139,6.891585114857612,green
2025-10-12,la_paz_el_alto,-10.858821181064899,-11.037937202192781,17.911602112788216,green
2025-10-19,la_paz_el_alto,-11.563330891926846,-10.68970017264482,-87.36307192820263,red
2025-10-26,la_paz_el_alto,,-11.084979475443179,,
2025-11-02,la_paz_el_alto,,-11.11505934700486,,
2025-11-09,la_paz_el_alto,-10.969611228283762,-11.387166937226255,41.75557089424924,green
2025-11-16,la_paz_el_alto,-10.956335020158786,-12.747639596997349,179.1304576838563,green
2025-11-23,la_paz_el_alto,-11.64622947214069,-11.587192880113111,-5.903659202757794,red
2025-11-30,la_paz_el_alto,-11.734313086765901,-11.497217493598429,-23.709559316747253,red
2025-12-07,la_paz_el_alto,-11.703927185372844,,,
2025-12-14,la_paz_el_alto,-11.206469186049809,-12.138354414618561,93.18852285687527,green
2025-12-21,la_paz_el_alto,-11.605265227073584,-12.373735589561795,76.84703624882107,green
2025-12-28,la_paz_el_alto,-11.298660608486212,-11.160519722993325,-13.814088549288783,red
2026-01-04,la_paz_el_alto,-11.639712140613742,,,
2026-01-11,la_paz_el_alto,-11.677875191551163,,,
2026-01-18,la_paz_el_alto,,-11.350167952228858,,
2026-01-25,la_paz_el_alto,-11.335434470553583,-11.69095977973991,35.55253091863264,green
2026-02-01,la_paz_el_alto,-12.027304502478584,-11.666465217103738,-36.08392853748459,red
2026-02-08,la_paz_el_alto,-11.557800714575391,-11.547454453825521,-1.0346260749869884,yellow
2026-02-15,la_paz_el_alto,-11.340009684028376,-11.78463660240759,44.4626918379214,green
2026-02-22,la_paz_el_alto,-11.615753117354362,-12.346015890001299,73.02627726469365,green
2026-03-01,la_paz_el_alto,-11.394053322956953,-11.719254954377064,32.52016314201107,green
2026-03-08,la_paz_el_alto,-11.705677407637191,-12.01452023903767,30.88428314004794,green
2026-03-15,la_paz_el_alto,-11.675651883265896,-11.161669865214543,-51.39820180513528,red
2026-03-22,la_paz_el_alto,-11.555091582188643,-11.322780507539301,-23.231107464934198,red
2026-03-29,la_paz_el_alto,-11.59321871577897,-11.67325740078993,8.003868501096001,green
2026-04-05,la_paz_el_alto,-12.35423506937615,-11.762156011365274,-59.20790580108761,red
2026-04-12,la_paz_el_alto,-11.249492810001682,-11.583003363063941,33.35105530622595,green
2026-04-19,la_paz_el_alto,-11.374298596032975,-11.354345020325132,-1.9953575707843285,yellow
2026-04-26,la_paz_el_alto,-11.129312681435318,-11.32818159819086,19.886891675554175,green
2026-05-03,la_paz_el_alto,-11.70449655520876,-10.835424279576918,-86.9072275631842,red
2026-05-10,la_paz_el_alto,-10.903831571457541,-11.039808293287086,13.59767218295449,green
2018-07-01,montero,,,,
2018-07-08,montero,-11.387256237393764,,,
2018-07-15,montero,-11.229751361680913,,,
2018-07-22,montero,-11.429454422042333,,,
2018-07-29,montero,-11.487622558933886,,,
2018-08-05,montero,,,,
2018-08-12,montero,-10.616550447177463,,,
2018-08-19,montero,-10.833656962622447,,,
2018-08-26,montero,-10.691444965240834,,,
2018-09-02,montero,-10.525169395662257,,,
2018-09-09,montero,-10.22485065159241,,,
2018-09-16,montero,-9.907521071170317,,,
2018-09-23,montero,-10.420762477699864,,,
2018-09-30,montero,-10.625905916055364,,,
2018-10-07,montero,-10.573708300987523,,,
2018-10-14,montero,-10.314456081988814,,,
2018-10-21,montero,-10.904220644394439,,,
2018-10-28,montero,,,,
2018-11-04,montero,-11.22366219778303,,,
2018-11-11,montero,-10.977313943411751,,,
2018-11-18,montero,-12.19120563085976,,,
2018-11-25,montero,-10.965404829683862,,,
2018-12-02,montero,-11.516600970462596,,,
2018-12-09,montero,-11.390175384363765,,,
2018-12-16,montero,-11.319712349561927,,,
2018-12-23,montero,,,,
2018-12-30,montero,,,,
2019-01-06,montero,,,,
2019-01-13,montero,,,,
2019-01-20,montero,-11.481859741454127,,,
2019-01-27,montero,-11.334963681153603,,,
2019-02-03,montero,,,,
2019-02-10,montero,-11.60640030314907,,,
2019-02-17,montero,,,,
2019-02-24,montero,-11.924002809650124,,,
2019-03-03,montero,,,,
2019-03-10,montero,-11.36523973251835,,,
2019-03-17,montero,,,,
2019-03-24,montero,,,,
2019-03-31,montero,-11.404354577587975,,,
2019-04-07,montero,,,,
2019-04-14,montero,-11.59159073841684,,,
2019-04-21,montero,-12.072274500336594,,,
2019-04-28,montero,,,,
2019-05-05,montero,,,,
2019-05-12,montero,-11.723522827102892,,,
2019-05-19,montero,-11.44731895590523,,,
2019-05-26,montero,-11.742994463732362,,,
2019-06-02,montero,,,,
2019-06-09,montero,-11.290789416855764,,,
2019-06-16,montero,-11.751835504864127,,,
2019-06-23,montero,-11.379020668019928,,,
2019-06-30,montero,-11.555126453994509,,,
2019-07-07,montero,-11.243905992504747,-11.387256237393764,14.335024488901738,green
2019-07-14,montero,-11.54053210317416,-11.229751361680913,-31.078074149324664,red
2019-07-21,montero,-11.50043401448605,-11.429454422042333,-7.0979592443716655,red
2019-07-28,montero,-11.081965590120157,-11.487622558933886,40.56569688137284,green
2019-08-04,montero,-10.778574175359148,,,
2019-08-11,montero,-10.742144684988814,-10.616550447177463,-12.55942378113506,red
2019-08-18,montero,-10.60288869273374,-10.833656962622447,23.076826988870636,green
2019-08-25,montero,-10.589233811294383,-10.691444965240834,10.221115394645075,green
2019-09-01,montero,-10.521527485355502,-10.525169395662257,0.36419103067544256,yellow
2019-09-08,montero,-10.435749751303739,-10.22485065159241,-21.089909971132847,red
2019-09-15,montero,-10.371939995890193,-9.907521071170317,-46.4418924719876,red
2019-09-22,montero,-10.438488347823428,-10.420762477699864,-1.7725870123564746,yellow
2019-09-29,montero,-10.36985844494083,-10.625905916055364,25.604747111453463,green
2019-10-06,montero,,-10.573708300987523,,
2019-10-13,montero,-10.77020755288143,-10.314456081988814,-45.57514708926167,red
2019-10-20,montero,-10.612986952526436,-10.904220644394439,29.123369186800296,green
2019-10-27,montero,-10.899156445814333,,,
2019-11-03,montero,-11.04109420637677,-11.22366219778303,18.25679914062608,green
2019-11-10,montero,,-10.977313943411751,,
2019-11-17,montero,-11.195330549995083,-12.19120563085976,99.58750808646766,green
2019-11-24,montero,-10.953890398443207,-10.965404829683862,1.1514431240655654,yellow
2019-12-01,montero,-11.888252492262325,-11.516600970462596,-37.16515217997287,red
2019-12-08,montero,-11.420302655156412,-11.390175384363765,-3.012727079264721,yellow
2019-12-15,montero,-11.346282499044932,-11.319712349561927,-2.6570149483005068,yellow
2019-12-22,montero,-11.457234585628196,,,
2019-12-29,montero,-11.61742356823261,,,
2020-01-05,montero,-11.351724230244404,,,
2020-01-12,montero,,,,
2020-01-19,montero,-11.216498655277853,-11.481859741454127,26.536108617627363,green
2020-01-26,montero,-11.180207657655876,-11.334963681153603,15.475602349772721,green
2020-02-02,montero,-11.699031246601532,,,
2020-02-09,montero,-11.964902920933692,-11.60640030314907,-35.85026177846231,red
2020-02-16,montero,-11.04152944702544,,,
2020-02-23,montero,-11.430095568177167,-11.924002809650124,49.39072414729573,green
2020-03-01,montero,-11.48144488214873,,,
2020-03-08,montero,-11.53658720487179,-11.36523973251835,-17.134747235343895,red
2020-03-15,montero,-12.139711101818156,,,
2020-03-22,montero,,,,
2020-03-29,montero,-11.404878805640251,-11.404354577587975,-0.05242280522761433,yellow
2020-04-05,montero,-11.670129554048472,,,
2020-04-12,montero,-11.523351592703097,-11.59159073841684,6.823914571374345,green
2020-04-19,montero,-11.699493962752069,-12.072274500336594,37.2780537584525,green
2020-04-26,montero,-11.829899243484114,,,
2020-05-03,montero,,,,
2020-05-10,montero,-11.93095301619066,-11.723522827102892,-20.74301890877681,red
2020-05-17,montero,-12.583543430337238,-11.44731895590523,-113.62244744320087,red
2020-05-24,montero,-11.745801066156645,-11.742994463732362,-0.2806602424282545,yellow
2020-05-31,montero,-11.442103042765828,,,
2020-06-07,montero,-11.451068789779832,-11.290789416855764,-16.02793729240677,red
2020-06-14,montero,-11.900348990991397,-11.751835504864127,-14.851348612726945,red
2020-06-21,montero,-11.377479797155843,-11.379020668019928,0.15408708640851643,yellow
2020-06-28,montero,,-11.555126453994509,,
2020-07-05,montero,-11.4276047235362,-11.243905992504747,-18.369873103145373,red
2020-07-12,montero,-11.446562334245698,-11.54053210317416,9.396976892846176,green
2020-07-19,montero,-11.06154159416343,-11.50043401448605,43.88924203226203,green
2020-07-26,montero,-11.4536796554134,-11.081965590120157,-37.17140652932418,red
2020-08-02,montero,-10.738524042275897,-10.778574175359148,4.005013308325189,yellow
2020-08-09,montero,-10.600461138186139,-10.742144684988814,14.16835468026747,green
2020-08-16,montero,,-10.60288869273374,,
2020-08-23,montero,-10.444419238145404,-10.589233811294383,14.481457314897916,green
2020-08-30,montero,-10.537880713193502,-10.521527485355502,-1.635322783799964,yellow
2020-09-06,montero,-10.370119127611924,-10.435749751303739,6.563062369181516,green
2020-09-13,montero,-10.393086508606073,-10.371939995890193,-2.1146512715880306,yellow
2020-09-20,montero,,-10.438488347823428,,
2020-09-27,montero,-10.724512702424995,-10.36985844494083,-35.46542574841656,red
2020-10-04,montero,-10.321444374768472,,,
2020-10-11,montero,-11.015646838157611,-10.77020755288143,-24.543928527618064,red
2020-10-18,montero,-11.318154146259063,-10.612986952526436,-70.51671937326276,red
2020-10-25,montero,,-10.899156445814333,,
2020-11-01,montero,-11.131634932481235,-11.04109420637677,-9.054072610446617,red
2020-11-08,montero,-10.959835677240665,,,
2020-11-15,montero,-11.58752659147882,-11.195330549995083,-39.219604148373755,red
2020-11-22,montero,-11.092987478091683,-10.953890398443207,-13.909707964847584,red
2020-11-29,montero,-10.9765804406339,-11.888252492262325,91.16720516284254,green
2020-12-06,montero,-11.52067440162356,-11.420302655156412,-10.037174646714853,red
2020-12-13,montero,-11.35384094461885,-11.346282499044932,-0.7558445573918604,yellow
2020-12-20,montero,-11.12946368256923,-11.457234585628196,32.77709030589655,green
2020-12-27,montero,-11.486965965843318,-11.61742356823261,13.045760238929205,green
2021-01-03,montero,-11.155102492585197,-11.351724230244404,19.6621737659207,green
2021-01-10,montero,-11.248327805560105,,,
2021-01-17,montero,,-11.216498655277853,,
2021-01-24,montero,-11.805752663831182,-11.180207657655876,-62.55450061753063,red
2021-01-31,montero,,-11.699031246601532,,
2021-02-07,montero,-12.232307156627714,-11.964902920933692,-26.74042356940216,red
2021-02-14,montero,,-11.04152944702544,,
2021-02-21,montero,-11.950587988147255,-11.430095568177167,-52.0492419970088,red
2021-02-28,montero,-11.61540276365371,-11.48144488214873,-13.395788150497978,red
2021-03-07,montero,-11.492137158855035,-11.53658720487179,4.4450046016754285,yellow
2021-03-14,montero,-11.837832466469298,-12.139711101818156,30.187863534885828,green
2021-03-21,montero,,,,
2021-03-28,montero,-11.802441168558655,-11.404878805640251,-39.75623629184035,red
2021-04-04,montero,-11.655162212410755,-11.670129554048472,1.4967341637717624,yellow
2021-04-11,montero,-11.745203796057218,-11.523351592703097,-22.185220335412126,red
2021-04-18,montero,-11.492108317800406,-11.699493962752069,20.738564495166223,green
2021-04-25,montero,,-11.829899243484114,,
2021-05-02,montero,-11.681172737826126,,,
2021-05-09,montero,-11.270024363716802,-11.93095301619066,66.09286524738582,green
2021-05-16,montero,-11.06944341047508,-12.583543430337238,151.4100019862159,green
2021-05-23,montero,-11.293224500017843,-11.745801066156645,45.257656613880215,green
2021-05-30,montero,-11.726737669932259,-11.442103042765828,-28.46346271664313,red
2021-06-06,montero,-11.524517341724215,-11.451068789779832,-7.34485519443826,red
2021-06-13,montero,-11.087175533035142,-11.900348990991397,81.3173457956255,green
2021-06-20,montero,-11.096709713607916,-11.377479797155843,28.077008354792632,green
2021-06-27,montero,-11.049015593048487,,,
2021-07-04,montero,-11.317594153162531,-11.4276047235362,11.001057037366913,green
2021-07-11,montero,-11.057750975310533,-11.446562334245698,38.88113589351647,green
2021-07-18,montero,,-11.06154159416343,,
2021-07-25,montero,-11.017616432127527,-11.4536796554134,43.60632232858723,green
2021-08-01,montero,-9.534557601531631,-10.738524042275897,120.39664407442655,green
2021-08-08,montero,-10.33419673162847,-10.600461138186139,26.626440655766892,green
2021-08-15,montero,-10.682849908373925,,,
2021-08-22,montero,-10.434800194824337,-10.444419238145404,0.9619043321066556,yellow
2021-08-29,montero,,-10.537880713193502,,
2021-09-05,montero,-10.457436565400226,-10.370119127611924,-8.731743778830214,red
2021-09-12,montero,-10.388895771621042,-10.393086508606073,0.41907369850306964,yellow
2021-09-19,montero,-10.380209797013977,,,
2021-09-26,montero,-10.437868453141018,-10.724512702424995,28.664424928397736,green
2021-10-03,montero,-10.298328024029587,-10.321444374768472,2.311635073888496,yellow
2021-10-10,montero,-10.234040754760068,-11.015646838157611,78.1606083397543,green
2021-10-17,montero,-10.46687705306219,-11.318154146259063,85.12770931968738,green
2021-10-24,montero,-10.4844808500554,,,
2021-10-31,montero,-10.515963171534542,-11.131634932481235,61.56717609466931,green
2021-11-07,montero,-11.292047720880014,-10.959835677240665,-33.22120436393483,red
2021-11-14,montero,-10.803983615167875,-11.58752659147882,78.35429763109457,green
2021-11-21,montero,-10.989164559766907,-11.092987478091683,10.382291832477542,green
2021-11-28,montero,-11.444509190051162,-10.9765804406339,-46.7928749417263,red
2021-12-05,montero,,-11.52067440162356,,
2021-12-12,montero,-11.023124565355559,-11.35384094461885,33.07163792632917,green
2021-12-19,montero,-11.12489726248384,-11.12946368256923,0.45664200853909875,yellow
2021-12-26,montero,-11.184154063960728,-11.486965965843318,30.28119018825901,green
2022-01-02,montero,-11.441849466316327,-11.155102492585197,-28.674697373113034,red
2022-01-09,montero,-11.492199709535544,-11.248327805560105,-24.38719039754389,red
2022-01-16,montero,-11.153602161249886,,,
2022-01-23,montero,-11.415993918463057,-11.805752663831182,38.975874536812505,green
2022-01-30,montero,-10.98911867061199,,,
2022-02-06,montero,-11.23892661147803,-12.232307156627714,99.33805451496838,green
2022-02-13,montero,-11.36510781839443,,,
2022-02-20,montero,-11.584675119179963,-11.950587988147255,36.59128689672926,green
2022-02-27,montero,-11.329982841356777,-11.61540276365371,28.541992229693314,green
2022-03-06,montero,-11.18313594540143,-11.492137158855035,30.90012134536053,green
2022-03-13,montero,,-11.837832466469298,,
2022-03-20,montero,-11.765182639857416,,,
2022-03-27,montero,-11.553087830767188,-11.802441168558655,24.935333779146696,green
2022-04-03,montero,-12.247563813136278,-11.655162212410755,-59.24016007255233,red
2022-04-10,montero,-11.571733732517274,-11.745203796057218,17.347006353994487,green
2022-04-17,montero,-12.740055263070463,-11.492108317800406,-124.79469452700567,red
2022-04-24,montero,-12.068620276820736,,,
2022-05-01,montero,-11.327974352266619,-11.681172737826126,35.31983855595069,green
2022-05-08,montero,-11.304248944680142,-11.270024363716802,-3.422458096333969,yellow
2022-05-15,montero,-11.30942846471886,-11.06944341047508,-23.998505424378003,red
2022-05-22,montero,-11.410547447555274,-11.293224500017843,-11.732294753743133,red
2022-05-29,montero,-11.709033300987958,-11.726737669932259,1.7704368944301052,yellow
2022-06-05,montero,-11.501909660692561,-11.524517341724215,2.2607681031653115,yellow
2022-06-12,montero,,-11.087175533035142,,
2022-06-19,montero,-11.249546700325972,-11.096709713607916,-15.283698671805546,red
2022-06-26,montero,-11.107713576782936,-11.049015593048487,-5.869798373444901,red
2022-07-03,montero,-10.97942466691768,-11.317594153162531,33.81694862448512,green
2022-07-10,montero,-10.921463964208085,-11.057750975310533,13.628701110244812,green
2022-07-17,montero,,,,
2022-07-24,montero,-11.047305837742584,-11.017616432127527,-2.9689405615057396,yellow
2022-07-31,montero,-10.86067025844588,-9.534557601531631,-132.61126569142493,red
2022-08-07,montero,-10.406635179511033,-10.33419673162847,-7.243844788256304,red
2022-08-14,montero,-10.563961676867855,-10.682849908373925,11.888823150606953,green
2022-08-21,montero,-10.558193171780918,-10.434800194824337,-12.339297695658047,red
2022-08-28,montero,-10.272158562152432,,,
2022-09-04,montero,-10.564371639161841,-10.457436565400226,-10.693507376161548,red
2022-09-11,montero,-10.298444886485763,-10.388895771621042,9.045088513527944,green
2022-09-18,montero,-10.05554983247666,-10.380209797013977,32.465996453731805,green
2022-09-25,montero,-10.214136456121352,-10.437868453141018,22.373199701966584,green
2022-10-02,montero,-10.351335569985876,-10.298328024029587,-5.300754595628909,red
2022-10-09,montero,-10.424591496277825,-10.234040754760068,-19.05507415177574,red
2022-10-16,montero,-11.173879586832436,-10.46687705306219,-70.70025337702468,red
2022-10-23,montero,-10.742511027591615,-10.4844808500554,-25.803017753621482,red
2022-10-30,montero,-11.013375271752055,-10.515963171534542,-49.741210021751314,red
2022-11-06,montero,-11.425337529313664,-11.292047720880014,-13.328980843365024,red
2022-11-13,montero,-10.826761315304841,-10.803983615167875,-2.277770013696667,yellow
2022-11-20,montero,-11.332078282520571,-10.989164559766907,-34.29137227536643,red
2022-11-27,montero,-10.847907887466734,-11.444509190051162,59.660130258442834,green
2022-12-04,montero,-10.933280600754522,,,
2022-12-11,montero,-10.977451329557974,-11.023124565355559,4.567323579758487,yellow
2022-12-18,montero,-11.304876316165304,-11.12489726248384,-17.997905368146405,red
2022-12-25,montero,-11.932724443467464,-11.184154063960728,-74.85703795067363,red
2023-01-01,montero,-11.303625541360676,-11.441849466316327,13.822392495565161,green
2023-01-08,montero,-11.43505922851843,-11.492199709535544,5.714048101711455,green
2023-01-15,montero,-11.560434839949009,-11.153602161249886,-40.68326786991232,red
2023-01-22,montero,-11.830957924270017,-11.415993918463057,-41.49640058069597,red
2023-01-29,montero,-12.255022495150566,-10.98911867061199,-126.59038245385759,red
2023-02-05,montero,,-11.23892661147803,,
2023-02-12,montero,-11.914243582740774,-11.36510781839443,-54.913576434634415,red
2023-02-19,montero,,-11.584675119179963,,
2023-02-26,montero,-11.935988208790366,-11.329982841356777,-60.6005367433589,red
2023-03-05,montero,-11.984132624143802,-11.18313594540143,-80.09966787423721,red
2023-03-12,montero,-11.887538801013843,,,
2023-03-19,montero,-10.95842630507696,-11.765182639857416,80.67563347804558,green
2023-03-26,montero,-11.319433608695377,-11.553087830767188,23.36542220718112,green
2023-04-02,montero,-11.494629525467628,-12.247563813136278,75.29342876686496,green
2023-04-09,montero,-11.249187440328628,-11.571733732517274,32.25462921886457,green
2023-04-16,montero,,-12.740055263070463,,
2023-04-23,montero,-11.28213827243424,-12.068620276820736,78.6482004386496,green
2023-04-30,montero,-11.61870573916899,-11.327974352266619,-29.073138690237066,red
2023-05-07,montero,,-11.304248944680142,,
2023-05-14,montero,-11.365262258786109,-11.30942846471886,-5.583379406724909,red
2023-05-21,montero,,-11.410547447555274,,
2023-05-28,montero,-12.216344452203025,-11.709033300987958,-50.731115121506676,red
2023-06-04,montero,,-11.501909660692561,,
2023-06-11,montero,-11.721182668038665,,,
2023-06-18,montero,-11.49473356947915,-11.249546700325972,-24.518686915317822,red
2023-06-25,montero,-11.783145085074292,-11.107713576782936,-67.54315082913553,red
2023-07-02,montero,-11.162436584277868,-10.97942466691768,-18.30119173601883,red
2023-07-09,montero,-11.323128462040133,-10.921463964208085,-40.16644978320478,red
2023-07-16,montero,-11.104650858869348,,,
2023-07-23,montero,-10.988256966708759,-11.047305837742584,5.904887103382528,green
2023-07-30,montero,-10.757790269659084,-10.86067025844588,10.287998878679616,green
2023-08-06,montero,-10.825538097761656,-10.406635179511033,-41.89029182506232,red
2023-08-13,montero,-10.410271431713127,-10.563961676867855,15.369024515472773,green
2023-08-20,montero,-10.631199307048046,-10.558193171780918,-7.300613526712851,red
2023-08-27,montero,-10.736189515246322,-10.272158562152432,-46.40309530938893,red
2023-09-03,montero,-10.315643378710005,-10.564371639161841,24.872826045183594,green
2023-09-10,montero,-10.465889231710456,-10.298444886485763,-16.744434522469298,red
2023-09-17,montero,-10.271749495296932,-10.05554983247666,-21.619966282027292,red
2023-09-24,montero,-10.338616732675124,-10.214136456121352,-12.448027655377203,red
2023-10-01,montero,-10.414859448444878,-10.351335569985876,-6.352387845900154,red
2023-10-08,montero,-10.530168162602264,-10.424591496277825,-10.55766663244384,red
2023-10-15,montero,-10.694417759058908,-11.173879586832436,47.94618277735285,green
2023-10-22,montero,-9.947897379055409,-10.742511027591615,79.46136485362061,green
2023-10-29,montero,-10.40591699721965,-11.013375271752055,60.74582745324051,green
2023-11-05,montero,-10.902464846752373,-11.425337529313664,52.28726825612906,green
2023-11-12,montero,-10.601736341238455,-10.826761315304841,22.50249740663861,green
2023-11-19,montero,-10.382999719462747,-11.332078282520571,94.90785630578245,green
2023-11-26,montero,,-10.847907887466734,,
2023-12-03,montero,-11.776259276969354,-10.933280600754522,-84.29786762148322,red
2023-12-10,montero,-11.023953239181454,-10.977451329557974,-4.650190962347978,yellow
2023-12-17,montero,-11.396844449225286,-11.304876316165304,-9.19681330599822,red
2023-12-24,montero,-11.40950490818975,-11.932724443467464,52.32195352777147,green
2023-12-31,montero,-11.036358635235244,-11.303625541360676,26.72669061254318,green
2024-01-07,montero,-11.352465445015506,-11.43505922851843,8.259378350292401,green
2024-01-14,montero,-11.440423549327292,-11.560434839949009,12.001129062171678,green
2024-01-21,montero,-11.236100128044054,-11.830957924270017,59.48577962259627,green
2024-01-28,montero,-11.922653021682704,-12.255022495150566,33.236947346786216,green
2024-02-04,montero,-11.305146102406253,,,
2024-02-11,montero,-11.154492005596873,-11.914243582740774,75.97515771439004,green
2024-02-18,montero,-11.297159857150284,,,
2024-02-25,montero,,-11.935988208790366,,
2024-03-03,montero,-11.63312101236939,-11.984132624143802,35.10116117744122,green
2024-03-10,montero,-11.028858595402872,-11.887538801013843,85.86802056109715,green
2024-03-17,montero,-11.834271439099583,-10.95842630507696,-87.58451340226223,red
2024-03-24,montero,-11.440160123755923,-11.319433608695377,-12.072651506054655,red
2024-03-31,montero,-11.26817380677726,-11.494629525467628,22.645571869036907,green
2024-04-07,montero,-11.594783361308428,-11.249187440328628,-34.55959209798003,red
2024-04-14,montero,,,,
2024-04-21,montero,-11.251079777315601,-11.28213827243424,3.105849511863923,yellow
2024-04-28,montero,-11.646680499833465,-11.61870573916899,-2.7974760664475795,yellow
2024-05-05,montero,-11.888276720518132,,,
2024-05-12,montero,-11.874200728862808,-11.365262258786109,-50.89384700766999,red
2024-05-19,montero,,,,
2024-05-26,montero,-11.386922359964505,-12.216344452203025,82.942209223852,green
2024-06-02,montero,-11.220421079269494,,,
2024-06-09,montero,-11.65022273289543,-11.721182668038665,7.095993514323418,green
2024-06-16,montero,,-11.49473356947915,,
2024-06-23,montero,-11.743251601562008,-11.783145085074292,3.9893483512283723,yellow
2024-06-30,montero,,-11.162436584277868,,
2024-07-07,montero,-11.239949673705471,-11.323128462040133,8.317878833466175,green
2024-07-14,montero,,-11.104650858869348,,
2024-07-21,montero,-10.535888421707684,-10.988256966708759,45.236854500107526,green
2024-07-28,montero,-10.434579733241092,-10.757790269659084,32.321053641799224,green
2024-08-04,montero,,-10.825538097761656,,
2024-08-11,montero,,-10.410271431713127,,
2024-08-18,montero,-10.384877291687856,-10.631199307048046,24.63220153601906,green
2024-08-25,montero,-10.164854789857761,-10.736189515246322,57.13347253885601,green
2024-09-01,montero,-10.166002529790426,-10.315643378710005,14.964084891957974,green
2024-09-08,montero,,-10.465889231710456,,
2024-09-15,montero,,-10.271749495296932,,
2024-09-22,montero,-9.86829219506988,-10.338616732675124,47.03245376052436,green
2024-09-29,montero,-10.185407556225488,-10.414859448444878,22.94518922193891,green
2024-10-06,montero,-9.837875997770013,-10.530168162602264,69.22921648322512,green
2024-10-13,montero,-10.501913199155007,-10.694417759058908,19.25045599039006,green
2024-10-20,montero,-10.648616871940167,-9.947897379055409,-70.07194928847582,red
2024-10-27,montero,,-10.40591699721965,,
2024-11-03,montero,-10.413116824014734,-10.902464846752373,48.9348022737639,green
2024-11-10,montero,-11.1040655128687,-10.601736341238455,-50.23291716302456,red
2024-11-17,montero,-11.309351061776434,-10.382999719462747,-92.63513423136871,red
2024-11-24,montero,-11.180101270694552,,,
2024-12-01,montero,-11.40600103238599,-11.776259276969354,37.02582445833631,green
2024-12-08,montero,,-11.023953239181454,,
2024-12-15,montero,-11.437205568012597,-11.396844449225286,-4.036111878731141,yellow
2024-12-22,montero,-11.347400037472411,-11.40950490818975,6.2104870717337946,green
2024-12-29,montero,-11.312471524873216,-11.036358635235244,-27.611288963797165,red
2025-01-05,montero,-11.278297017916515,-11.352465445015506,7.416842709899107,green
2025-01-12,montero,,-11.440423549327292,,
2025-01-19,montero,-11.517946282627667,-11.236100128044054,-28.18461545836133,red
2025-01-26,montero,-11.363010309125148,-11.922653021682704,55.96427125575563,green
2025-02-02,montero,-11.117415398327928,-11.305146102406253,18.77307040783247,green
2025-02-09,montero,-11.323913706224088,-11.154492005596873,-16.942170062721473,red
2025-02-16,montero,-10.917220952778301,-11.297159857150284,37.993890437198274,green
2025-02-23,montero,-12.20921472151062,,,
2025-03-02,montero,-11.393875180086713,-11.63312101236939,23.924583228267693,green
2025-03-09,montero,,-11.028858595402872,,
2025-03-16,montero,-11.943380096542148,-11.834271439099583,-10.910865744256526,red
2025-03-23,montero,-11.547168122710492,-11.440160123755923,-10.700799895456825,red
2025-03-30,montero,,-11.26817380677726,,
2025-04-06,montero,-11.712114248039828,-11.594783361308428,-11.733088673140024,red
2025-04-13,montero,-11.779460191352632,,,
2025-04-20,montero,-12.026185385284686,-11.251079777315601,-77.51056079690848,red
2025-04-27,montero,,-11.646680499833465,,
2025-05-04,montero,,-11.888276720518132,,
2025-05-11,montero,-11.438529197343183,-11.874200728862808,43.56715315196258,green
2025-05-18,montero,-11.637441808657968,,,
2025-05-25,montero,,-11.386922359964505,,
2025-06-01,montero,-11.50107016542944,-11.220421079269494,-28.064908615994533,red
2025-06-08,montero,-11.569247510653472,-11.65022273289543,8.097522224195863,green
2025-06-15,montero,-11.53352295352812,,,
2025-06-22,montero,-11.74624738332865,-11.743251601562008,-0.2995781766641059,yellow
2025-06-29,montero,-11.133215261198062,,,
2025-07-06,montero,-10.783586042033011,-11.239949673705471,45.636363167245975,green
2025-07-13,montero,-10.790049021137749,,,
2025-07-20,montero,-10.753678477479369,-10.535888421707684,-21.779005577168498,red
2025-07-27,montero,-11.225397870094904,-10.434579733241092,-79.08181368538116,red
2025-08-03,montero,-10.88485264815721,,,
2025-08-10,montero,-10.827300314407376,,,
2025-08-17,montero,-10.525719383567985,-10.384877291687856,-14.084209188012942,red
2025-08-24,montero,,-10.164854789857761,,
2025-08-31,montero,-10.33030687308217,-10.166002529790426,-16.43043432917448,red
2025-09-07,montero,-10.541260858259925,,,
2025-09-14,montero,-10.268410799885,,,
2025-09-21,montero,-10.306661721373914,-9.86829219506988,-43.8369526304033,red
2025-09-28,montero,-10.067366986852184,-10.185407556225488,11.804056937330465,green
2025-10-05,montero,-10.903535843661162,-9.837875997770013,-106.56598458911492,red
2025-10-12,montero,-10.73197975700677,-10.501913199155007,-23.0066557851762,red
2025-10-19,montero,-10.551819128542943,-10.648616871940167,9.679774339722336,green
2025-10-26,montero,,,,
2025-11-02,montero,,-10.413116824014734,,
2025-11-09,montero,,-11.1040655128687,,
2025-11-16,montero,-11.523944264147719,-11.309351061776434,-21.459320237128487,red
2025-11-23,montero,-11.255312464753253,-11.180101270694552,-7.5211194058701025,red
2025-11-30,montero,-11.271094534523778,-11.40600103238599,13.490649786221276,green
2025-12-07,montero,-11.417540029029759,,,
2025-12-14,montero,-11.621675289687113,-11.437205568012597,-18.44697216745157,red
2025-12-21,montero,-11.913707132374457,-11.347400037472411,-56.630709490204545,red
2025-12-28,montero,,-11.312471524873216,,
2026-01-04,montero,-11.287575060740556,-11.278297017916515,-0.9278042824041322,yellow
2026-01-11,montero,-11.549082646218448,,,
2026-01-18,montero,-11.404749816704921,-11.517946282627667,11.319646592274601,green
2026-01-25,montero,-11.236749705799014,-11.363010309125148,12.62606033261342,green
2026-02-01,montero,,-11.117415398327928,,
2026-02-08,montero,,-11.323913706224088,,
2026-02-15,montero,-11.744030626241228,-10.917220952778301,-82.6809673462927,red
2026-02-22,montero,-11.271790137519087,-12.20921472151062,93.74245839915325,green
2026-03-01,montero,-11.229560702928616,-11.393875180086713,16.43144771580971,green
2026-03-08,montero,-11.942657453647241,,,
2026-03-15,montero,-11.805031126723687,-11.943380096542148,13.834896981846079,green
2026-03-22,montero,,-11.547168122710492,,
2026-03-29,montero,-11.98411959622654,,,
2026-04-05,montero,-11.376296943118872,-11.712114248039828,33.58173049209565,green
2026-04-12,montero,,-11.779460191352632,,
2026-04-19,montero,-11.71468291809292,-12.026185385284686,31.150246719176522,green
2026-04-26,montero,-11.70591042917381,,,
2026-05-03,montero,-11.65054674986673,,,
2026-05-10,montero,-11.988889732164335,-11.438529197343183,-55.03605348211522,red
2018-07-01,oruro,,,,
2018-07-08,oruro,-11.757747208850768,,,
2018-07-15,oruro,-11.841984542016505,,,
2018-07-22,oruro,-12.117284438195144,,,
2018-07-29,oruro,-12.099213376073763,,,
2018-08-05,oruro,-12.331433358819583,,,
2018-08-12,oruro,-11.204156481774985,,,
2018-08-19,oruro,-11.58791764961078,,,
2018-08-26,oruro,-11.253403462237749,,,
2018-09-02,oruro,-11.1764454413131,,,
2018-09-09,oruro,-11.009973545884193,,,
2018-09-16,oruro,-11.703955070263094,,,
2018-09-23,oruro,-11.819176911343355,,,
2018-09-30,oruro,-11.479836956723108,,,
2018-10-07,oruro,-12.658740635343468,,,
2018-10-14,oruro,-11.869278759457169,,,
2018-10-21,oruro,-12.272462117192656,,,
2018-10-28,oruro,-11.562727236559658,,,
2018-11-04,oruro,-11.526981990813503,,,
2018-11-11,oruro,-11.334726471102481,,,
2018-11-18,oruro,-12.209343531944377,,,
2018-11-25,oruro,-11.705105685882303,,,
2018-12-02,oruro,-11.725494749104726,,,
2018-12-09,oruro,-11.489199642211839,,,
2018-12-16,oruro,,,,
2018-12-23,oruro,-12.852117318554152,,,
2018-12-30,oruro,,,,
2019-01-06,oruro,-11.778672716717859,,,
2019-01-13,oruro,-12.163160976142152,,,
2019-01-20,oruro,-11.263523465970932,,,
2019-01-27,oruro,-11.746318353489322,,,
2019-02-03,oruro,-12.128736843718164,,,
2019-02-10,oruro,-12.1803089861373,,,
2019-02-17,oruro,-11.678713771281458,,,
2019-02-24,oruro,-11.778592556024751,,,
2019-03-03,oruro,-12.086060547777207,,,
2019-03-10,oruro,-12.178063554995164,,,
2019-03-17,oruro,-11.910551827999637,,,
2019-03-24,oruro,-11.654381231526026,,,
2019-03-31,oruro,-11.769142997573452,,,
2019-04-07,oruro,-11.831757074631815,,,
2019-04-14,oruro,-12.004527101120782,,,
2019-04-21,oruro,-11.717119887109087,,,
2019-04-28,oruro,-11.78372857540475,,,
2019-05-05,oruro,-11.907445760793856,,,
2019-05-12,oruro,-12.177838878884932,,,
2019-05-19,oruro,-11.569932359843994,,,
2019-05-26,oruro,-12.372090477123951,,,
2019-06-02,oruro,-12.220505497442401,,,
2019-06-09,oruro,-11.431525423247624,,,
2019-06-16,oruro,-11.559042696057183,,,
2019-06-23,oruro,-11.634019730345246,,,
2019-06-30,oruro,-11.57922765769192,,,
2019-07-07,oruro,-11.579575785481037,-11.757747208850768,17.817142336973113,green
2019-07-14,oruro,-11.40300237981419,-11.841984542016505,43.89821622023149,green
2019-07-21,oruro,-11.5845961927866,-12.117284438195144,53.268824540854354,green
2019-07-28,oruro,-11.887716063882364,-12.099213376073763,21.149731219139944,green
2019-08-04,oruro,-11.2292066132496,-12.331433358819583,110.22267455699826,green
2019-08-11,oruro,-11.685253464967943,-11.204156481774985,-48.109698319295724,red
2019-08-18,oruro,-11.09652185091471,-11.58791764961078,49.139579869607,green
2019-08-25,oruro,-10.917191552907452,-11.253403462237749,33.62119093302969,green
2019-09-01,oruro,-11.229831861645518,-11.1764454413131,-5.338642033241925,red
2019-09-08,oruro,,-11.009973545884193,,
2019-09-15,oruro,-11.209892559554268,-11.703955070263094,49.40625107088259,green
2019-09-22,oruro,-11.045537512705383,-11.819176911343355,77.36393986379717,green
2019-09-29,oruro,-11.053243137931647,-11.479836956723108,42.659381879146174,green
2019-10-06,oruro,-11.89545469988975,-12.658740635343468,76.32859354537177,green
2019-10-13,oruro,-11.8780988152499,-11.869278759457169,-0.8820055792730486,yellow
2019-10-20,oruro,-12.235610157215804,-12.272462117192656,3.68519599768522,yellow
2019-10-27,oruro,-11.969224045681555,-11.562727236559658,-40.64968091218972,red
2019-11-03,oruro,-13.597890993351166,-11.526981990813503,-207.09090025376628,red
2019-11-10,oruro,,-11.334726471102481,,
2019-11-17,oruro,-11.898994423678005,-12.209343531944377,31.03491082663723,green
2019-11-24,oruro,-12.50964950175522,-11.705105685882303,-80.45438158729166,red
2019-12-01,oruro,-11.713188881666005,-11.725494749104726,1.2305867438721307,yellow
2019-12-08,oruro,-12.07921042660893,-11.489199642211839,-59.001078439709076,red
2019-12-15,oruro,-12.154421308088196,,,
2019-12-22,oruro,-12.593998150931858,-12.852117318554152,25.81191676222936,green
2019-12-29,oruro,,,,
2020-01-05,oruro,,-11.778672716717859,,
2020-01-12,oruro,-11.502141373236359,-12.163160976142152,66.10196029057924,green
2020-01-19,oruro,-11.702248638479814,-11.263523465970932,-43.872517250888166,red
2020-01-26,oruro,-11.705660412412092,-11.746318353489322,4.065794107722986,yellow
2020-02-02,oruro,-11.611481349551054,-12.128736843718164,51.72554941671095,green
2020-02-09,oruro,,-12.1803089861373,,
2020-02-16,oruro,-11.607201164958413,-11.678713771281458,7.151260632304535,green
2020-02-23,oruro,,-11.778592556024751,,
2020-03-01,oruro,-11.656553660042356,-12.086060547777207,42.95068877348509,green
2020-03-08,oruro,-11.750488886145757,-12.178063554995164,42.757466884940776,green
2020-03-15,oruro,-11.520622871756283,-11.910551827999637,38.99289562433541,green
2020-03-22,oruro,,-11.654381231526026,,
2020-03-29,oruro,-12.251761180429478,-11.769142997573452,-48.26181828560259,red
2020-04-05,oruro,-12.305730469958162,-11.831757074631815,-47.397339532634675,red
2020-04-12,oruro,-12.7175250728267,-12.004527101120782,-71.29979717059172,red
2020-04-19,oruro,-12.410378970292886,-11.717119887109087,-69.32590831837987,red
2020-04-26,oruro,-12.3525479250305,-11.78372857540475,-56.88193496257501,red
2020-05-03,oruro,-12.707094480432849,-11.907445760793856,-79.96487196389933,red
2020-05-10,oruro,-12.350845336217569,-12.177838878884932,-17.300645733263664,red
2020-05-17,oruro,-12.379277784066407,-11.569932359843994,-80.93454242224124,red
2020-05-24,oruro,-12.56238124574912,-12.372090477123951,-19.02907686251698,red
2020-05-31,oruro,-12.243833284713322,-12.220505497442401,-2.3327787270920552,yellow
2020-06-07,oruro,-12.66123247900357,-11.431525423247624,-122.97070557559451,red
2020-06-14,oruro,-12.084579253038587,-11.559042696057183,-52.55365569814039,red
2020-06-21,oruro,-11.589620235966322,-11.634019730345246,4.439949437892388,yellow
2020-06-28,oruro,-12.185404987681729,-11.57922765769192,-60.617732998980856,red
2020-07-05,oruro,-11.618822757656549,-11.579575785481037,-3.9246972175511985,yellow
2020-07-12,oruro,-11.929776004961372,-11.40300237981419,-52.67736251471824,red
2020-07-19,oruro,-11.314279890582762,-11.5845961927866,27.031630220383818,green
2020-07-26,oruro,-12.153409544894684,-11.887716063882364,-26.569348101232038,red
2020-08-02,oruro,-11.148624291551148,-11.2292066132496,8.058232169845247,green
2020-08-09,oruro,-11.03506393536231,-11.685253464967943,65.01895296056333,green
2020-08-16,oruro,-11.853236704452168,-11.09652185091471,-75.67148535374582,red
2020-08-23,oruro,-12.341949519216024,-10.917191552907452,-142.47579663085725,red
2020-08-30,oruro,-11.553141157983887,-11.229831861645518,-32.3309296338369,red
2020-09-06,oruro,-10.969906788004012,,,
2020-09-13,oruro,-11.006594051416089,-11.209892559554268,20.329850813817885,green
2020-09-20,oruro,-11.023648417243281,-11.045537512705383,2.188909546210205,yellow
2020-09-27,oruro,-11.177143717672946,-11.053243137931647,-12.390057974129931,red
2020-10-04,oruro,,-11.89545469988975,,
2020-10-11,oruro,-11.871179112318757,-11.8780988152499,0.6919702931142524,yellow
2020-10-18,oruro,-12.458792892711022,-12.235610157215804,-22.318273549521805,red
2020-10-25,oruro,-11.839085229607422,-11.969224045681555,13.013881607413325,green
2020-11-01,oruro,-11.965635948787602,-13.597890993351166,163.22550445635642,green
2020-11-08,oruro,-12.987873435731974,,,
2020-11-15,oruro,-11.919320768739482,-11.898994423678005,-2.0326345061477014,yellow
2020-11-22,oruro,-12.432899811550946,-12.50964950175522,7.674969020427369,green
2020-11-29,oruro,-12.107465079970646,-11.713188881666005,-39.42761983046417,red
2020-12-06,oruro,-12.145321149461767,-12.07921042660893,-6.611072285283726,red
2020-12-13,oruro,-12.323822650643548,-12.154421308088196,-16.940134255535177,red
2020-12-20,oruro,-13.43356330968517,-12.593998150931858,-83.95651587533112,red
2020-12-27,oruro,-12.876026162404735,,,
2021-01-03,oruro,-12.117909762923453,,,
2021-01-10,oruro,,-11.502141373236359,,
2021-01-17,oruro,,-11.702248638479814,,
2021-01-24,oruro,,-11.705660412412092,,
2021-01-31,oruro,-11.223508753790542,-11.611481349551054,38.797259576051246,green
2021-02-07,oruro,-11.832046793500096,,,
2021-02-14,oruro,-11.806363229122343,-11.607201164958413,-19.916206416393045,red
2021-02-21,oruro,-11.944158300668738,,,
2021-02-28,oruro,-12.066067973282383,-11.656553660042356,-40.95143132400274,red
2021-03-07,oruro,-11.983652820291663,-11.750488886145757,-23.316393414590664,red
2021-03-14,oruro,-11.865525158394153,-11.520622871756283,-34.490228663787015,red
2021-03-21,oruro,,,,
2021-03-28,oruro,-12.204875055502928,-12.251761180429478,4.6886124926549755,yellow
2021-04-04,oruro,,-12.305730469958162,,
2021-04-11,oruro,-12.107707500045269,-12.7175250728267,60.98175727814308,green
2021-04-18,oruro,-11.973178580884024,-12.410378970292886,43.72003894088614,green
2021-04-25,oruro,-12.581134529558028,-12.3525479250305,-22.858660452752844,red
2021-05-02,oruro,-11.860348902925525,-12.707094480432849,84.6745577507324,green
2021-05-09,oruro,-11.4250790636053,-12.350845336217569,92.57662726122682,green
2021-05-16,oruro,-12.325034857560958,-12.379277784066407,5.424292650544871,green
2021-05-23,oruro,-11.850929644387753,-12.56238124574912,71.14516013613681,green
2021-05-30,oruro,-11.811289728079428,-12.243833284713322,43.254355663389354,green
2021-06-06,oruro,-11.986045016545917,-12.66123247900357,67.51874624576519,green
2021-06-13,oruro,-11.678805551071509,-12.084579253038587,40.57737019670782,green
2021-06-20,oruro,-11.898647666468765,-11.589620235966322,-30.902743050244297,red
2021-06-27,oruro,-12.642680404642109,-12.185404987681729,-45.72754169603801,red
2021-07-04,oruro,-11.818573683702114,-11.618822757656549,-19.975092604556544,red
2021-07-11,oruro,-11.01274479282942,-11.929776004961372,91.70312121319526,green
2021-07-18,oruro,-11.513062283712614,-11.314279890582762,-19.87823931298518,red
2021-07-25,oruro,-11.957476867014563,-12.153409544894684,19.593267788012092,green
2021-08-01,oruro,-11.713409479827554,-11.148624291551148,-56.478518827640656,red
2021-08-08,oruro,-11.166644699287291,-11.03506393536231,-13.158076392498153,red
2021-08-15,oruro,-11.540825387880506,-11.853236704452168,31.24113165716622,green
2021-08-22,oruro,-11.204529133267206,-12.341949519216024,113.74203859488183,green
2021-08-29,oruro,-11.609000497691975,-11.553141157983887,-5.585933970808732,red
2021-09-05,oruro,-11.378631740549437,-10.969906788004012,-40.87249525454251,red
2021-09-12,oruro,-11.987313328335953,-11.006594051416089,-98.07192769198636,red
2021-09-19,oruro,-10.947418761682043,-11.023648417243281,7.622965556123873,green
2021-09-26,oruro,-11.091955346106571,-11.177143717672946,8.51883715663746,green
2021-10-03,oruro,-11.545194989532387,,,
2021-10-10,oruro,-11.883260971835188,-11.871179112318757,-1.2081859516431592,yellow
2021-10-17,oruro,-12.414969410584362,-12.458792892711022,4.38234821266601,yellow
2021-10-24,oruro,-12.49401508344076,-11.839085229607422,-65.49298538333375,red
2021-10-31,oruro,-11.818313766658225,-11.965635948787602,14.732218212937731,green
2021-11-07,oruro,-11.874052102912206,-12.987873435731974,111.38213328197679,green
2021-11-14,oruro,-12.044047365397201,-11.919320768739482,-12.472659665771957,red
2021-11-21,oruro,-12.470287752110337,-12.432899811550946,-3.7387940559391097,yellow
2021-11-28,oruro,-12.531247055910466,-12.107465079970646,-42.37819759398196,red
2021-12-05,oruro,-11.315474281164281,-12.145321149461767,82.98468682974854,green
2021-12-12,oruro,-11.487936333561986,-12.323822650643548,83.58863170815613,green
2021-12-19,oruro,,-13.43356330968517,,
2021-12-26,oruro,-12.342707811235446,-12.876026162404735,53.33183511692887,green
2022-01-02,oruro,-12.276838236942284,-12.117909762923453,-15.892847401883081,red
2022-01-09,oruro,-11.598435558435604,,,
2022-01-16,oruro,-11.803615391410828,,,
2022-01-23,oruro,,,,
2022-01-30,oruro,-11.936542790068817,-11.223508753790542,-71.30340362782749,red
2022-02-06,oruro,-11.78076601828892,-11.832046793500096,5.128077521117547,green
2022-02-13,oruro,-11.807636925213405,-11.806363229122343,-0.1273696091061538,yellow
2022-02-20,oruro,-12.18765554082829,-11.944158300668738,-24.349724015955232,red
2022-02-27,oruro,,-12.066067973282383,,
2022-03-06,oruro,-12.425070343070189,-11.983652820291663,-44.141752277852575,red
2022-03-13,oruro,-12.362115610228697,-11.865525158394153,-49.65904518345443,red
2022-03-20,oruro,-12.18006954289674,,,
2022-03-27,oruro,-12.182811061039802,-12.204875055502928,2.2063994463126235,yellow
2022-04-03,oruro,-13.351086072944787,,,
2022-04-10,oruro,,-12.107707500045269,,
2022-04-17,oruro,-12.040730067045683,-11.973178580884024,-6.75514861616584,red
2022-04-24,oruro,-11.88724777983008,-12.581134529558028,69.38867497279482,green
2022-05-01,oruro,-12.949900111437632,-11.860348902925525,-108.95512085121072,red
2022-05-08,oruro,-12.04230842362228,-11.4250790636053,-61.72293600169798,red
2022-05-15,oruro,-11.931456595560157,-12.325034857560958,39.357826200080126,green
2022-05-22,oruro,-11.252395881000323,-11.850929644387753,59.85337633874295,green
2022-05-29,oruro,-11.584386668308737,-11.811289728079428,22.69030597706916,green
2022-06-05,oruro,-12.608130868407924,-11.986045016545917,-62.20858518620069,red
2022-06-12,oruro,-11.545362765552104,-11.678805551071509,13.34427855194047,green
2022-06-19,oruro,-11.787380576768461,-11.898647666468765,11.126708970030386,green
2022-06-26,oruro,-11.935121558021276,-12.642680404642109,70.75588466208328,green
2022-07-03,oruro,-11.6331897612941,-11.818573683702114,18.53839224080147,green
2022-07-10,oruro,-11.346164553578397,-11.01274479282942,-33.34197607489777,red
2022-07-17,oruro,-11.991049578146765,-11.513062283712614,-47.798729443415056,red
2022-07-24,oruro,-11.51715658647998,-11.957476867014563,44.03202805345838,green
2022-07-31,oruro,-11.294468559760329,-11.713409479827554,41.894092006722516,green
2022-08-07,oruro,-11.884520879547525,-11.166644699287291,-71.78761802602338,red
2022-08-14,oruro,-11.229101088636364,-11.540825387880506,31.172429924414224,green
2022-08-21,oruro,-11.520744289226586,-11.204529133267206,-31.62151559593802,red
2022-08-28,oruro,-11.324221578964345,-11.609000497691975,28.477891872763017,green
2022-09-04,oruro,-11.343225049522692,-11.378631740549437,3.5406691026745207,yellow
2022-09-11,oruro,-11.091403441625346,-11.987313328335953,89.59098867106067,green
2022-09-18,oruro,-11.601234161057127,-10.947418761682043,-65.38153993750839,red
2022-09-25,oruro,-11.787040678167275,-11.091955346106571,-69.50853320607031,red
2022-10-02,oruro,-11.584670319286007,-11.545194989532387,-3.947532975361945,yellow
2022-10-09,oruro,-11.643747622273198,-11.883260971835188,23.951334956199055,green
2022-10-16,oruro,-11.766845319786075,-12.414969410584362,64.81240907982873,green
2022-10-23,oruro,-11.815382715132722,-12.49401508344076,67.86323683080369,green
2022-10-30,oruro,-11.667751720371108,-11.818313766658225,15.056204628711711,green
2022-11-06,oruro,-12.327596647379133,-11.874052102912206,-45.35445444669275,red
2022-11-13,oruro,-11.805616535627385,-12.044047365397201,23.843082976981655,green
2022-11-20,oruro,-11.700774272808507,-12.470287752110337,76.951347930183,green
2022-11-27,oruro,-11.913589259342292,-12.531247055910466,61.76577965681744,green
2022-12-04,oruro,-12.252290884962314,-11.315474281164281,-93.68166037980323,red
2022-12-11,oruro,-11.835069093322232,-11.487936333561986,-34.713275976024605,red
2022-12-18,oruro,-11.502603983006034,,,
2022-12-25,oruro,-11.750739470554274,-12.342707811235446,59.19683406811718,green
2023-01-01,oruro,-11.426724412955936,-12.276838236942284,85.0113823986348,green
2023-01-08,oruro,-11.855737236114694,-11.598435558435604,-25.730167767908974,red
2023-01-15,oruro,-11.356485515391771,-11.803615391410828,44.712987601905674,green
2023-01-22,oruro,-11.997167961559528,,,
2023-01-29,oruro,-11.582934903084887,-11.936542790068817,35.36078869839301,green
2023-02-05,oruro,-11.927798612399828,-11.78076601828892,-14.703259411090741,red
2023-02-12,oruro,-11.318492521183813,-11.807636925213405,48.91444040295916,green
2023-02-19,oruro,-11.904591665072386,-12.18765554082829,28.306387575590364,green
2023-02-26,oruro,-12.0785433987484,,,
2023-03-05,oruro,-11.820454653791396,-12.425070343070189,60.461568927879306,green
2023-03-12,oruro,-11.839825350232976,-12.362115610228697,52.22902599957209,green
2023-03-19,oruro,-12.616002902065052,-12.18006954289674,-43.593335916831144,red
2023-03-26,oruro,-12.796828246362479,-12.182811061039802,-61.40171853226768,red
2023-04-02,oruro,-11.967600770230588,-13.351086072944787,138.3485302714199,green
2023-04-09,oruro,-11.734129268468978,,,
2023-04-16,oruro,-12.055652986424164,-12.040730067045683,-1.4922919378481225,yellow
2023-04-23,oruro,-11.478834247524276,-11.88724777983008,40.841353230580424,green
2023-04-30,oruro,-11.52258352425743,-12.949900111437632,142.73165871802024,green
2023-05-07,oruro,,-12.04230842362228,,
2023-05-14,oruro,-11.607073143143255,-11.931456595560157,32.438345241690136,green
2023-05-21,oruro,-11.641633856802258,-11.252395881000323,-38.92379758019349,red
2023-05-28,oruro,-11.727039583938186,-11.584386668308737,-14.26529156294496,red
2023-06-04,oruro,-11.144530896964,-12.608130868407924,146.35999714439248,green
2023-06-11,oruro,-11.103142689274794,-11.545362765552104,44.22200762773105,green
2023-06-18,oruro,-11.44863503183842,-11.787380576768461,33.87455449300418,green
2023-06-25,oruro,-11.487044565811978,-11.935121558021276,44.80769922092982,green
2023-07-02,oruro,-11.108672859247136,-11.6331897612941,52.451690204696355,green
2023-07-09,oruro,-10.850278060552847,-11.346164553578397,49.58864930255498,green
2023-07-16,oruro,-11.444281052776827,-11.991049578146765,54.67685253699379,green
2023-07-23,oruro,-11.27472451160495,-11.51715658647998,24.24320748750297,green
2023-07-30,oruro,-11.069987380193362,-11.294468559760329,22.448117956696656,green
2023-08-06,oruro,-11.15452015324836,-11.884520879547525,73.00007262991653,green
2023-08-13,oruro,-11.433396269036697,-11.229101088636364,-20.4295180400333,red
2023-08-20,oruro,-11.342859120353172,-11.520744289226586,17.788516887341466,green
2023-08-27,oruro,-11.562205774266758,-11.324221578964345,-23.798419530241333,red
2023-09-03,oruro,-11.197707055581132,-11.343225049522692,14.551799394156006,green
2023-09-10,oruro,-11.28714029374085,-11.091403441625346,-19.573685211550362,red
2023-09-17,oruro,-11.300838919954245,-11.601234161057127,30.039524110288163,green
2023-09-24,oruro,-11.153281500295831,-11.787040678167275,63.37591778714433,green
2023-10-01,oruro,-11.156310261109894,-11.584670319286007,42.836005817611245,green
2023-10-08,oruro,-11.977755120820241,-11.643747622273198,-33.40074985470434,red
2023-10-15,oruro,-11.71781635304352,-11.766845319786075,4.90289667425543,yellow
2023-10-22,oruro,-12.06047658350315,-11.815382715132722,-24.50938683704269,red
2023-10-29,oruro,-12.315758251933616,-11.667751720371108,-64.80065315625083,red
2023-11-05,oruro,-11.806051012107224,-12.327596647379133,52.154563527190945,green
2023-11-12,oruro,-12.024441066491216,-11.805616535627385,-21.88245308638308,red
2023-11-19,oruro,-12.591912299577778,-11.700774272808507,-89.1138026769271,red
2023-11-26,oruro,-11.636221329351267,-11.913589259342292,27.736792999102455,green
2023-12-03,oruro,-11.487584947685143,-12.252290884962314,76.47059372771707,green
2023-12-10,oruro,-12.005212769590866,-11.835069093322232,-17.014367626863347,red
2023-12-17,oruro,,-11.502603983006034,,
2023-12-24,oruro,-12.242018270469202,-11.750739470554274,-49.12787999149284,red
2023-12-31,oruro,,-11.426724412955936,,
2024-01-07,oruro,-11.98489002370791,-11.855737236114694,-12.91527875932168,red
2024-01-14,oruro,-11.847848039106497,-11.356485515391771,-49.136252371472544,red
2024-01-21,oruro,-11.676497690263812,-11.997167961559528,32.067027129571635,green
2024-01-28,oruro,-12.254369415820618,-11.582934903084887,-67.14345127357308,red
2024-02-04,oruro,-12.01896058733981,-11.927798612399828,-9.116197493998257,red
2024-02-11,oruro,-11.628909098655322,-11.318492521183813,-31.041657747150886,red
2024-02-18,oruro,-11.70283095165863,-11.904591665072386,20.176071341375668,green
2024-02-25,oruro,-12.121538039156068,-12.0785433987484,-4.299464040766843,yellow
2024-03-03,oruro,-11.987044962132773,-11.820454653791396,-16.659030834137667,red
2024-03-10,oruro,,-11.839825350232976,,
2024-03-17,oruro,-12.01614409921389,-12.616002902065052,59.98588028511627,green
2024-03-24,oruro,-13.165966079065734,-12.796828246362479,-36.913783270325595,red
2024-03-31,oruro,-12.697519985148094,-11.967600770230588,-72.99192149175067,red
2024-04-07,oruro,-12.085221876354396,-11.734129268468978,-35.109260788541796,red
2024-04-14,oruro,-12.079823945355619,-12.055652986424164,-2.4170958931454933,yellow
2024-04-21,oruro,-11.838955403190408,-11.478834247524276,-36.01211556661319,red
2024-04-28,oruro,-11.504200088286431,-11.52258352425743,1.8383435970998008,yellow
2024-05-05,oruro,-11.453148859917087,,,
2024-05-12,oruro,-11.322791656792559,-11.607073143143255,28.42814863506966,green
2024-05-19,oruro,-12.49951464558381,-11.641633856802258,-85.78807887815518,red
2024-05-26,oruro,-12.026127189374792,-11.727039583938186,-29.908760543660584,red
2024-06-02,oruro,-11.450283446124468,-11.144530896964,-30.575254916046823,red
2024-06-09,oruro,-11.240658877481904,-11.103142689274794,-13.751618820711009,red
2024-06-16,oruro,-11.491312723323157,-11.44863503183842,-4.267769148473732,yellow
2024-06-23,oruro,-11.736540970668418,-11.487044565811978,-24.949640485644053,red
2024-06-30,oruro,-11.157079338284909,-11.108672859247136,-4.840647903777295,yellow
2024-07-07,oruro,-10.969178810903966,-10.850278060552847,-11.890075035111813,red
2024-07-14,oruro,-11.724901851635671,-11.444281052776827,-28.062079885884472,red
2024-07-21,oruro,-11.523757385524615,-11.27472451160495,-24.903287391966522,red
2024-07-28,oruro,-11.565680784542018,-11.069987380193362,-49.569340434865516,red
2024-08-04,oruro,-11.676036218653834,-11.15452015324836,-52.15160654054749,red
2024-08-11,oruro,-11.263689314704934,-11.433396269036697,16.970695433176353,green
2024-08-18,oruro,-11.112703262242855,-11.342859120353172,23.01558581103169,green
2024-08-25,oruro,-11.347419088094925,-11.562205774266758,21.47866861718324,green
2024-09-01,oruro,-11.41145305755971,-11.197707055581132,-21.374600197857774,red
2024-09-08,oruro,-11.634591908163209,-11.28714029374085,-34.74516144223596,red
2024-09-15,oruro,-11.280807387470084,-11.300838919954245,2.003153248416112,yellow
2024-09-22,oruro,-11.770866236818543,-11.153281500295831,-61.758473652271206,red
2024-09-29,oruro,-11.584780389789694,-11.156310261109894,-42.847012867980006,red
2024-10-06,oruro,-11.302720461126897,-11.977755120820241,67.50346596933437,green
2024-10-13,oruro,-11.702097264556732,-11.71781635304352,1.571908848678838,yellow
2024-10-20,oruro,-11.369812190001335,-12.06047658350315,69.06643935018141,green
2024-10-27,oruro,-11.537757865852212,-12.315758251933616,77.80003860814037,green
2024-11-03,oruro,-11.332670832543803,-11.806051012107224,47.33801795634207,green
2024-11-10,oruro,-11.75366312002413,-12.024441066491216,27.077794646708497,green
2024-11-17,oruro,-12.444694305733327,-12.591912299577778,14.721799384445156,green
2024-11-24,oruro,-11.372586734586433,-11.636221329351267,26.363459476483442,green
2024-12-01,oruro,-11.61909180629512,-11.487584947685143,-13.150685860997768,red
2024-12-08,oruro,-11.606543971120388,-12.005212769590866,39.8668798470478,green
2024-12-15,oruro,-12.054963434871157,,,
2024-12-22,oruro,-11.205819325374437,-12.242018270469202,103.61989450947658,green
2024-12-29,oruro,-11.752485490788409,,,
2025-01-05,oruro,-12.085769191656055,-11.98489002370791,-10.087916794814511,red
2025-01-12,oruro,-11.540169779804419,-11.847848039106497,30.76782593020777,green
2025-01-19,oruro,-11.642636938600166,-11.676497690263812,3.386075166364577,yellow
2025-01-26,oruro,-12.807457610716751,-12.254369415820618,-55.30881948961337,red
2025-02-02,oruro,-12.214227269148152,-12.01896058733981,-19.52666818083415,red
2025-02-09,oruro,-11.67731685563164,-11.628909098655322,-4.840775697631727,yellow
2025-02-16,oruro,-11.895500786512127,-11.70283095165863,-19.266983485349698,red
2025-02-23,oruro,-11.956259936575206,-12.121538039156068,16.527810258086184,green
2025-03-02,oruro,-12.042927982080506,-11.987044962132773,-5.588301994773381,red
2025-03-09,oruro,-12.19342307573521,,,
2025-03-16,oruro,-11.79060458321671,-12.01614409921389,22.55395159971787,green
2025-03-23,oruro,-12.142357241929208,-13.165966079065734,102.36088371365267,green
2025-03-30,oruro,-11.912837023323855,-12.697519985148094,78.46829618242398,green
2025-04-06,oruro,-11.767629623406318,-12.085221876354396,31.75922529480779,green
2025-04-13,oruro,-11.669889712475383,-12.079823945355619,40.99342328802358,green
2025-04-20,oruro,-11.771079487897236,-11.838955403190408,6.787591529317183,green
2025-04-27,oruro,-11.92706560697315,-11.504200088286431,-42.28655186867183,red
2025-05-04,oruro,-11.53603646737776,-11.453148859917087,-8.288760746067325,red
2025-05-11,oruro,-11.835034496618926,-11.322791656792559,-51.22428398263672,red
2025-05-18,oruro,-11.133888189941102,-12.49951464558381,136.56264556427084,green
2025-05-25,oruro,-11.318404028874502,-12.026127189374792,70.772316050029,green
2025-06-01,oruro,-11.160431268810852,-11.450283446124468,28.9852177313616,green
2025-06-08,oruro,-11.833659150632203,-11.240658877481904,-59.30002731502988,red
2025-06-15,oruro,-11.65543933309092,-11.491312723323157,-16.412660976776294,red
2025-06-22,oruro,-11.869583524274605,-11.736540970668418,-13.304255360618633,red
2025-06-29,oruro,-12.04740901045827,-11.157079338284909,-89.03296721733618,red
2025-07-06,oruro,-11.32238733047087,-10.969178810903966,-35.32085195669037,red
2025-07-13,oruro,-10.86920764017373,-11.724901851635671,85.5694211461941,green
2025-07-20,oruro,-11.294702057962636,-11.523757385524615,22.90553275619782,green
2025-07-27,oruro,-11.555909077948018,-11.565680784542018,0.9771706593999951,yellow
2025-08-03,oruro,-11.41715468193761,-11.676036218653834,25.888153671622405,green
2025-08-10,oruro,-11.417394158023768,-11.263689314704934,-15.37048433188346,red
2025-08-17,oruro,-11.013677328587459,-11.112703262242855,9.90259336553958,green
2025-08-24,oruro,-11.744032280039008,-11.347419088094925,-39.66131919440823,red
2025-08-31,oruro,-11.945144112445481,-11.41145305755971,-53.36910548857716,red
2025-09-07,oruro,-11.453641616222528,-11.634591908163209,18.09502919406807,green
2025-09-14,oruro,-11.094876677115145,-11.280807387470084,18.593071035493836,green
2025-09-21,oruro,-11.274973025806307,-11.770866236818543,49.58932110122358,green
2025-09-28,oruro,-11.519317433465869,-11.584780389789694,6.546295632382559,green
2025-10-05,oruro,-11.385291436110585,-11.302720461126897,-8.257097498368715,red
2025-10-12,oruro,-11.518883863746034,-11.702097264556732,18.32134008106987,green
2025-10-19,oruro,-11.930391261173781,-11.369812190001335,-56.05790711724463,red
2025-10-26,oruro,,-11.537757865852212,,
2025-11-02,oruro,,-11.332670832543803,,
2025-11-09,oruro,-11.524619907104569,-11.75366312002413,22.904321291956187,green
2025-11-16,oruro,-11.519717022832753,-12.444694305733327,92.49772829005742,green
2025-11-23,oruro,-11.499824184191615,-11.372586734586433,-12.723744960518246,red
2025-11-30,oruro,-11.770520698810467,-11.61909180629512,-15.14288925153462,red
2025-12-07,oruro,-11.6312696231598,-11.606543971120388,-2.4725652039412793,yellow
2025-12-14,oruro,-11.143455591230154,-12.054963434871157,91.15078436410028,green
2025-12-21,oruro,,-11.205819325374437,,
2025-12-28,oruro,-11.066650664405202,-11.752485490788409,68.5834826383207,green
2026-01-04,oruro,,-12.085769191656055,,
2026-01-11,oruro,-11.684716245687962,-11.540169779804419,-14.454646588354336,red
2026-01-18,oruro,-11.712787004262697,-11.642636938600166,-7.015006566253135,red
2026-01-25,oruro,-11.666698750069767,-12.807457610716751,114.07588606469847,green
2026-02-01,oruro,-11.602469819370942,-12.214227269148152,61.175744977721,green
2026-02-08,oruro,-11.95842263231106,-11.67731685563164,-28.11057766794196,red
2026-02-15,oruro,-11.748206383728558,-11.895500786512127,14.729440278356876,green
2026-02-22,oruro,-12.314285277968716,-11.956259936575206,-35.80253413935104,red
2026-03-01,oruro,-11.713445883008697,-12.042927982080506,32.9482099071809,green
2026-03-08,oruro,-11.635180705919275,-12.19342307573521,55.82423698159342,green
2026-03-15,oruro,-12.04951841299009,-11.79060458321671,-25.891382977337862,red
2026-03-22,oruro,-11.285758373504818,-12.142357241929208,85.65988684243902,green
2026-03-29,oruro,,-11.912837023323855,,
2026-04-05,oruro,,-11.767629623406318,,
2026-04-12,oruro,-12.018731686459725,-11.669889712475383,-34.884197398434225,red
2026-04-19,oruro,-11.576817563977109,-11.771079487897236,19.42619239201271,green
2026-04-26,oruro,-11.643760008930812,-11.92706560697315,28.33055980423378,green
2026-05-03,oruro,-11.815155677026917,-11.53603646737776,-27.911920964915637,red
2026-05-10,oruro,-11.445587889560324,-11.835034496618926,38.9446607058602,green
2018-07-01,potosi,,,,
2018-07-08,potosi,-11.954493842387837,,,
2018-07-15,potosi,-11.311770947428208,,,
2018-07-22,potosi,-12.38498695580024,,,
2018-07-29,potosi,,,,
2018-08-05,potosi,-12.84311885435377,,,
2018-08-12,potosi,-11.544676462876541,,,
2018-08-19,potosi,-11.369343873028882,,,
2018-08-26,potosi,-11.39268656140014,,,
2018-09-02,potosi,-11.421640580711768,,,
2018-09-09,potosi,-11.211951238630094,,,
2018-09-16,potosi,-11.500557197839827,,,
2018-09-23,potosi,-11.418930731427846,,,
2018-09-30,potosi,-12.479502193535605,,,
2018-10-07,potosi,-11.85786064418984,,,
2018-10-14,potosi,-11.626750991972534,,,
2018-10-21,potosi,-12.130340525186963,,,
2018-10-28,potosi,-11.3280730478072,,,
2018-11-04,potosi,-12.01919237053949,,,
2018-11-11,potosi,-12.280221889015635,,,
2018-11-18,potosi,,,,
2018-11-25,potosi,-12.424679716191475,,,
2018-12-02,potosi,,,,
2018-12-09,potosi,-11.661768428727523,,,
2018-12-16,potosi,-12.537411969001857,,,
2018-12-23,potosi,,,,
2018-12-30,potosi,,,,
2019-01-06,potosi,,,,
2019-01-13,potosi,-11.872351000801677,,,
2019-01-20,potosi,,,,
2019-01-27,potosi,-12.039431242662394,,,
2019-02-03,potosi,,,,
2019-02-10,potosi,-11.683213118560056,,,
2019-02-17,potosi,,,,
2019-02-24,potosi,-13.033795457801006,,,
2019-03-03,potosi,-11.717034238002743,,,
2019-03-10,potosi,-12.954727291056725,,,
2019-03-17,potosi,-11.69552458613385,,,
2019-03-24,potosi,-11.530474161918697,,,
2019-03-31,potosi,-11.817569264862366,,,
2019-04-07,potosi,-11.796947523267447,,,
2019-04-14,potosi,-11.735422959086689,,,
2019-04-21,potosi,-11.809496190574976,,,
2019-04-28,potosi,-11.671863998914157,,,
2019-05-05,potosi,-12.002524180651637,,,
2019-05-12,potosi,-12.670194879210548,,,
2019-05-19,potosi,-11.537173886312676,,,
2019-05-26,potosi,-12.079645976406095,,,
2019-06-02,potosi,-12.714595394946375,,,
2019-06-09,potosi,-11.332037063687944,,,
2019-06-16,potosi,-11.439778079222576,,,
2019-06-23,potosi,-11.711842703671007,,,
2019-06-30,potosi,-12.019790390300104,,,
2019-07-07,potosi,-11.342822144022424,-11.954493842387837,61.16716983654129,green
2019-07-14,potosi,-11.621461438108705,-11.311770947428208,-30.969049068049692,red
2019-07-21,potosi,-11.398873312228702,-12.38498695580024,98.61136435715387,green
2019-07-28,potosi,-11.609347554003946,,,
2019-08-04,potosi,-11.78369164959625,-12.84311885435377,105.94272047575205,green
2019-08-11,potosi,-11.178958480698311,-11.544676462876541,36.57179821782304,green
2019-08-18,potosi,-11.041794746948375,-11.369343873028882,32.754912608050724,green
2019-08-25,potosi,-10.858060242109657,-11.39268656140014,53.46263192904832,green
2019-09-01,potosi,-11.203519367111738,-11.421640580711768,21.81212136000301,green
2019-09-08,potosi,,-11.211951238630094,,
2019-09-15,potosi,-11.179759337893515,-11.500557197839827,32.079785994631216,green
2019-09-22,potosi,-11.179510879014835,-11.418930731427846,23.94198524130111,green
2019-09-29,potosi,-11.03432268534554,-12.479502193535605,144.51795081900656,green
2019-10-06,potosi,,-11.85786064418984,,
2019-10-13,potosi,-11.298444511560518,-11.626750991972534,32.83064804120155,green
2019-10-20,potosi,,-12.130340525186963,,
2019-10-27,potosi,-11.902846306087007,-11.3280730478072,-57.477325827980685,red
2019-11-03,potosi,-13.637630613713563,-12.01919237053949,-161.8438243174074,red
2019-11-10,potosi,,-12.280221889015635,,
2019-11-17,potosi,-12.616886895454495,,,
2019-11-24,potosi,-12.162035165918969,-12.424679716191475,26.264455027250655,green
2019-12-01,potosi,-11.576011881584927,,,
2019-12-08,potosi,-11.687301998537961,-11.661768428727523,-2.5533569810438195,yellow
2019-12-15,potosi,-12.361126608790935,-12.537411969001857,17.628536021092245,green
2019-12-22,potosi,,,,
2019-12-29,potosi,,,,
2020-01-05,potosi,,,,
2020-01-12,potosi,,-11.872351000801677,,
2020-01-19,potosi,-11.705940261818462,,,
2020-01-26,potosi,-11.762793167852125,-12.039431242662394,27.663807481026836,green
2020-02-02,potosi,-11.309799544647515,,,
2020-02-09,potosi,,-11.683213118560056,,
2020-02-16,potosi,-11.662303585418057,,,
2020-02-23,potosi,,-13.033795457801006,,
2020-03-01,potosi,,-11.717034238002743,,
2020-03-08,potosi,-12.571094567400973,-12.954727291056725,38.36327236557526,green
2020-03-15,potosi,-12.245831016905493,-11.69552458613385,-55.03064307716432,red
2020-03-22,potosi,-11.687111634074265,-11.530474161918697,-15.66374721555679,red
2020-03-29,potosi,-11.473775533624508,-11.817569264862366,34.37937312378576,green
2020-04-05,potosi,-11.943360105783707,-11.796947523267447,-14.641258251626077,red
2020-04-12,potosi,-12.47059309112845,-11.735422959086689,-73.51701320417607,red
2020-04-19,potosi,-12.975422527361413,-11.809496190574976,-116.59263367864376,red
2020-04-26,potosi,-12.49141627902156,-11.671863998914157,-81.95522801074037,red
2020-05-03,potosi,-12.77151219325101,-12.002524180651637,-76.89880125993724,red
2020-05-10,potosi,-12.08743557096691,-12.670194879210548,58.2759308243638,green
2020-05-17,potosi,-12.511271292308297,-11.537173886312676,-97.40974059956216,red
2020-05-24,potosi,-13.647385361207403,-12.079645976406095,-156.77393848013085,red
2020-05-31,potosi,-12.170448093312782,-12.714595394946375,54.41473016335934,green
2020-06-07,potosi,-12.879191411250515,-11.332037063687944,-154.71543475625714,red
2020-06-14,potosi,-11.893312795181194,-11.439778079222576,-45.353471595861805,red
2020-06-21,potosi,-12.01173326758124,-11.711842703671007,-29.98905639102336,red
2020-06-28,potosi,-12.446900971387276,-12.019790390300104,-42.711058108717204,red
2020-07-05,potosi,-12.207544910970597,-11.342822144022424,-86.4722766948173,red
2020-07-12,potosi,-12.422094923706027,-11.621461438108705,-80.06334855973219,red
2020-07-19,potosi,-11.614165204245413,-11.398873312228702,-21.529189201671173,red
2020-07-26,potosi,-12.43470181686158,-11.609347554003946,-82.53542628576334,red
2020-08-02,potosi,-11.487808134899627,-11.78369164959625,29.5883514696623,green
2020-08-09,potosi,-11.060390661576442,-11.178958480698311,11.856781912186953,green
2020-08-16,potosi,-12.054604741004997,-11.041794746948375,-101.28099940566227,red
2020-08-23,potosi,-11.682693607352286,-10.858060242109657,-82.46333652426294,red
2020-08-30,potosi,-11.159267028404413,-11.203519367111738,4.425233870732548,yellow
2020-09-06,potosi,-11.120497182554463,,,
2020-09-13,potosi,,-11.179759337893515,,
2020-09-20,potosi,-11.203278373571871,-11.179510879014835,-2.376749455703653,yellow
2020-09-27,potosi,-11.224427780929926,-11.03432268534554,-19.01050955843857,red
2020-10-04,potosi,-11.529475232412079,,,
2020-10-11,potosi,,-11.298444511560518,,
2020-10-18,potosi,-11.539744792715897,,,
2020-10-25,potosi,-11.915373474031185,-11.902846306087007,-1.2527167944178075,yellow
2020-11-01,potosi,-12.047425786870157,-13.637630613713563,159.0204826843406,green
2020-11-08,potosi,-12.286357502089482,,,
2020-11-15,potosi,-11.507749856929852,-12.616886895454495,110.91370385246435,green
2020-11-22,potosi,-12.050109271301475,-12.162035165918969,11.192589461749414,green
2020-11-29,potosi,,-11.576011881584927,,
2020-12-06,potosi,,-11.687301998537961,,
2020-12-13,potosi,-13.639965414005244,-12.361126608790935,-127.88388052143098,red
2020-12-20,potosi,-11.928696088727948,,,
2020-12-27,potosi,,,,
2021-01-03,potosi,-12.239683201180405,,,
2021-01-10,potosi,,,,
2021-01-17,potosi,,-11.705940261818462,,
2021-01-24,potosi,,-11.762793167852125,,
2021-01-31,potosi,-11.903080041077066,-11.309799544647515,-59.32804964295517,red
2021-02-07,potosi,-11.750656022231754,,,
2021-02-14,potosi,-11.563884356248234,-11.662303585418057,9.841922916982249,green
2021-02-21,potosi,,,,
2021-02-28,potosi,-11.308672232917408,,,
2021-03-07,potosi,,-12.571094567400973,,
2021-03-14,potosi,-11.736650675292257,-12.245831016905493,50.91803416132361,green
2021-03-21,potosi,,-11.687111634074265,,
2021-03-28,potosi,-11.686406412372172,-11.473775533624508,-21.263087874766384,red
2021-04-04,potosi,-11.558789086726804,-11.943360105783707,38.457101905690294,green
2021-04-11,potosi,-12.797573398258494,-12.47059309112845,-32.69803071300448,red
2021-04-18,potosi,-11.616569257621943,-12.975422527361413,135.88532697394697,green
2021-04-25,potosi,-12.19926235162293,-12.49141627902156,29.215392739862978,green
2021-05-02,potosi,-11.954961550751358,-12.77151219325101,81.65506424996511,green
2021-05-09,potosi,-12.840122564181994,-12.08743557096691,-75.26869932150842,red
2021-05-16,potosi,-12.349263407498153,-12.511271292308297,16.200788481014428,green
2021-05-23,potosi,-12.1028285983562,-13.647385361207403,154.45567628512026,green
2021-05-30,potosi,-12.334455246661976,-12.170448093312782,-16.400715334919447,red
2021-06-06,potosi,-11.924631569964014,-12.879191411250515,95.45598412865016,green
2021-06-13,potosi,-12.023182186626027,-11.893312795181194,-12.986939144483323,red
2021-06-20,potosi,-11.880187269967537,-12.01173326758124,13.154599761370278,green
2021-06-27,potosi,,-12.446900971387276,,
2021-07-04,potosi,-11.34250142789264,-12.207544910970597,86.50434830779562,green
2021-07-11,potosi,-11.38553209945587,-12.422094923706027,103.6562824250156,green
2021-07-18,potosi,-12.528588583168972,-11.614165204245413,-91.44233789235585,red
2021-07-25,potosi,-11.782295223579164,-12.43470181686158,65.2406593282416,green
2021-08-01,potosi,-12.521950652526519,-11.487808134899627,-103.41425176268916,red
2021-08-08,potosi,-11.398771201422312,-11.060390661576442,-33.83805398458701,red
2021-08-15,potosi,-11.662089628173192,-12.054604741004997,39.25151128318056,green
2021-08-22,potosi,-11.016655056666842,-11.682693607352286,66.60385506854442,green
2021-08-29,potosi,-11.863840722282337,-11.159267028404413,-70.4573693877924,red
2021-09-05,potosi,-10.980807231149617,-11.120497182554463,13.96899514048453,green
2021-09-12,potosi,-11.661983641890853,,,
2021-09-19,potosi,-11.374699939890236,-11.203278373571871,-17.142156631836514,red
2021-09-26,potosi,-11.065288167570976,-11.224427780929926,15.91396133589491,green
2021-10-03,potosi,-12.25244094308891,-11.529475232412079,-72.29657106768315,red
2021-10-10,potosi,-11.7552787910503,,,
2021-10-17,potosi,-12.953182093071328,-11.539744792715897,-141.34373003554313,red
2021-10-24,potosi,-12.134591680106132,-11.915373474031185,-21.921820607494702,red
2021-10-31,potosi,-11.865963186970491,-12.047425786870157,18.146259989966573,green
2021-11-07,potosi,-13.487064145213116,-12.286357502089482,-120.07066431236346,red
2021-11-14,potosi,-13.638674545889259,-11.507749856929852,-213.09246889594073,red
2021-11-21,potosi,-12.609021986286695,-12.050109271301475,-55.891271498522066,red
2021-11-28,potosi,-12.878673174486044,,,
2021-12-05,potosi,,,,
2021-12-12,potosi,,-13.639965414005244,,
2021-12-19,potosi,-11.892723879466342,-11.928696088727948,3.597220926160638,yellow
2021-12-26,potosi,,,,
2022-01-02,potosi,-12.918669078834663,-12.239683201180405,-67.89858776542576,red
2022-01-09,potosi,,,,
2022-01-16,potosi,,,,
2022-01-23,potosi,,,,
2022-01-30,potosi,,-11.903080041077066,,
2022-02-06,potosi,,-11.750656022231754,,
2022-02-13,potosi,-12.605113168228305,-11.563884356248234,-104.1228811980071,red
2022-02-20,potosi,-11.948032855903072,,,
2022-02-27,potosi,-12.175291247648113,-11.308672232917408,-86.66190147307056,red
2022-03-06,potosi,-12.535202372767463,,,
2022-03-13,potosi,-11.613441040135479,-11.736650675292257,12.320963515677796,green
2022-03-20,potosi,-12.65691235760354,,,
2022-03-27,potosi,-13.486542757977237,-11.686406412372172,-180.0136345605065,red
2022-04-03,potosi,-11.72461544696357,-11.558789086726804,-16.582636023676578,red
2022-04-10,potosi,-11.927550693718208,-12.797573398258494,87.00227045402862,green
2022-04-17,potosi,-12.04142511312799,-11.616569257621943,-42.48558555060473,red
2022-04-24,potosi,-12.220869438357077,-12.19926235162293,-2.1607086734146463,yellow
2022-05-01,potosi,-11.526653341953283,-11.954961550751358,42.83082087980752,green
2022-05-08,potosi,-11.808740894018182,-12.840122564181994,103.1381670163812,green
2022-05-15,potosi,-12.235342168374874,-12.349263407498153,11.39212391232789,green
2022-05-22,potosi,-11.75936897209076,-12.1028285983562,34.34596262654406,green
2022-05-29,potosi,-12.032736997022079,-12.334455246661976,30.171824963989735,green
2022-06-05,potosi,-12.463366993877973,-11.924631569964014,-53.8735423913959,red
2022-06-12,potosi,-11.457386529939285,-12.023182186626027,56.57956566867419,green
2022-06-19,potosi,-11.555815623404062,-11.880187269967537,32.43716465634758,green
2022-06-26,potosi,-12.351139619285677,,,
2022-07-03,potosi,-11.498303153210262,-11.34250142789264,-15.580172531762138,red
2022-07-10,potosi,-11.837448817192778,-11.38553209945587,-45.1916717736907,red
2022-07-17,potosi,-11.898612053699287,-12.528588583168972,62.99765294696851,green
2022-07-24,potosi,-11.62352810784656,-11.782295223579164,15.876711573260316,green
2022-07-31,potosi,-11.202512599712941,-12.521950652526519,131.94380528135775,green
2022-08-07,potosi,-11.656494952508666,-11.398771201422312,-25.772375108635437,red
2022-08-14,potosi,-11.380465789958173,-11.662089628173192,28.16238382150189,green
2022-08-21,potosi,-11.79791176536781,-11.016655056666842,-78.12567087009671,red
2022-08-28,potosi,-11.272630342893969,-11.863840722282337,59.12103793883681,green
2022-09-04,potosi,-11.291842822635262,-10.980807231149617,-31.103559148564486,red
2022-09-11,potosi,-11.194128051483156,-11.661983641890853,46.78555904076962,green
2022-09-18,potosi,-11.301265275755389,-11.374699939890236,7.343466413484734,green
2022-09-25,potosi,-12.27213701698691,-11.065288167570976,-120.6848849415934,red
2022-10-02,potosi,-11.631376274078974,-12.25244094308891,62.106466900993595,green
2022-10-09,potosi,-11.752609999674084,-11.7552787910503,0.26687913762160065,yellow
2022-10-16,potosi,-11.440378543320833,-12.953182093071328,151.28035497504956,green
2022-10-23,potosi,-12.26166739063713,-12.134591680106132,-12.707571053099898,red
2022-10-30,potosi,-11.45812348912789,-11.865963186970491,40.783969784260066,green
2022-11-06,potosi,-11.722932121013644,-13.487064145213116,176.41320241994725,green
2022-11-13,potosi,-12.445527738452444,-13.638674545889259,119.31468074368148,green
2022-11-20,potosi,-11.761265308473012,-12.609021986286695,84.7756677813683,green
2022-11-27,potosi,-12.084550065395783,-12.878673174486044,79.41231090902612,green
2022-12-04,potosi,-11.577242159392808,,,
2022-12-11,potosi,,,,
2022-12-18,potosi,-11.537257887546138,-11.892723879466342,35.546599192020345,green
2022-12-25,potosi,-12.147299707339052,,,
2023-01-01,potosi,-13.738242169638184,-12.918669078834663,-81.95730908035213,red
2023-01-08,potosi,,,,
2023-01-15,potosi,-11.44199614660088,,,
2023-01-22,potosi,-12.211675808054899,,,
2023-01-29,potosi,,,,
2023-02-05,potosi,-12.34683714379546,,,
2023-02-12,potosi,-11.954458518715997,-12.605113168228305,65.06546495123082,green
2023-02-19,potosi,-11.527117223605375,-11.948032855903072,42.09156322976977,green
2023-02-26,potosi,-12.28747197434146,-12.175291247648113,-11.218072669334767,red
2023-03-05,potosi,-11.448506073148268,-12.535202372767463,108.66962996191951,green
2023-03-12,potosi,-12.346500391328581,-11.613441040135479,-73.3059351193102,red
2023-03-19,potosi,-11.620009017370622,-12.65691235760354,103.6903340232918,green
2023-03-26,potosi,-12.24576199424453,-13.486542757977237,124.07807637327065,green
2023-04-02,potosi,-11.755977647580416,-11.72461544696357,-3.136220061684547,yellow
2023-04-09,potosi,,-11.927550693718208,,
2023-04-16,potosi,-11.86168669343303,-12.04142511312799,17.973841969496007,green
2023-04-23,potosi,-11.723721368509558,-12.220869438357077,49.7148069847519,green
2023-04-30,potosi,-11.573597158593959,-11.526653341953283,-4.694381664067571,yellow
2023-05-07,potosi,-11.837369458604389,-11.808740894018182,-2.862856458620655,yellow
2023-05-14,potosi,-12.21033792484789,-12.235342168374874,2.500424352698438,yellow
2023-05-21,potosi,-11.986315306482368,-11.75936897209076,-22.69463343916076,red
2023-05-28,potosi,-12.331671126114927,-12.032736997022079,-29.893412909284756,red
2023-06-04,potosi,-11.471635101173915,-12.463366993877973,99.1731892704058,green
2023-06-11,potosi,-11.323190819461205,-11.457386529939285,13.419571047807999,green
2023-06-18,potosi,-11.94720399526965,-11.555815623404062,-39.13883718655882,red
2023-06-25,potosi,-11.492298733905372,-12.351139619285677,85.88408853803048,green
2023-07-02,potosi,-11.219128922807911,-11.498303153210262,27.91742304023508,green
2023-07-09,potosi,-11.478466530045909,-11.837448817192778,35.89822871468691,green
2023-07-16,potosi,-11.876019110181382,-11.898612053699287,2.2592943517905084,yellow
2023-07-23,potosi,-11.107646504201028,-11.62352810784656,51.588160364553204,green
2023-07-30,potosi,-11.825189921613674,-11.202512599712941,-62.26773219007331,red
2023-08-06,potosi,-11.881839558187664,-11.656494952508666,-22.534460567899828,red
2023-08-13,potosi,-11.657920454789801,-11.380465789958173,-27.74546648316285,red
2023-08-20,potosi,-11.371649171413358,-11.79791176536781,42.62625939544513,green
2023-08-27,potosi,-11.364809130193372,-11.272630342893969,-9.21787872994031,red
2023-09-03,potosi,-11.305869732844718,-11.291842822635262,-1.4026910209455679,yellow
2023-09-10,potosi,-11.544592089126814,-11.194128051483156,-35.04640376436576,red
2023-09-17,potosi,-11.222104761515947,-11.301265275755389,7.916051423944204,green
2023-09-24,potosi,-11.528457071775543,-12.27213701698691,74.36799452113672,green
2023-10-01,potosi,-10.879596525826967,-11.631376274078974,75.17797482520069,green
2023-10-08,potosi,-12.114424960887165,-11.752609999674084,-36.18149612130814,red
2023-10-15,potosi,-11.466596802046348,-11.440378543320833,-2.6218258725515753,yellow
2023-10-22,potosi,-11.277711962620318,-12.26166739063713,98.3955428016813,green
2023-10-29,potosi,-12.5325882680939,-11.45812348912789,-107.4464778966009,red
2023-11-05,potosi,-11.845912133479722,-11.722932121013644,-12.298001246607804,red
2023-11-12,potosi,,-12.445527738452444,,
2023-11-19,potosi,,-11.761265308473012,,
2023-11-26,potosi,,-12.084550065395783,,
2023-12-03,potosi,-11.532151829930966,-11.577242159392808,4.509032946184277,yellow
2023-12-10,potosi,,,,
2023-12-17,potosi,-11.972781534594416,-11.537257887546138,-43.552364704827795,red
2023-12-24,potosi,,-12.147299707339052,,
2023-12-31,potosi,,-13.738242169638184,,
2024-01-07,potosi,-12.771173142994257,,,
2024-01-14,potosi,-11.613062230092876,-11.44199614660088,-17.106608349199526,red
2024-01-21,potosi,-11.651244131353044,-12.211675808054899,56.04316767018549,green
2024-01-28,potosi,-11.759370778654949,,,
2024-02-04,potosi,-11.687692446860677,-12.34683714379546,65.91446969347831,green
2024-02-11,potosi,,-11.954458518715997,,
2024-02-18,potosi,,-11.527117223605375,,
2024-02-25,potosi,-11.476059427758397,-12.28747197434146,81.1412546583064,green
2024-03-03,potosi,-11.621850859963038,-11.448506073148268,-17.334478681476995,red
2024-03-10,potosi,,-12.346500391328581,,
2024-03-17,potosi,-12.12639083394424,-11.620009017370622,-50.63818165736187,red
2024-03-24,potosi,-14.784914711069806,-12.24576199424453,-253.91527168252762,red
2024-03-31,potosi,-11.617374535889152,-11.755977647580416,13.860311169126405,green
2024-04-07,potosi,-12.25025208959806,,,
2024-04-14,potosi,-11.2388817203688,-11.86168669343303,62.280497306423044,green
2024-04-21,potosi,-11.8728469632517,-11.723721368509558,-14.912559474214149,red
2024-04-28,potosi,-11.661495019646614,-11.573597158593959,-8.789786105265485,red
2024-05-05,potosi,-12.131048841842022,-11.837369458604389,-29.367938323763276,red
2024-05-12,potosi,-11.693668292946102,-12.21033792484789,51.666963190178805,green
2024-05-19,potosi,-14.691522112849315,-11.986315306482368,-270.5206806366947,red
2024-05-26,potosi,-12.284824155675173,-12.331671126114927,4.684697043975383,yellow
2024-06-02,potosi,-11.506884749213286,-11.471635101173915,-3.5249648039371806,yellow
2024-06-09,potosi,-11.782473465760368,-11.323190819461205,-45.92826462991635,red
2024-06-16,potosi,-11.43638547943138,-11.94720399526965,51.08185158382703,green
2024-06-23,potosi,-12.01434790352013,-11.492298733905372,-52.20491696147587,red
2024-06-30,potosi,-11.9663537773699,-11.219128922807911,-74.72248545619884,red
2024-07-07,potosi,-11.019960929112749,-11.478466530045909,45.850560093315984,green
2024-07-14,potosi,-11.771707096301295,-11.876019110181382,10.43120138800866,green
2024-07-21,potosi,-11.525368171442722,-11.107646504201028,-41.772166724169324,red
2024-07-28,potosi,-11.693036957020523,-11.825189921613674,13.215296459315162,green
2024-08-04,potosi,-11.392127239970812,-11.881839558187664,48.97123182168528,green
2024-08-11,potosi,-11.715534447310468,-11.657920454789801,-5.761399252066646,red
2024-08-18,potosi,-11.665676622779477,-11.371649171413358,-29.40274513661194,red
2024-08-25,potosi,-11.197618263995357,-11.364809130193372,16.719086619801438,green
2024-09-01,potosi,-11.777196093097952,-11.305869732844718,-47.13263602532347,red
2024-09-08,potosi,-11.286498440181282,-11.544592089126814,25.809364894553255,green
2024-09-15,potosi,,-11.222104761515947,,
2024-09-22,potosi,-11.128826144430363,-11.528457071775543,39.963092734518035,green
2024-09-29,potosi,-11.517340614564306,-10.879596525826967,-63.77440887373389,red
2024-10-06,potosi,-11.732679409010961,-12.114424960887165,38.174555187620385,green
2024-10-13,potosi,-11.228010737161268,-11.466596802046348,23.858606488508016,green
2024-10-20,potosi,-11.730060299160069,-11.277711962620318,-45.23483365397514,red
2024-10-27,potosi,-11.650055787720865,-12.5325882680939,88.2532480373035,green
2024-11-03,potosi,-11.978947609718968,-11.845912133479722,-13.303547623924672,red
2024-11-10,potosi,-12.416798866273252,,,
2024-11-17,potosi,-13.498686123093659,,,
2024-11-24,potosi,-13.520599091066694,,,
2024-12-01,potosi,,-11.532151829930966,,
2024-12-08,potosi,,,,
2024-12-15,potosi,-12.237481976449299,-11.972781534594416,-26.470044185488284,red
2024-12-22,potosi,,,,
2024-12-29,potosi,-11.444444407501795,,,
2025-01-05,potosi,-11.799345494644966,-12.771173142994257,97.18276483492917,green
2025-01-12,potosi,,-11.613062230092876,,
2025-01-19,potosi,-11.804522700399433,-11.651244131353044,-15.327856904638892,red
2025-01-26,potosi,,-11.759370778654949,,
2025-02-02,potosi,-12.449094170174734,-11.687692446860677,-76.1401723314057,red
2025-02-09,potosi,-12.03557088782076,,,
2025-02-16,potosi,,,,
2025-02-23,potosi,-11.778468926275053,-11.476059427758397,-30.240949851665633,red
2025-03-02,potosi,-11.822991482664099,-11.621850859963038,-20.114062270106103,red
2025-03-09,potosi,,,,
2025-03-16,potosi,,-12.12639083394424,,
2025-03-23,potosi,-11.734262024515326,-14.784914711069806,305.06526865544805,green
2025-03-30,potosi,-12.019850211651963,-11.617374535889152,-40.247567576281185,red
2025-04-06,potosi,,-12.25025208959806,,
2025-04-13,potosi,-11.817737893907319,-11.2388817203688,-57.88561735385187,red
2025-04-20,potosi,-11.878655283731769,-11.8728469632517,-0.5808320480069185,yellow
2025-04-27,potosi,-11.898911014568414,-11.661495019646614,-23.741599492180043,red
2025-05-04,potosi,-12.091540562469692,-12.131048841842022,3.950827937232937,yellow
2025-05-11,potosi,-11.878401034732953,-11.693668292946102,-18.473274178685095,red
2025-05-18,potosi,-11.369790487457234,-14.691522112849315,332.1731625392081,green
2025-05-25,potosi,-11.346286310359723,-12.284824155675173,93.85378453154499,green
2025-06-01,potosi,-11.473144307262807,-11.506884749213286,3.374044195047965,yellow
2025-06-08,potosi,-11.942422300143654,-11.782473465760368,-15.9948834383286,red
2025-06-15,potosi,-12.17663551696494,-11.43638547943138,-74.02500375335599,red
2025-06-22,potosi,-12.235270580450528,-12.01434790352013,-22.09226769303978,red
2025-06-29,potosi,-12.480590782496387,-11.9663537773699,-51.42370051264873,red
2025-07-06,potosi,-11.295635199264387,-11.019960929112749,-27.567427015163837,red
2025-07-13,potosi,-11.136685897443256,-11.771707096301295,63.50211988580394,green
2025-07-20,potosi,-12.036496327644105,-11.525368171442722,-51.11281562013836,red
2025-07-27,potosi,-11.567358347559596,-11.693036957020523,12.56786094609268,green
2025-08-03,potosi,-12.081337828355275,-11.392127239970812,-68.92105883844638,red
2025-08-10,potosi,-11.961417828437575,-11.715534447310468,-24.588338112710773,red
2025-08-17,potosi,-11.884627733305232,-11.665676622779477,-21.895111052575444,red
2025-08-24,potosi,-11.973317516682332,-11.197618263995357,-77.56992526869749,red
2025-08-31,potosi,-11.420194139738477,-11.777196093097952,35.70019533594753,green
2025-09-07,potosi,,-11.286498440181282,,
2025-09-14,potosi,-11.29670321645217,,,
2025-09-21,potosi,-11.276196779540712,-11.128826144430363,-14.737063511034876,red
2025-09-28,potosi,-11.60030982714734,-11.517340614564306,-8.296921258303414,red
2025-10-05,potosi,-11.381038245925899,-11.732679409010961,35.164116308506266,green
2025-10-12,potosi,-11.785036508707936,-11.228010737161268,-55.70257715466678,red
2025-10-19,potosi,-11.790013603987715,-11.730060299160069,-5.995330482764594,red
2025-10-26,potosi,,-11.650055787720865,,
2025-11-02,potosi,,-11.978947609718968,,
2025-11-09,potosi,-11.84369783833515,-12.416798866273252,57.31010279381028,green
2025-11-16,potosi,-11.57218907474505,-13.498686123093659,192.6497048348608,green
2025-11-23,potosi,-11.975319875472506,-13.520599091066694,154.52792155941887,green
2025-11-30,potosi,-13.957556696231599,,,
2025-12-07,potosi,,,,
2025-12-14,potosi,-11.230135700925967,-12.237481976449299,100.73462755233322,green
2025-12-21,potosi,-12.285387991316542,,,
2025-12-28,potosi,-11.382946582958255,-11.444444407501795,6.149782454354025,green
2026-01-04,potosi,,-11.799345494644966,,
2026-01-11,potosi,,,,
2026-01-18,potosi,,-11.804522700399433,,
2026-01-25,potosi,,,,
2026-02-01,potosi,,-12.449094170174734,,
2026-02-08,potosi,-11.718119480975512,-12.03557088782076,31.74514068452492,green
2026-02-15,potosi,-11.848761833470844,,,
2026-02-22,potosi,-11.356176803217817,-11.778468926275053,42.22921230572361,green
2026-03-01,potosi,-11.759744207737976,-11.822991482664099,6.324727492612325,green
2026-03-08,potosi,,,,
2026-03-15,potosi,-12.299893715057006,,,
2026-03-22,potosi,-11.32406920464529,-11.734262024515326,41.01928198700353,green
2026-03-29,potosi,-11.913278881761174,-12.019850211651963,10.65713298907891,green
2026-04-05,potosi,-11.310629080961576,,,
2026-04-12,potosi,,-11.817737893907319,,
2026-04-19,potosi,-12.972371249947827,-11.878655283731769,-109.37159662160579,red
2026-04-26,potosi,-12.130833592713378,-11.898911014568414,-23.192257814496386,red
2026-05-03,potosi,-11.911887255136397,-12.091540562469692,17.965330733329488,green
2026-05-10,potosi,-11.48618272094059,-11.878401034732953,39.22183137923625,green
2018-07-01,santa_cruz,,,,
2018-07-08,santa_cruz,-11.329590136034598,,,
2018-07-15,santa_cruz,-11.238484303033916,,,
2018-07-22,santa_cruz,-11.403596872560705,,,
2018-07-29,santa_cruz,-11.138750520827152,,,
2018-08-05,santa_cruz,,,,
2018-08-12,santa_cruz,-10.389012343023012,,,
2018-08-19,santa_cruz,-10.531808344739169,,,
2018-08-26,santa_cruz,-10.53290395947353,,,
2018-09-02,santa_cruz,-10.251251537950422,,,
2018-09-09,santa_cruz,-10.25278898505569,,,
2018-09-16,santa_cruz,-9.886486854071418,,,
2018-09-23,santa_cruz,-10.35247875444663,,,
2018-09-30,santa_cruz,-10.368817915353807,,,
2018-10-07,santa_cruz,-10.699260816828266,,,
2018-10-14,santa_cruz,-10.684842227616963,,,
2018-10-21,santa_cruz,-10.965595020940654,,,
2018-10-28,santa_cruz,-10.848944331609937,,,
2018-11-04,santa_cruz,-11.237647326712448,,,
2018-11-11,santa_cruz,-11.058092329352474,,,
2018-11-18,santa_cruz,-11.279494442525214,,,
2018-11-25,santa_cruz,-11.026209013904163,,,
2018-12-02,santa_cruz,-11.078171740329045,,,
2018-12-09,santa_cruz,-11.17314229291972,,,
2018-12-16,santa_cruz,-11.539447603315635,,,
2018-12-23,santa_cruz,-12.885121758024692,,,
2018-12-30,santa_cruz,-11.523656016319142,,,
2019-01-06,santa_cruz,-11.534018526408463,,,
2019-01-13,santa_cruz,,,,
2019-01-20,santa_cruz,-11.224534186903957,,,
2019-01-27,santa_cruz,-11.087819668201243,,,
2019-02-03,santa_cruz,-10.81135581882114,,,
2019-02-10,santa_cruz,-11.564892563481092,,,
2019-02-17,santa_cruz,-11.348455094442452,,,
2019-02-24,santa_cruz,-11.488083319788045,,,
2019-03-03,santa_cruz,,,,
2019-03-10,santa_cruz,-11.378669942907234,,,
2019-03-17,santa_cruz,-11.51893154625933,,,
2019-03-24,santa_cruz,-11.790266587956792,,,
2019-03-31,santa_cruz,-11.448459898344955,,,
2019-04-07,santa_cruz,-11.760579902003903,,,
2019-04-14,santa_cruz,-11.41057608380316,,,
2019-04-21,santa_cruz,-11.674480743050164,,,
2019-04-28,santa_cruz,,,,
2019-05-05,santa_cruz,-12.067144096325153,,,
2019-05-12,santa_cruz,-11.543527981702116,,,
2019-05-19,santa_cruz,-11.624404903705203,,,
2019-05-26,santa_cruz,-11.433783317816328,,,
2019-06-02,santa_cruz,,,,
2019-06-09,santa_cruz,-11.312892089732328,,,
2019-06-16,santa_cruz,-11.579626171336214,,,
2019-06-23,santa_cruz,-11.463597135648229,,,
2019-06-30,santa_cruz,-11.605499171780128,,,
2019-07-07,santa_cruz,-11.418027064711438,-11.329590136034598,-8.843692867684005,red
2019-07-14,santa_cruz,-11.36853189031479,-11.238484303033916,-13.004758728087396,red
2019-07-21,santa_cruz,-11.057515128359913,-11.403596872560705,34.60817442007915,green
2019-07-28,santa_cruz,-11.194261043687542,-11.138750520827152,-5.55105228603896,red
2019-08-04,santa_cruz,-11.029718414604524,,,
2019-08-11,santa_cruz,-10.607462363109931,-10.389012343023012,-21.84500200869195,red
2019-08-18,santa_cruz,-10.619201219958285,-10.531808344739169,-8.73928752191162,red
2019-08-25,santa_cruz,-10.531119749294081,-10.53290395947353,0.17842101794478538,yellow
2019-09-01,santa_cruz,-10.604459698563774,-10.251251537950422,-35.320816061335236,red
2019-09-08,santa_cruz,-10.433954624520245,-10.25278898505569,-18.1165639464556,red
2019-09-15,santa_cruz,-10.263067756639922,-9.886486854071418,-37.65809025685041,red
2019-09-22,santa_cruz,-10.338333706895645,-10.35247875444663,1.4145047550984557,yellow
2019-09-29,santa_cruz,-10.232799499041203,-10.368817915353807,13.601841631260392,green
2019-10-06,santa_cruz,,-10.699260816828266,,
2019-10-13,santa_cruz,-10.804337235911294,-10.684842227616963,-11.949500829433113,red
2019-10-20,santa_cruz,-10.654023946135847,-10.965595020940654,31.15710748048066,green
2019-10-27,santa_cruz,-10.795993815989869,-10.848944331609937,5.295051562006847,green
2019-11-03,santa_cruz,-10.928198836575515,-11.237647326712448,30.944849013693343,green
2019-11-10,santa_cruz,-11.723916963675931,-11.058092329352474,-66.58246343234566,red
2019-11-17,santa_cruz,-11.012339423672822,-11.279494442525214,26.715501885239235,green
2019-11-24,santa_cruz,-10.710435035863876,-11.026209013904163,31.577397804028706,green
2019-12-01,santa_cruz,-11.748092578592411,-11.078171740329045,-66.99208382633657,red
2019-12-08,santa_cruz,-11.473556724265855,-11.17314229291972,-30.041443134613388,red
2019-12-15,santa_cruz,-11.355083519430371,-11.539447603315635,18.43640838852636,green
2019-12-22,santa_cruz,-11.404056509118481,-12.885121758024692,148.10652489062105,green
2019-12-29,santa_cruz,-11.970615666640743,-11.523656016319142,-44.69596503216007,red
2020-01-05,santa_cruz,-11.397175125985163,-11.534018526408463,13.684340042330057,green
2020-01-12,santa_cruz,-11.729882017291152,,,
2020-01-19,santa_cruz,-11.288045966631534,-11.224534186903957,-6.351177972757682,red
2020-01-26,santa_cruz,-11.117487029847606,-11.087819668201243,-2.9667361646362522,yellow
2020-02-02,santa_cruz,-11.570058367493058,-10.81135581882114,-75.87025486719182,red
2020-02-09,santa_cruz,-11.668757719571786,-11.564892563481092,-10.386515609069491,red
2020-02-16,santa_cruz,-11.310090657787999,-11.348455094442452,3.836443665445266,yellow
2020-02-23,santa_cruz,-11.668924445422384,-11.488083319788045,-18.08411256343394,red
2020-03-01,santa_cruz,-11.241782754362287,,,
2020-03-08,santa_cruz,-11.23396207904101,-11.378669942907234,14.470786386622336,green
2020-03-15,santa_cruz,-11.643375701074042,-11.51893154625933,-12.44441548147126,red
2020-03-22,santa_cruz,-11.77659082854393,-11.790266587956792,1.3675759412862476,yellow
2020-03-29,santa_cruz,-11.591455354867069,-11.448459898344955,-14.299545652211343,red
2020-04-05,santa_cruz,-11.619078103402188,-11.760579902003903,14.150179860171441,green
2020-04-12,santa_cruz,-11.790069748475792,-11.41057608380316,-37.94936646726317,red
2020-04-19,santa_cruz,-11.686507562085955,-11.674480743050164,-1.2026819035790837,yellow
2020-04-26,santa_cruz,-11.8273467326153,,,
2020-05-03,santa_cruz,-11.61451183703293,-12.067144096325153,45.26322592922227,green
2020-05-10,santa_cruz,-12.357609617591976,-11.543527981702116,-81.40816358898597,red
2020-05-17,santa_cruz,-11.708698734150769,-11.624404903705203,-8.429383044556538,red
2020-05-24,santa_cruz,-11.869894208315905,-11.433783317816328,-43.61108904995774,red
2020-05-31,santa_cruz,-11.678257456917693,,,
2020-06-07,santa_cruz,,-11.312892089732328,,
2020-06-14,santa_cruz,-11.997576217905422,-11.579626171336214,-41.79500465692083,red
2020-06-21,santa_cruz,-11.541858096250666,-11.463597135648229,-7.826096060243692,red
2020-06-28,santa_cruz,-12.31260185157444,-11.605499171780128,-70.71026797943122,red
2020-07-05,santa_cruz,-11.53099566374797,-11.418027064711438,-11.2968599036531,red
2020-07-12,santa_cruz,,-11.36853189031479,,
2020-07-19,santa_cruz,-10.950342969478493,-11.057515128359913,10.717215888142029,green
2020-07-26,santa_cruz,-11.683778899216291,-11.194261043687542,-48.95178555287494,red
2020-08-02,santa_cruz,-10.822335567610924,-11.029718414604524,20.738284699359966,green
2020-08-09,santa_cruz,-10.617046027192082,-10.607462363109931,-0.9583664082150278,yellow
2020-08-16,santa_cruz,-11.245885260118577,-10.619201219958285,-62.6684040160292,red
2020-08-23,santa_cruz,-10.53848627316404,-10.531119749294081,-0.7366523869958286,yellow
2020-08-30,santa_cruz,-10.597729526722215,-10.604459698563774,0.6730171841558885,yellow
2020-09-06,santa_cruz,-10.338321824990876,-10.433954624520245,9.56327995293691,green
2020-09-13,santa_cruz,-10.380906747507376,-10.263067756639922,-11.783899086745464,red
2020-09-20,santa_cruz,-10.61498011719505,-10.338333706895645,-27.664641029940462,red
2020-09-27,santa_cruz,-10.51647267497742,-10.232799499041203,-28.3673175936217,red
2020-10-04,santa_cruz,-10.390996042095464,,,
2020-10-11,santa_cruz,-11.05795936228313,-10.804337235911294,-25.362212637183568,red
2020-10-18,santa_cruz,-11.196966245662638,-10.654023946135847,-54.294229952679096,red
2020-10-25,santa_cruz,-10.956429765063344,-10.795993815989869,-16.043594907347547,red
2020-11-01,santa_cruz,-11.052282852652525,-10.928198836575515,-12.40840160770098,red
2020-11-08,santa_cruz,-10.589037020839502,-11.723916963675931,113.4879942836429,green
2020-11-15,santa_cruz,-11.02563669712467,-11.012339423672822,-1.3297273451847502,yellow
2020-11-22,santa_cruz,-10.75553595767558,-10.710435035863876,-4.5100921811704,yellow
2020-11-29,santa_cruz,-11.041712563429193,-11.748092578592411,70.63800151632176,green
2020-12-06,santa_cruz,-11.616537068341202,-11.473556724265855,-14.298034407534743,red
2020-12-13,santa_cruz,-11.155198603113671,-11.355083519430371,19.98849163166998,green
2020-12-20,santa_cruz,-11.231140104620174,-11.404056509118481,17.29164044983076,green
2020-12-27,santa_cruz,-11.010945510247252,-11.970615666640743,95.96701563934911,green
2021-01-03,santa_cruz,-11.385978675956347,-11.397175125985163,1.1196450028815974,yellow
2021-01-10,santa_cruz,-11.536561809494227,-11.729882017291152,19.33202077969245,green
2021-01-17,santa_cruz,-11.40055875029803,-11.288045966631534,-11.251278366649586,red
2021-01-24,santa_cruz,-12.006272590031779,-11.117487029847606,-88.87855601841733,red
2021-01-31,santa_cruz,,-11.570058367493058,,
2021-02-07,santa_cruz,-11.346783030802097,-11.668757719571786,32.19746887696893,green
2021-02-14,santa_cruz,-11.51829297317505,-11.310090657787999,-20.82023153870516,red
2021-02-21,santa_cruz,-11.525848994783077,-11.668924445422384,14.307545063930682,green
2021-02-28,santa_cruz,-11.2220561116503,-11.241782754362287,1.9726642711987097,yellow
2021-03-07,santa_cruz,-11.150425013080568,-11.23396207904101,8.35370659604422,green
2021-03-14,santa_cruz,-11.531509787812075,-11.643375701074042,11.186591326196726,green
2021-03-21,santa_cruz,-11.442242709469252,-11.77659082854393,33.434811907467754,green
2021-03-28,santa_cruz,-11.948250501111943,-11.591455354867069,-35.679514624487396,red
2021-04-04,santa_cruz,-11.33443935214659,-11.619078103402188,28.463875125559746,green
2021-04-11,santa_cruz,-12.164441332487336,-11.790069748475792,-37.43715840115431,red
2021-04-18,santa_cruz,-11.801470633514434,-11.686507562085955,-11.496307142847861,red
2021-04-25,santa_cruz,-11.826973553621297,-11.8273467326153,0.037317899400335364,yellow
2021-05-02,santa_cruz,-11.423897060328182,-11.61451183703293,19.061477670474858,green
2021-05-09,santa_cruz,-11.22323823648871,-12.357609617591976,113.4371381103266,green
2021-05-16,santa_cruz,-10.900246235974125,-11.708698734150769,80.84524981766438,green
2021-05-23,santa_cruz,-11.143775358015189,-11.869894208315905,72.61188503007165,green
2021-05-30,santa_cruz,-11.442593876371532,-11.678257456917693,23.56635805461611,green
2021-06-06,santa_cruz,-11.615423116815252,,,
2021-06-13,santa_cruz,,-11.997576217905422,,
2021-06-20,santa_cruz,-11.309968499133761,-11.541858096250666,23.188959711690416,green
2021-06-27,santa_cruz,-10.975510413981741,-12.31260185157444,133.7091437592699,green
2021-07-04,santa_cruz,-11.278961947651307,-11.53099566374797,25.203371609666192,green
2021-07-11,santa_cruz,-11.019914650080361,,,
2021-07-18,santa_cruz,-11.269221667633392,-10.950342969478493,-31.8878698154899,red
2021-07-25,santa_cruz,-10.943261454538984,-11.683778899216291,74.05174446773071,green
2021-08-01,santa_cruz,-10.801738137565856,-10.822335567610924,2.059743004506842,yellow
2021-08-08,santa_cruz,-10.482092488665446,-10.617046027192082,13.495353852663605,green
2021-08-15,santa_cruz,-10.735395773112613,-11.245885260118577,51.04894870059642,green
2021-08-22,santa_cruz,-10.392524008313586,-10.53848627316404,14.59622648504535,green
2021-08-29,santa_cruz,-10.493734824035123,-10.597729526722215,10.399470268709265,green
2021-09-05,santa_cruz,-10.322858449147535,-10.338321824990876,1.5463375843340899,yellow
2021-09-12,santa_cruz,-10.385169731574416,-10.380906747507376,-0.42629840670400654,yellow
2021-09-19,santa_cruz,-10.34826978508523,-10.61498011719505,26.671033210981854,green
2021-09-26,santa_cruz,-10.461129973395254,-10.51647267497742,5.534270158216614,green
2021-10-03,santa_cruz,-10.509946656238593,-10.390996042095464,-11.895061414312913,red
2021-10-10,santa_cruz,-10.746588614728843,-11.05795936228313,31.137074755428706,green
2021-10-17,santa_cruz,-10.758809454708064,-11.196966245662638,43.815679095457405,green
2021-10-24,santa_cruz,-10.806230442910081,-10.956429765063344,15.019932215326293,green
2021-10-31,santa_cruz,-10.43734084940522,-11.052282852652525,61.494200324730386,green
2021-11-07,santa_cruz,-11.00569945156758,-10.589037020839502,-41.666243072807774,red
2021-11-14,santa_cruz,-10.951396943191572,-11.02563669712467,7.423975393309767,green
2021-11-21,santa_cruz,-10.626808224302815,-10.75553595767558,12.872773337276477,green
2021-11-28,santa_cruz,-11.321993003871093,-11.041712563429193,-28.028044044189926,red
2021-12-05,santa_cruz,-11.322346717724688,-11.616537068341202,29.4190350616514,green
2021-12-12,santa_cruz,-10.829388360801714,-11.155198603113671,32.58102423119578,green
2021-12-19,santa_cruz,-11.070723997017629,-11.231140104620174,16.04161076025452,green
2021-12-26,santa_cruz,-11.125762025098027,-11.010945510247252,-11.481651485077471,red
2022-01-02,santa_cruz,-11.330774766181792,-11.385978675956347,5.520390977455492,green
2022-01-09,santa_cruz,-11.001596978070216,-11.536561809494227,53.4964831424011,green
2022-01-16,santa_cruz,-11.048616878263347,-11.40055875029803,35.194187203468275,green
2022-01-23,santa_cruz,-11.415962806551786,-12.006272590031779,59.03097834799933,green
2022-01-30,santa_cruz,-10.839923408381395,,,
2022-02-06,santa_cruz,-11.027363959872314,-11.346783030802097,31.941907092978283,green
2022-02-13,santa_cruz,-11.197526962160532,-11.51829297317505,32.07660110145181,green
2022-02-20,santa_cruz,-11.223146905741068,-11.525848994783077,30.270208904200935,green
2022-02-27,santa_cruz,-11.1841060468106,-11.2220561116503,3.7950064839700204,yellow
2022-03-06,santa_cruz,-11.285096526230618,-11.150425013080568,-13.467151315004955,red
2022-03-13,santa_cruz,-11.39922203738989,-11.531509787812075,13.228775042218466,green
2022-03-20,santa_cruz,-11.255312289744596,-11.442242709469252,18.69304197246553,green
2022-03-27,santa_cruz,-11.534340630162761,-11.948250501111943,41.39098709491815,green
2022-04-03,santa_cruz,-11.579886067725957,-11.33443935214659,-24.54467155793658,red
2022-04-10,santa_cruz,-11.445251917311932,-12.164441332487336,71.91894151754035,green
2022-04-17,santa_cruz,-12.12166575815061,-11.801470633514434,-32.019512463617694,red
2022-04-24,santa_cruz,-11.675392141287166,-11.826973553621297,15.158141233413147,green
2022-05-01,santa_cruz,-11.544034076329002,-11.423897060328182,-12.013701600081994,red
2022-05-08,santa_cruz,-11.075284538620073,-11.22323823648871,14.795369786863688,green
2022-05-15,santa_cruz,-11.250344892610325,-10.900246235974125,-35.009865663620054,red
2022-05-22,santa_cruz,-11.229697095637398,-11.143775358015189,-8.592173762220945,red
2022-05-29,santa_cruz,-12.137394124290843,-11.442593876371532,-69.48002479193107,red
2022-06-05,santa_cruz,-11.469554865546188,-11.615423116815252,14.586825126906433,green
2022-06-12,santa_cruz,-11.149445742488519,,,
2022-06-19,santa_cruz,-11.243270763932335,-11.309968499133761,6.669773520142641,green
2022-06-26,santa_cruz,-11.069838848845095,-10.975510413981741,-9.43284348633533,red
2022-07-03,santa_cruz,-10.973425041432579,-11.278961947651307,30.553690621872853,green
2022-07-10,santa_cruz,-10.949778336920104,-11.019914650080361,7.013631316025659,green
2022-07-17,santa_cruz,-11.125932848900854,-11.269221667633392,14.328881873253785,green
2022-07-24,santa_cruz,-10.924925628315375,-10.943261454538984,1.8335826223609075,yellow
2022-07-31,santa_cruz,-10.781244942011448,-10.801738137565856,2.0493195554408317,yellow
2022-08-07,santa_cruz,,-10.482092488665446,,
2022-08-14,santa_cruz,-10.609238227480795,-10.735395773112613,12.615754563181802,green
2022-08-21,santa_cruz,-10.946136740977822,-10.392524008313586,-55.361273266423616,red
2022-08-28,santa_cruz,-10.202018734180395,-10.493734824035123,29.17160898547273,green
2022-09-04,santa_cruz,-10.261042727990727,-10.322858449147535,6.181572115680822,green
2022-09-11,santa_cruz,-10.151249081294605,-10.385169731574416,23.392065027981168,green
2022-09-18,santa_cruz,-10.03175470146571,-10.34826978508523,31.651508361952096,green
2022-09-25,santa_cruz,-10.084666089809561,-10.461129973395254,37.64638835856928,green
2022-10-02,santa_cruz,-10.372987815243436,-10.509946656238593,13.695884099515787,green
2022-10-09,santa_cruz,-10.69327976337989,-10.746588614728843,5.330885134895347,green
2022-10-16,santa_cruz,-11.134592666501185,-10.758809454708064,-37.57832117931201,red
2022-10-23,santa_cruz,-10.768432756794157,-10.806230442910081,3.779768611592438,yellow
2022-10-30,santa_cruz,-10.8773290179295,-10.43734084940522,-43.99881685242786,red
2022-11-06,santa_cruz,-11.199866536922503,-11.00569945156758,-19.416708535492333,red
2022-11-13,santa_cruz,-10.808067063450514,-10.951396943191572,14.332987974105826,green
2022-11-20,santa_cruz,-11.02714231959462,-10.626808224302815,-40.03340952918055,red
2022-11-27,santa_cruz,-10.784186854513909,-11.321993003871093,53.78061493571842,green
2022-12-04,santa_cruz,-10.623946616225034,-11.322346717724688,69.84001014996544,green
2022-12-11,santa_cruz,-10.826335154427294,-10.829388360801714,0.3053206374419304,yellow
2022-12-18,santa_cruz,-10.91419331053326,-11.070723997017629,15.653068648436808,green
2022-12-25,santa_cruz,-11.254683968999023,-11.125762025098027,-12.892194390099654,red
2023-01-01,santa_cruz,-11.026903162493324,-11.330774766181792,30.387160368846722,green
2023-01-08,santa_cruz,-11.21443206761384,-11.001596978070216,-21.283508954362418,red
2023-01-15,santa_cruz,-11.419340671602333,-11.048616878263347,-37.07237933389855,red
2023-01-22,santa_cruz,-11.471502575902436,-11.415962806551786,-5.55397693506503,red
2023-01-29,santa_cruz,-11.38729401231333,-10.839923408381395,-54.73706039319346,red
2023-02-05,santa_cruz,-11.52950956386407,-11.027363959872314,-50.21456039917549,red
2023-02-12,santa_cruz,-11.424767766277196,-11.197526962160532,-22.724080411666314,red
2023-02-19,santa_cruz,-11.792980659661124,-11.223146905741068,-56.98337539200562,red
2023-02-26,santa_cruz,-11.7272901498352,-11.1841060468106,-54.31841030246005,red
2023-03-05,santa_cruz,-11.53784121984131,-11.285096526230618,-25.27446936106923,red
2023-03-12,santa_cruz,-11.384318249416992,-11.39922203738989,1.490378797289793,yellow
2023-03-19,santa_cruz,-11.231319310934062,-11.255312289744596,2.3992978810534638,yellow
2023-03-26,santa_cruz,-11.60101117376086,-11.534340630162761,-6.667054359809832,red
2023-04-02,santa_cruz,-11.364494344936764,-11.579886067725957,21.53917227891924,green
2023-04-09,santa_cruz,-11.573013083697713,-11.445251917311932,-12.776116638578117,red
2023-04-16,santa_cruz,-11.24173528850594,-12.12166575815061,87.99304696446714,green
2023-04-23,santa_cruz,-11.353350231488577,-11.675392141287166,32.20419097985889,green
2023-04-30,santa_cruz,-11.705459080287662,-11.544034076329002,-16.142500395866044,red
2023-05-07,santa_cruz,,-11.075284538620073,,
2023-05-14,santa_cruz,-11.385583399093088,-11.250344892610325,-13.523850648276259,red
2023-05-21,santa_cruz,-11.520966393695021,-11.229697095637398,-29.12692980576228,red
2023-05-28,santa_cruz,-11.918004907331586,-12.137394124290843,21.93892169592573,green
2023-06-04,santa_cruz,,-11.469554865546188,,
2023-06-11,santa_cruz,-11.478701914858316,-11.149445742488519,-32.925617236979754,red
2023-06-18,santa_cruz,-11.142723956611457,-11.243270763932335,10.054680732087817,green
2023-06-25,santa_cruz,-11.561623203057884,-11.069838848845095,-49.17843542127898,red
2023-07-02,santa_cruz,-11.318396922251162,-10.973425041432579,-34.497188081858354,red
2023-07-09,santa_cruz,-10.985569136739587,-10.949778336920104,-3.579079981948219,yellow
2023-07-16,santa_cruz,-11.122738551772256,-11.125932848900854,0.3194297128597867,yellow
2023-07-23,santa_cruz,-10.933081425431821,-10.924925628315375,-0.8155797116446095,yellow
2023-07-30,santa_cruz,-10.903834437804788,-10.781244942011448,-12.258949579334022,red
2023-08-06,santa_cruz,-10.595697647402964,,,
2023-08-13,santa_cruz,-10.195972016847511,-10.609238227480795,41.32662106332834,green
2023-08-20,santa_cruz,-10.521589195129375,-10.946136740977822,42.45475458484478,green
2023-08-27,santa_cruz,-10.582473799865191,-10.202018734180395,-38.04550656847958,red
2023-09-03,santa_cruz,-10.051422099087919,-10.261042727990727,20.96206289028082,green
2023-09-10,santa_cruz,-10.253003961107051,-10.151249081294605,-10.175487981244657,red
2023-09-17,santa_cruz,-10.154913364115382,-10.03175470146571,-12.315866264967212,red
2023-09-24,santa_cruz,-9.949819784255027,-10.084666089809561,13.484630555453414,green
2023-10-01,santa_cruz,-10.003326722413659,-10.372987815243436,36.966109282977655,green
2023-10-08,santa_cruz,-10.257941942389415,-10.69327976337989,43.533782099047436,green
2023-10-15,santa_cruz,-10.421876900548877,-11.134592666501185,71.27157659523071,green
2023-10-22,santa_cruz,-9.818969432485023,-10.768432756794157,94.9463324309134,green
2023-10-29,santa_cruz,-10.350860909731109,-10.8773290179295,52.64681081983902,green
2023-11-05,santa_cruz,-11.014353346412987,-11.199866536922503,18.551319050951598,green
2023-11-12,santa_cruz,-10.37610233909272,-10.808067063450514,43.1964724357794,green
2023-11-19,santa_cruz,-10.8062947945775,-11.02714231959462,22.084752501712046,green
2023-11-26,santa_cruz,-10.785240480823864,-10.784186854513909,-0.10536263099556464,yellow
2023-12-03,santa_cruz,-11.097795329227083,-10.623946616225034,-47.38487130020488,red
2023-12-10,santa_cruz,-11.077887856834995,-10.826335154427294,-25.155270240770022,red
2023-12-17,santa_cruz,-11.364812935344641,-10.91419331053326,-45.061962481138096,red
2023-12-24,santa_cruz,-10.921657494447416,-11.254683968999023,33.30264745516072,green
2023-12-31,santa_cruz,-11.206074913967733,-11.026903162493324,-17.917175147440823,red
2024-01-07,santa_cruz,-11.26416587646807,-11.21443206761384,-4.973380885422962,yellow
2024-01-14,santa_cruz,-11.341956636649448,-11.419340671602333,7.738403495288537,green
2024-01-21,santa_cruz,-11.197575736329371,-11.471502575902436,27.392683957306474,green
2024-01-28,santa_cruz,-11.05188274171255,-11.38729401231333,33.54112706007797,green
2024-02-04,santa_cruz,-11.046863873451573,-11.52950956386407,48.26456904124967,green
2024-02-11,santa_cruz,-11.03091602358991,-11.424767766277196,39.38517426872856,green
2024-02-18,santa_cruz,-11.291237947856724,-11.792980659661124,50.174271180440044,green
2024-02-25,santa_cruz,-11.378152758142324,-11.7272901498352,34.91373916928762,green
2024-03-03,santa_cruz,-11.523046311736161,-11.53784121984131,1.4794908105148608,yellow
2024-03-10,santa_cruz,-11.386551165826031,-11.384318249416992,-0.22329164090386655,yellow
2024-03-17,santa_cruz,-11.451661714144654,-11.231319310934062,-22.03424032105925,red
2024-03-24,santa_cruz,-11.43431611713238,-11.60101117376086,16.66950566284804,green
2024-03-31,santa_cruz,-11.384239303730572,-11.364494344936764,-1.974495879380811,yellow
2024-04-07,santa_cruz,-11.275545394333333,-11.573013083697713,29.746768936437995,green
2024-04-14,santa_cruz,,-11.24173528850594,,
2024-04-21,santa_cruz,-11.324092040421286,-11.353350231488577,2.925819106729044,yellow
2024-04-28,santa_cruz,-11.587715077414039,-11.705459080287662,11.774400287362319,green
2024-05-05,santa_cruz,-11.864690910210756,,,
2024-05-12,santa_cruz,-11.838433097288357,-11.385583399093088,-45.28496981952692,red
2024-05-19,santa_cruz,,-11.520966393695021,,
2024-05-26,santa_cruz,-11.483886708384063,-11.918004907331586,43.41181989475231,green
2024-06-02,santa_cruz,-11.238519576354685,,,
2024-06-09,santa_cruz,-11.56886713276483,-11.478701914858316,-9.01652179065131,red
2024-06-16,santa_cruz,-11.955048046561378,-11.142723956611457,-81.23240899499216,red
2024-06-23,santa_cruz,-11.65097776021411,-11.561623203057884,-8.935455715622531,red
2024-06-30,santa_cruz,-11.320766308262755,-11.318396922251162,-0.23693860115923115,yellow
2024-07-07,santa_cruz,-10.905775277179107,-10.985569136739587,7.979385956048013,green
2024-07-14,santa_cruz,,-11.122738551772256,,
2024-07-21,santa_cruz,-10.549759852573127,-10.933081425431821,38.33215728586943,green
2024-07-28,santa_cruz,-10.678719541516488,-10.903834437804788,22.511489628830006,green
2024-08-04,santa_cruz,-10.987190948716151,-10.595697647402964,-39.14933013131865,red
2024-08-11,santa_cruz,-10.14638856372152,-10.195972016847511,4.958345312599199,yellow
2024-08-18,santa_cruz,-10.473128173579678,-10.521589195129375,4.846102154969678,yellow
2024-08-25,santa_cruz,-10.295147473073552,-10.582473799865191,28.732632679163927,green
2024-09-01,santa_cruz,-10.200786068460182,-10.051422099087919,-14.936396937226348,red
2024-09-08,santa_cruz,-9.870517073869184,-10.253003961107051,38.24868872378673,green
2024-09-15,santa_cruz,-10.13235311800923,-10.154913364115382,2.2560246106152704,yellow
2024-09-22,santa_cruz,-10.08193082931232,-9.949819784255027,-13.21110450572931,red
2024-09-29,santa_cruz,-10.173567987722892,-10.003326722413659,-17.02412653092331,red
2024-10-06,santa_cruz,-10.085247127502074,-10.257941942389415,17.26948148873415,green
2024-10-13,santa_cruz,-10.451944548055563,-10.421876900548877,-3.0067647506685447,yellow
2024-10-20,santa_cruz,-10.537719332202148,-9.818969432485023,-71.87498997171247,red
2024-10-27,santa_cruz,-10.503842598987438,-10.350860909731109,-15.298168925632893,red
2024-11-03,santa_cruz,-10.346666512911444,-11.014353346412987,66.7686833501543,green
2024-11-10,santa_cruz,-10.971623779685242,-10.37610233909272,-59.55214405925222,red
2024-11-17,santa_cruz,-11.028778021696922,-10.8062947945775,-22.248322711942237,red
2024-11-24,santa_cruz,-10.678199238168157,-10.785240480823864,10.70412426557077,green
2024-12-01,santa_cruz,-11.004978885141963,-11.097795329227083,9.28164440851198,green
2024-12-08,santa_cruz,,-11.077887856834995,,
2024-12-15,santa_cruz,-11.547831229080744,-11.364812935344641,-18.301829373610268,red
2024-12-22,santa_cruz,-11.538537437203956,-10.921657494447416,-61.687994275654034,red
2024-12-29,santa_cruz,-11.252765419039687,-11.206074913967733,-4.669050507195394,yellow
2025-01-05,santa_cruz,-11.314160882943147,-11.26416587646807,-4.9995006475077375,yellow
2025-01-12,santa_cruz,-11.505713191789134,-11.341956636649448,-16.375655513968645,red
2025-01-19,santa_cruz,-11.051575474708118,-11.197575736329371,14.600026162125346,green
2025-01-26,santa_cruz,-11.379904614659344,-11.05188274171255,-32.802187294679364,red
2025-02-02,santa_cruz,-11.285180950990142,-11.046863873451573,-23.831707753856968,red
2025-02-09,santa_cruz,-11.172181530050214,-11.03091602358991,-14.126550646030367,red
2025-02-16,santa_cruz,-10.977089538336347,-11.291237947856724,31.414840952037615,green
2025-02-23,santa_cruz,-11.283150888158936,-11.378152758142324,9.500186998338833,green
2025-03-02,santa_cruz,-11.423634932206063,-11.523046311736161,9.941137953009793,green
2025-03-09,santa_cruz,-12.20610313430621,-11.386551165826031,-81.95519684801783,red
2025-03-16,santa_cruz,-11.7886129402446,-11.451661714144654,-33.6951226099945,red
2025-03-23,santa_cruz,-11.59037295202584,-11.43431611713238,-15.605683489346056,red
2025-03-30,santa_cruz,-11.903085480445624,-11.384239303730572,-51.88461767150514,red
2025-04-06,santa_cruz,-11.732320966663845,-11.275545394333333,-45.677557233051225,red
2025-04-13,santa_cruz,-11.624716877007797,,,
2025-04-20,santa_cruz,-11.519130857149541,-11.324092040421286,-19.503881672825507,red
2025-04-27,santa_cruz,-12.171783317051561,-11.587715077414039,-58.40682396375225,red
2025-05-04,santa_cruz,-11.499897163390642,-11.864690910210756,36.47937468201139,green
2025-05-11,santa_cruz,-11.679627907341889,-11.838433097288357,15.880518994646842,green
2025-05-18,santa_cruz,-11.397735318092678,,,
2025-05-25,santa_cruz,-11.24987343367276,-11.483886708384063,23.401327471130173,green
2025-06-01,santa_cruz,-11.355942224016655,-11.238519576354685,-11.742264766196975,red
2025-06-08,santa_cruz,-11.356554597211161,-11.56886713276483,21.23125355536679,green
2025-06-15,santa_cruz,-11.598759312303267,-11.955048046561378,35.628873425811136,green
2025-06-22,santa_cruz,-12.008736673091013,-11.65097776021411,-35.77589128769034,red
2025-06-29,santa_cruz,-11.937987170327968,-11.320766308262755,-61.722086206521354,red
2025-07-06,santa_cruz,-10.706762663123445,-10.905775277179107,19.901261405566117,green
2025-07-13,santa_cruz,-10.795815072742164,,,
2025-07-20,santa_cruz,-10.778648380079773,-10.549759852573127,-22.88885275066459,red
2025-07-27,santa_cruz,-11.13313565040499,-10.678719541516488,-45.44161088885019,red
2025-08-03,santa_cruz,-11.11429712749382,-10.987190948716151,-12.71061787776695,red
2025-08-10,santa_cruz,-10.917851147230653,-10.14638856372152,-77.1462583509134,red
2025-08-17,santa_cruz,-10.441247054892772,-10.473128173579678,3.1881118686905907,yellow
2025-08-24,santa_cruz,-10.467706838594564,-10.295147473073552,-17.255936552101225,red
2025-08-31,santa_cruz,-10.388164389089708,-10.200786068460182,-18.737832062952542,red
2025-09-07,santa_cruz,-10.502029880487388,-9.870517073869184,-63.15128066182041,red
2025-09-14,santa_cruz,-10.124983577261135,-10.13235311800923,0.7369540748094039,yellow
2025-09-21,santa_cruz,-10.310402724801532,-10.08193082931232,-22.847189548921243,red
2025-09-28,santa_cruz,-10.035674256671522,-10.173567987722892,13.78937310513706,green
2025-10-05,santa_cruz,-11.059347643753838,-10.085247127502074,-97.4100516251765,red
2025-10-12,santa_cruz,-10.999888981313592,-10.451944548055563,-54.794443325802966,red
2025-10-19,santa_cruz,-10.526249447699064,-10.537719332202148,1.146988450308406,yellow
2025-10-26,santa_cruz,,-10.503842598987438,,
2025-11-02,santa_cruz,,-10.346666512911444,,
2025-11-09,santa_cruz,-11.436787692776903,-10.971623779685242,-46.51639130916614,red
2025-11-16,santa_cruz,-11.37879971268095,-11.028778021696922,-35.002169098402725,red
2025-11-23,santa_cruz,-11.385924967060344,-10.678199238168157,-70.77257288921874,red
2025-11-30,santa_cruz,-11.047480378895404,-11.004978885141963,-4.250149375344137,yellow
2025-12-07,santa_cruz,-11.061352321689988,,,
2025-12-14,santa_cruz,-11.731638169929235,-11.547831229080744,-18.380694084849125,red
2025-12-21,santa_cruz,-11.59932497396899,-11.538537437203956,-6.078753676503368,red
2025-12-28,santa_cruz,-11.291027834948192,-11.252765419039687,-3.826241590850543,yellow
2026-01-04,santa_cruz,-11.34279959297075,-11.314160882943147,-2.863871002760199,yellow
2026-01-11,santa_cruz,-11.52008797736505,-11.505713191789134,-1.4374785575915539,yellow
2026-01-18,santa_cruz,-11.28791250016116,-11.051575474708118,-23.633702545304303,red
2026-01-25,santa_cruz,-11.09403926297463,-11.379904614659344,28.58653516847145,green
2026-02-01,santa_cruz,-11.366561165980896,-11.285180950990142,-8.138021499075343,red
2026-02-08,santa_cruz,-11.194167347666639,-11.172181530050214,-2.198581761642515,yellow
2026-02-15,santa_cruz,-11.373662621771668,-10.977089538336347,-39.657308343532094,red
2026-02-22,santa_cruz,-11.053684601429369,-11.283150888158936,22.94662867295667,green
2026-03-01,santa_cruz,-11.178078756531566,-11.423634932206063,24.555617567449772,green
2026-03-08,santa_cruz,-11.226880888483002,-12.20610313430621,97.92222458232072,green
2026-03-15,santa_cruz,-11.605768448093718,-11.7886129402446,18.284449215088117,green
2026-03-22,santa_cruz,-11.518707231501647,-11.59037295202584,7.166572052419262,green
2026-03-29,santa_cruz,-11.457487809707303,-11.903085480445624,44.55976707383211,green
2026-04-05,santa_cruz,-11.307109811038009,-11.732320966663845,42.52111556258367,green
2026-04-12,santa_cruz,-11.652566485715191,-11.624716877007797,-2.7849608707393614,yellow
2026-04-19,santa_cruz,-11.97085157208696,-11.519130857149541,-45.17207149374194,red
2026-04-26,santa_cruz,-11.595064696515744,-12.171783317051561,57.67186205358179,green
2026-05-03,santa_cruz,-11.026003066862334,-11.499897163390642,47.38940965283085,green
2026-05-10,santa_cruz,-11.801567862074377,-11.679627907341889,-12.193995473248798,red
2018-07-01,sucre,,,,
2018-07-08,sucre,-11.09441978333861,,,
2018-07-15,sucre,-11.051143117129275,,,
2018-07-22,sucre,-11.67253040682554,,,
2018-07-29,sucre,-11.509632467256058,,,
2018-08-05,sucre,-11.730107851384789,,,
2018-08-12,sucre,-10.906372796083945,,,
2018-08-19,sucre,-11.115257760724669,,,
2018-08-26,sucre,-10.928018817316957,,,
2018-09-02,sucre,-10.669153421158404,,,
2018-09-09,sucre,-10.79419989968204,,,
2018-09-16,sucre,-11.121786217787518,,,
2018-09-23,sucre,-10.950695157810848,,,
2018-09-30,sucre,-11.000540823750049,,,
2018-10-07,sucre,-10.764900238868307,,,
2018-10-14,sucre,-11.133369157043761,,,
2018-10-21,sucre,-11.427552528187734,,,
2018-10-28,sucre,-11.183734757165258,,,
2018-11-04,sucre,-11.016018341623777,,,
2018-11-11,sucre,-11.571393218783005,,,
2018-11-18,sucre,-11.475702354887872,,,
2018-11-25,sucre,-11.424851690456185,,,
2018-12-02,sucre,-11.371476912150998,,,
2018-12-09,sucre,-11.664018206668873,,,
2018-12-16,sucre,-11.739500666361105,,,
2018-12-23,sucre,,,,
2018-12-30,sucre,-11.60082137611883,,,
2019-01-06,sucre,-11.932389299713314,,,
2019-01-13,sucre,-12.368397771176454,,,
2019-01-20,sucre,-11.602593750143715,,,
2019-01-27,sucre,-11.28288977151069,,,
2019-02-03,sucre,,,,
2019-02-10,sucre,-11.808857919201648,,,
2019-02-17,sucre,-11.692945336568974,,,
2019-02-24,sucre,-11.571658643813489,,,
2019-03-03,sucre,-12.109344526726826,,,
2019-03-10,sucre,-12.00667243211841,,,
2019-03-17,sucre,-11.796873992835108,,,
2019-03-24,sucre,-11.728902862870212,,,
2019-03-31,sucre,-12.113055064655828,,,
2019-04-07,sucre,-11.364994966905416,,,
2019-04-14,sucre,-11.461918126469813,,,
2019-04-21,sucre,-12.069130274609046,,,
2019-04-28,sucre,-12.445271251016072,,,
2019-05-05,sucre,-12.238316976603706,,,
2019-05-12,sucre,-11.716288765525295,,,
2019-05-19,sucre,-11.22024404810164,,,
2019-05-26,sucre,-11.167372000414343,,,
2019-06-02,sucre,-11.595957664235414,,,
2019-06-09,sucre,-10.9030811718151,,,
2019-06-16,sucre,-10.993069709663423,,,
2019-06-23,sucre,-10.885380826626438,,,
2019-06-30,sucre,-11.091166288861828,,,
2019-07-07,sucre,-11.232280131044517,-11.09441978333861,-13.78603477059066,red
2019-07-14,sucre,-10.654709795527413,-11.051143117129275,39.64333216018616,green
2019-07-21,sucre,-11.355687303618478,-11.67253040682554,31.684310320706288,green
2019-07-28,sucre,-11.06651907821121,-11.509632467256058,44.31133890448482,green
2019-08-04,sucre,-11.350308626491936,-11.730107851384789,37.9799224892853,green
2019-08-11,sucre,-11.108710283548215,-10.906372796083945,-20.233748746426983,red
2019-08-18,sucre,-10.786616748069699,-11.115257760724669,32.86410126549697,green
2019-08-25,sucre,-10.818956952159692,-10.928018817316957,10.906186515726546,green
2019-09-01,sucre,-10.651710221264004,-10.669153421158404,1.7443199894399797,yellow
2019-09-08,sucre,-11.017537134373967,-10.79419989968204,-22.333723469192712,red
2019-09-15,sucre,-10.649532884271677,-11.121786217787518,47.2253333515841,green
2019-09-22,sucre,-10.840021748500584,-10.950695157810848,11.067340931026415,green
2019-09-29,sucre,-10.921490383847486,-11.000540823750049,7.905043990256289,green
2019-10-06,sucre,-11.15990756248874,-10.764900238868307,-39.50073236204332,red
2019-10-13,sucre,-11.660913242584632,-11.133369157043761,-52.75440855408711,red
2019-10-20,sucre,-11.815617029074534,-11.427552528187734,-38.806450088680045,red
2019-10-27,sucre,-11.903747859876376,-11.183734757165258,-72.00131027111176,red
2019-11-03,sucre,-12.154276388343787,-11.016018341623777,-113.82580467200097,red
2019-11-10,sucre,,-11.571393218783005,,
2019-11-17,sucre,-11.530204625730297,-11.475702354887872,-5.4502270842425204,red
2019-11-24,sucre,-13.530998114633348,-11.424851690456185,-210.61464241771634,red
2019-12-01,sucre,-11.972834752054213,-11.371476912150998,-60.135783990321556,red
2019-12-08,sucre,-11.89226958688966,-11.664018206668873,-22.82513802207866,red
2019-12-15,sucre,-11.917211586882104,-11.739500666361105,-17.771092052099924,red
2019-12-22,sucre,,,,
2019-12-29,sucre,-11.802219191432426,-11.60082137611883,-20.139781531359624,red
2020-01-05,sucre,-11.686527678859855,-11.932389299713314,24.586162085345897,green
2020-01-12,sucre,-11.277983737649992,-12.368397771176454,109.04140335264626,green
2020-01-19,sucre,-11.145644680994279,-11.602593750143715,45.69490691494362,green
2020-01-26,sucre,-11.231651524935103,-11.28288977151069,5.1238246575588065,green
2020-02-02,sucre,,,,
2020-02-09,sucre,-11.648360971599073,-11.808857919201648,16.049694760257438,green
2020-02-16,sucre,-11.398565099009852,-11.692945336568974,29.438023755912113,green
2020-02-23,sucre,-11.176096383098736,-11.571658643813489,39.55622607147529,green
2020-03-01,sucre,-12.553071961225754,-12.109344526726826,-44.37274344989284,red
2020-03-08,sucre,-11.545521691577383,-12.00667243211841,46.115074054102756,green
2020-03-15,sucre,-12.18087726269707,-11.796873992835108,-38.4003269861962,red
2020-03-22,sucre,-11.82896426346082,-11.728902862870212,-10.006140059060797,red
2020-03-29,sucre,-11.637771522138198,-12.113055064655828,47.528354251763005,green
2020-04-05,sucre,-12.138452990802612,-11.364994966905416,-77.3458023897197,red
2020-04-12,sucre,-12.014465445905008,-11.461918126469813,-55.25473194351953,red
2020-04-19,sucre,-12.193710671660329,-12.069130274609046,-12.458039705128243,red
2020-04-26,sucre,-11.854104163182273,-12.445271251016072,59.116708783379934,green
2020-05-03,sucre,-12.307153051623946,-12.238316976603706,-6.883607502023992,red
2020-05-10,sucre,-11.586308202663977,-11.716288765525295,12.99805628613182,green
2020-05-17,sucre,-11.997375165516607,-11.22024404810164,-77.71311174149673,red
2020-05-24,sucre,-12.144858640735189,-11.167372000414343,-97.7486640320846,red
2020-05-31,sucre,-12.17175624481253,-11.595957664235414,-57.5798580577116,red
2020-06-07,sucre,-12.061077431846511,-10.9030811718151,-115.79962600314121,red
2020-06-14,sucre,-11.365757403280329,-10.993069709663423,-37.268769361690524,red
2020-06-21,sucre,-11.769324199957554,-10.885380826626438,-88.39433733311157,red
2020-06-28,sucre,-11.71597275076312,-11.091166288861828,-62.480646190129185,red
2020-07-05,sucre,-11.341343491590118,-11.232280131044517,-10.906336054560128,red
2020-07-12,sucre,-11.538544640561971,-10.654709795527413,-88.3834845034558,red
2020-07-19,sucre,-11.542148481950898,-11.355687303618478,-18.646117833242037,red
2020-07-26,sucre,-11.700068298525359,-11.06651907821121,-63.35492203141495,red
2020-08-02,sucre,-11.597656271550813,-11.350308626491936,-24.734764505887696,red
2020-08-09,sucre,-11.17375556340295,-11.108710283548215,-6.504527985473629,red
2020-08-16,sucre,-11.049149166693324,-10.786616748069699,-26.253241862362486,red
2020-08-23,sucre,-11.219716853968428,-10.818956952159692,-40.07599018087369,red
2020-08-30,sucre,-10.932507570015368,-10.651710221264004,-28.079734875136353,red
2020-09-06,sucre,-10.914113870748094,-11.017537134373967,10.34232636258725,green
2020-09-13,sucre,-10.606876696632833,-10.649532884271677,4.2656187638844045,yellow
2020-09-20,sucre,-11.176840882035256,-10.840021748500584,-33.68191335346715,red
2020-09-27,sucre,-10.873287148103378,-10.921490383847486,4.820323574410779,yellow
2020-10-04,sucre,-10.993279678386076,-11.15990756248874,16.662788410266494,green
2020-10-11,sucre,-11.113191294455548,-11.660913242584632,54.77219481290838,green
2020-10-18,sucre,-12.140471743014077,-11.815617029074534,-32.485471393954235,red
2020-10-25,sucre,-11.58089330213829,-11.903747859876376,32.285455773808636,green
2020-11-01,sucre,-11.191875629082778,-12.154276388343787,96.24007592610084,green
2020-11-08,sucre,-12.353685972502799,,,
2020-11-15,sucre,-11.549178190613324,-11.530204625730297,-1.8973564883026484,yellow
2020-11-22,sucre,-12.052124614199855,-13.530998114633348,147.8873500433494,green
2020-11-29,sucre,-11.46167470150097,-11.972834752054213,51.116005055324365,green
2020-12-06,sucre,,-11.89226958688966,,
2020-12-13,sucre,-11.632201316935058,-11.917211586882104,28.50102699470458,green
2020-12-20,sucre,-11.53526430979555,,,
2020-12-27,sucre,-11.941865704826863,-11.802219191432426,-13.964651339443712,red
2021-01-03,sucre,-11.723202863299946,-11.686527678859855,-3.6675184440090547,yellow
2021-01-10,sucre,-11.275230879489841,-11.277983737649992,0.275285816015014,yellow
2021-01-17,sucre,-11.705689412683292,-11.145644680994279,-56.00447316890129,red
2021-01-24,sucre,,-11.231651524935103,,
2021-01-31,sucre,,,,
2021-02-07,sucre,-11.36491389053858,-11.648360971599073,28.34470810604941,green
2021-02-14,sucre,-12.074805164329053,-11.398565099009852,-67.62400653192006,red
2021-02-21,sucre,-11.646502520583875,-11.176096383098736,-47.04061374851385,red
2021-02-28,sucre,-11.283771022104144,-12.553071961225754,126.93009391216101,green
2021-03-07,sucre,-11.474819231053077,-11.545521691577383,7.070246052430562,green
2021-03-14,sucre,-11.753987651290197,-12.18087726269707,42.688961140687276,green
2021-03-21,sucre,-11.84327183579429,-11.82896426346082,-1.430757233347002,yellow
2021-03-28,sucre,-12.179790982994216,-11.637771522138198,-54.201946085601804,red
2021-04-04,sucre,-11.892756417673215,-12.138452990802612,24.569657312939697,green
2021-04-11,sucre,-11.910397332798015,-12.014465445905008,10.406811310699382,green
2021-04-18,sucre,-12.0899254892142,-12.193710671660329,10.378518244612778,green
2021-04-25,sucre,-12.259456520240727,-11.854104163182273,-40.53523570584545,red
2021-05-02,sucre,-11.70888152651691,-12.307153051623946,59.82715251070356,green
2021-05-09,sucre,-12.03161846288509,-11.586308202663977,-44.53102602211132,red
2021-05-16,sucre,-11.766375236780933,-11.997375165516607,23.099992873567388,green
2021-05-23,sucre,-11.881225280849714,-12.144858640735189,26.363335988547476,green
2021-05-30,sucre,-11.804700789371779,-12.17175624481253,36.70554554407506,green
2021-06-06,sucre,-11.651991223619511,-12.061077431846511,40.90862082270004,green
2021-06-13,sucre,-11.66246354216179,-11.365757403280329,-29.670613888146136,red
2021-06-20,sucre,-11.272176265883992,-11.769324199957554,49.71479340735616,green
2021-06-27,sucre,-12.412859483151069,-11.71597275076312,-69.68867323879486,red
2021-07-04,sucre,-11.063463840272748,-11.341343491590118,27.787965131737025,green
2021-07-11,sucre,-11.147718365981017,-11.538544640561971,39.08262745809541,green
2021-07-18,sucre,-11.454493802349775,-11.542148481950898,8.765467960112261,green
2021-07-25,sucre,-12.006714471622924,-11.700068298525359,-30.664617309756537,red
2021-08-01,sucre,-11.808707805331911,-11.597656271550813,-21.105153378109875,red
2021-08-08,sucre,-11.089749456849914,-11.17375556340295,8.400610655303709,green
2021-08-15,sucre,-11.416154373216461,-11.049149166693324,-36.700520652313706,red
2021-08-22,sucre,-10.757131096824018,-11.219716853968428,46.25857571444101,green
2021-08-29,sucre,-11.530321414555065,-10.932507570015368,-59.78138445396972,red
2021-09-05,sucre,-10.924770580697553,-10.914113870748094,-1.0656709949458332,yellow
2021-09-12,sucre,-11.45725890597743,-10.606876696632833,-85.03822093445964,red
2021-09-19,sucre,-10.950821034640605,-11.176840882035256,22.60198473946513,green
2021-09-26,sucre,-10.638362248939412,-10.873287148103378,23.492489916396586,green
2021-10-03,sucre,-11.176093604218662,-10.993279678386076,-18.281392583258693,red
2021-10-10,sucre,-11.495566424375772,-11.113191294455548,-38.23751299202236,red
2021-10-17,sucre,-12.595479427351249,-12.140471743014077,-45.5007684337172,red
2021-10-24,sucre,-12.659176574969232,-11.58089330213829,-107.82832728309427,red
2021-10-31,sucre,-12.012158586493882,-11.191875629082778,-82.02829574111038,red
2021-11-07,sucre,-11.922216170668976,-12.353685972502799,43.14698018338223,green
2021-11-14,sucre,-11.888414238853654,-11.549178190613324,-33.92360482403305,red
2021-11-21,sucre,-12.067960073128654,-12.052124614199855,-1.5835458928799895,yellow
2021-11-28,sucre,-12.184422795801659,-11.46167470150097,-72.27480943006893,red
2021-12-05,sucre,-11.571588601005889,,,
2021-12-12,sucre,-11.654819335474642,-11.632201316935058,-2.2618018539583673,yellow
2021-12-19,sucre,-11.737062605731557,-11.53526430979555,-20.17982959360065,red
2021-12-26,sucre,-11.73667072791968,-11.941865704826863,20.519497690718325,green
2022-01-02,sucre,-11.633551605935233,-11.723202863299946,8.965125736471258,green
2022-01-09,sucre,-11.598712080470813,-11.275230879489841,-32.348120098097155,red
2022-01-16,sucre,-11.327142284063877,-11.705689412683292,37.854712861941486,green
2022-01-23,sucre,-11.389092204703408,,,
2022-01-30,sucre,-11.184062447050616,,,
2022-02-06,sucre,,-11.36491389053858,,
2022-02-13,sucre,-11.969323902092366,-12.074805164329053,10.548126223668675,green
2022-02-20,sucre,-11.778067318382572,-11.646502520583875,-13.156479779869734,red
2022-02-27,sucre,-11.75499153793264,-11.283771022104144,-47.12205158284952,red
2022-03-06,sucre,-11.826016663037317,-11.474819231053077,-35.11974319842395,red
2022-03-13,sucre,-11.571806835433922,-11.753987651290197,18.218081585627566,green
2022-03-20,sucre,,-11.84327183579429,,
2022-03-27,sucre,-12.720734418391453,-12.179790982994216,-54.09434353972369,red
2022-04-03,sucre,-11.778709978030903,-11.892756417673215,11.404643964231198,green
2022-04-10,sucre,-12.013110718325361,-11.910397332798015,-10.271338552734655,red
2022-04-17,sucre,-12.831873050985529,-12.0899254892142,-74.19475617713277,red
2022-04-24,sucre,-12.174536497099716,-12.259456520240727,8.492002314101121,green
2022-05-01,sucre,-11.71426568482384,-11.70888152651691,-0.5384158306929621,yellow
2022-05-08,sucre,-11.880346018902042,-12.03161846288509,15.127244398304818,green
2022-05-15,sucre,-11.974467448993492,-11.766375236780933,-20.809221221255925,red
2022-05-22,sucre,-11.318496535503797,-11.881225280849714,56.272874534591644,green
2022-05-29,sucre,-11.913180357975621,-11.804700789371779,-10.847956860384222,red
2022-06-05,sucre,-11.813164029303849,-11.651991223619511,-16.117280568433756,red
2022-06-12,sucre,-11.300791956222717,-11.66246354216179,36.16715859390727,green
2022-06-19,sucre,-11.308453129461816,-11.272176265883992,-3.627686357782345,yellow
2022-06-26,sucre,-11.640291535771192,-12.412859483151069,77.25679473798763,green
2022-07-03,sucre,-11.582293280242304,-11.063463840272748,-51.88294399695561,red
2022-07-10,sucre,-11.4471425094472,-11.147718365981017,-29.942414346618307,red
2022-07-17,sucre,-12.050948055538159,-11.454493802349775,-59.64542531883836,red
2022-07-24,sucre,-11.064280346757599,-12.006714471622924,94.24341248653256,green
2022-07-31,sucre,-11.101997925187577,-11.808707805331911,70.67098801443343,green
2022-08-07,sucre,-11.434689785624151,-11.089749456849914,-34.49403287742374,red
2022-08-14,sucre,-11.06397334244622,-11.416154373216461,35.21810307702413,green
2022-08-21,sucre,-11.276836894364676,-10.757131096824018,-51.97057975406576,red
2022-08-28,sucre,-10.814300327173058,-11.530321414555065,71.6021087382007,green
2022-09-04,sucre,-10.847601353117367,-10.924770580697553,7.716922758018541,green
2022-09-11,sucre,-10.933415834323062,-11.45725890597743,52.38430716543672,green
2022-09-18,sucre,-11.039197279252287,-10.950821034640605,-8.837624461168225,red
2022-09-25,sucre,-11.386242601306785,-10.638362248939412,-74.7880352367373,red
2022-10-02,sucre,-11.417392474846315,-11.176093604218662,-24.12988706276522,red
2022-10-09,sucre,-11.031851423147502,-11.495566424375772,46.37150012282696,green
2022-10-16,sucre,-11.317724135870078,-12.595479427351249,127.77552914811707,green
2022-10-23,sucre,-11.530639526757566,-12.659176574969232,112.85370482116655,green
2022-10-30,sucre,-11.388504884432558,-12.012158586493882,62.365370206132376,green
2022-11-06,sucre,-11.55568995651069,-11.922216170668976,36.65262141582861,green
2022-11-13,sucre,-12.078170133217142,-11.888414238853654,-18.975589436348805,red
2022-11-20,sucre,-11.509933331774612,-12.067960073128654,55.802674135404295,green
2022-11-27,sucre,-11.821104857754982,-12.184422795801659,36.33179380466771,green
2022-12-04,sucre,-11.616866694109467,-11.571588601005889,-4.527809310357789,yellow
2022-12-11,sucre,,-11.654819335474642,,
2022-12-18,sucre,-12.107227829261788,-11.737062605731557,-37.016522353023085,red
2022-12-25,sucre,-13.18638337316364,-11.73667072791968,-144.97126452439596,red
2023-01-01,sucre,-12.068152927008336,-11.633551605935233,-43.4601321073103,red
2023-01-08,sucre,,-11.598712080470813,,
2023-01-15,sucre,-11.837871026343576,-11.327142284063877,-51.07287422796993,red
2023-01-22,sucre,-11.575944608704534,-11.389092204703408,-18.68524040011259,red
2023-01-29,sucre,-11.36861625753659,-11.184062447050616,-18.455381048597452,red
2023-02-05,sucre,,,,
2023-02-12,sucre,-11.830053937176855,-11.969323902092366,13.926996491551158,green
2023-02-19,sucre,-12.104812776471716,-11.778067318382572,-32.674545808914424,red
2023-02-26,sucre,-12.126845484218222,-11.75499153793264,-37.1853946285583,red
2023-03-05,sucre,-11.865106459107789,-11.826016663037317,-3.908979607047236,yellow
2023-03-12,sucre,-12.172838964919041,-11.571806835433922,-60.10321294851195,red
2023-03-19,sucre,-11.799818539364997,,,
2023-03-26,sucre,-11.797627936747363,-12.720734418391453,92.31064816440906,green
2023-04-02,sucre,-11.737700917348993,-11.778709978030903,4.1009060681910015,yellow
2023-04-09,sucre,-11.805028390314448,-12.013110718325361,20.808232801091364,green
2023-04-16,sucre,-12.074219449923891,-12.831873050985529,75.76536010616373,green
2023-04-23,sucre,-11.676254936604233,-12.174536497099716,49.82815604954833,green
2023-04-30,sucre,-11.847377630801263,-11.71426568482384,-13.311194597742393,red
2023-05-07,sucre,-11.351527692181284,-11.880346018902042,52.881832672075824,green
2023-05-14,sucre,-11.638547313332854,-11.974467448993492,33.592013566063805,green
2023-05-21,sucre,-11.86140782996877,-11.318496535503797,-54.291129446497344,red
2023-05-28,sucre,-11.700702151441096,-11.913180357975621,21.247820653452543,green
2023-06-04,sucre,-10.95571113235478,-11.813164029303849,85.74528969490683,green
2023-06-11,sucre,-11.285704199274388,-11.300791956222717,1.50877569483292,yellow
2023-06-18,sucre,-11.958180030986524,-11.308453129461816,-64.97269015247085,red
2023-06-25,sucre,-11.242800887705705,-11.640291535771192,39.749064806548695,green
2023-07-02,sucre,-10.954160441898749,-11.582293280242304,62.81328383435554,green
2023-07-09,sucre,-11.213099732358158,-11.4471425094472,23.404277708904253,green
2023-07-16,sucre,-11.437699082938197,-12.050948055538159,61.32489725999619,green
2023-07-23,sucre,-11.1491072162426,-11.064280346757599,-8.482686948500096,red
2023-07-30,sucre,-11.50843523658928,-11.101997925187577,-40.6437311401703,red
2023-08-06,sucre,-10.684241946770213,-11.434689785624151,75.04478388539385,green
2023-08-13,sucre,-11.076090454108842,-11.06397334244622,-1.2117111662622193,yellow
2023-08-20,sucre,-10.761647831070139,-11.276836894364676,51.518906329453706,green
2023-08-27,sucre,-10.989386893013823,-10.814300327173058,-17.508656584076476,red
2023-09-03,sucre,-10.918667599317983,-10.847601353117367,-7.106624620061552,red
2023-09-10,sucre,-11.49408564499593,-10.933415834323062,-56.066981067286825,red
2023-09-17,sucre,-11.044935589764982,-11.039197279252287,-0.5738310512695577,yellow
2023-09-24,sucre,-10.942565679565067,-11.386242601306785,44.36769217417176,green
2023-10-01,sucre,-10.864907576748912,-11.417392474846315,55.24848980974024,green
2023-10-08,sucre,-11.553070490548137,-11.031851423147502,-52.12190674006347,red
2023-10-15,sucre,-11.761539996449883,-11.317724135870078,-44.38158605798055,red
2023-10-22,sucre,-11.30823978794342,-11.530639526757566,22.2399738814147,green
2023-10-29,sucre,-11.386295742863556,-11.388504884432558,0.22091415690024263,yellow
2023-11-05,sucre,-11.607082633491185,-11.55568995651069,-5.139267698049466,red
2023-11-12,sucre,-11.684837005573366,-12.078170133217142,39.33331276437766,green
2023-11-19,sucre,-12.284357823480226,-11.509933331774612,-77.44244917056147,red
2023-11-26,sucre,-12.018216120243265,-11.821104857754982,-19.711126248828315,red
2023-12-03,sucre,-11.738956137722834,-11.616866694109467,-12.208944361336727,red
2023-12-10,sucre,-11.818838271884829,,,
2023-12-17,sucre,-12.40146642432865,-12.107227829261788,-29.423859506686156,red
2023-12-24,sucre,-12.108144545683274,-13.18638337316364,107.82388274803658,green
2023-12-31,sucre,-11.793080713081467,-12.068152927008336,27.507221392686887,green
2024-01-07,sucre,-12.30252278904604,,,
2024-01-14,sucre,-12.016825521048736,-11.837871026343576,-17.895449470515956,red
2024-01-21,sucre,-11.56647498492247,-11.575944608704534,0.9469623782063508,yellow
2024-01-28,sucre,,-11.36861625753659,,
2024-02-04,sucre,-15.389026700392046,,,
2024-02-11,sucre,-12.216820482627195,-11.830053937176855,-38.67665454503406,red
2024-02-18,sucre,-11.656017193544143,-12.104812776471716,44.87955829275734,green
2024-02-25,sucre,-11.54144815673794,-12.126845484218222,58.53973274802815,green
2024-03-03,sucre,-12.107915108738025,-11.865106459107789,-24.280864963023596,red
2024-03-10,sucre,-11.676611166236093,-12.172838964919041,49.62277986829484,green
2024-03-17,sucre,-11.63895805579878,-11.799818539364997,16.086048356621774,green
2024-03-24,sucre,-11.844735276445451,-11.797627936747363,-4.710733969808878,yellow
2024-03-31,sucre,-12.365747803930565,-11.737700917348993,-62.804688658157204,red
2024-04-07,sucre,-12.346892512943143,-11.805028390314448,-54.18641226286951,red
2024-04-14,sucre,-11.823453466235282,-12.074219449923891,25.076598368860914,green
2024-04-21,sucre,-11.743899433363648,-11.676254936604233,-6.764449675941542,red
2024-04-28,sucre,-12.03540939429969,-11.847377630801263,-18.803176349842587,red
2024-05-05,sucre,-11.429896241330313,-11.351527692181284,-7.836854914902958,red
2024-05-12,sucre,-11.115136132078202,-11.638547313332854,52.34111812546516,green
2024-05-19,sucre,-11.511566089692025,-11.86140782996877,34.98417402767462,green
2024-05-26,sucre,-11.67361478742904,-11.700702151441096,2.7087364012055914,yellow
2024-06-02,sucre,-10.990549887842425,-10.95571113235478,-3.483875548764459,yellow
2024-06-09,sucre,-11.202062526300827,-11.285704199274388,8.36416729735614,green
2024-06-16,sucre,-11.022128440750622,-11.958180030986524,93.60515902359019,green
2024-06-23,sucre,-11.268067019233005,-11.242800887705705,-2.5266131527299507,yellow
2024-06-30,sucre,-11.62499601028383,-10.954160441898749,-67.08355683850814,red
2024-07-07,sucre,-10.722320855829688,-11.213099732358158,49.077887652847,green
2024-07-14,sucre,-11.572713575331733,-11.437699082938197,-13.501449239353569,red
2024-07-21,sucre,-11.48470474255162,-11.1491072162426,-33.55975263090212,red
2024-07-28,sucre,-11.243578908325919,-11.50843523658928,26.485632826336136,green
2024-08-04,sucre,-11.465207176739641,-10.684241946770213,-78.09652299694285,red
2024-08-11,sucre,-11.525941034157245,-11.076090454108842,-44.98505800484036,red
2024-08-18,sucre,-11.022976983475367,-10.761647831070139,-26.13291524052279,red
2024-08-25,sucre,-10.889945336105724,-10.989386893013823,9.944155690809886,green
2024-09-01,sucre,-11.056550540366661,-10.918667599317983,-13.788294104867838,red
2024-09-08,sucre,-10.949650977228698,-11.49408564499593,54.44346677672325,green
2024-09-15,sucre,-11.7423258688212,-11.044935589764982,-69.73902790562185,red
2024-09-22,sucre,-11.169638898349893,-10.942565679565067,-22.707321878482567,red
2024-09-29,sucre,-11.12201417633656,-10.864907576748912,-25.710659958764737,red
2024-10-06,sucre,-10.900785049462115,-11.553070490548137,65.2285441086022,green
2024-10-13,sucre,-11.772098260385224,-11.761539996449883,-1.0558263935340761,yellow
2024-10-20,sucre,-11.057377617250612,-11.30823978794342,25.086217069280714,green
2024-10-27,sucre,-11.122336270015984,-11.386295742863556,26.39594728475725,green
2024-11-03,sucre,-11.576144502044725,-11.607082633491185,3.093813144645985,yellow
2024-11-10,sucre,-11.693958411398068,-11.684837005573366,-0.9121405824702222,yellow
2024-11-17,sucre,-11.969770506765187,-12.284357823480226,31.458731671503948,green
2024-11-24,sucre,-11.74298157407164,-12.018216120243265,27.523454617162457,green
2024-12-01,sucre,-11.377925877126199,-11.738956137722834,36.103026059663534,green
2024-12-08,sucre,-12.758706186365572,-11.818838271884829,-93.98679144807431,red
2024-12-15,sucre,-12.512253725235459,-12.40146642432865,-11.0787300906809,red
2024-12-22,sucre,-11.752943499045138,-12.108144545683274,35.52010466381361,green
2024-12-29,sucre,-12.070469517840271,-11.793080713081467,-27.73888047588038,red
2025-01-05,sucre,,-12.30252278904604,,
2025-01-12,sucre,,-12.016825521048736,,
2025-01-19,sucre,-11.916978434317517,-11.56647498492247,-35.05034493950472,red
2025-01-26,sucre,-11.553699420842323,,,
2025-02-02,sucre,-11.244436214719572,-15.389026700392046,414.45904856724735,green
2025-02-09,sucre,-11.26392890718348,-12.216820482627195,95.2891575443715,green
2025-02-16,sucre,-11.485991399494512,-11.656017193544143,17.002579404963036,green
2025-02-23,sucre,-11.553021502693339,-11.54144815673794,-1.157334595539794,yellow
2025-03-02,sucre,-12.292725179524156,-12.107915108738025,-18.481007078613132,red
2025-03-09,sucre,-12.418938391232134,-11.676611166236093,-74.23272249960408,red
2025-03-16,sucre,,-11.63895805579878,,
2025-03-23,sucre,-12.035049610844407,-11.844735276445451,-19.03143343989555,red
2025-03-30,sucre,-12.235455651312085,-12.365747803930565,13.029215261848037,green
2025-04-06,sucre,-12.47033563604273,-12.346892512943143,-12.344312309958738,red
2025-04-13,sucre,-11.93002399383921,-11.823453466235282,-10.657052760392816,red
2025-04-20,sucre,-11.869494482380572,-11.743899433363648,-12.559504901692442,red
2025-04-27,sucre,-11.655799585938796,-12.03540939429969,37.96098083608932,green
2025-05-04,sucre,-11.917402309582757,-11.429896241330313,-48.75060682524435,red
2025-05-11,sucre,-11.597452527265176,-11.115136132078202,-48.23163951869738,red
2025-05-18,sucre,-11.356110025893615,-11.511566089692025,15.545606379840926,green
2025-05-25,sucre,-11.522940567926767,-11.67361478742904,15.067421950227278,green
2025-06-01,sucre,-11.450051076821678,-10.990549887842425,-45.95011889792531,red
2025-06-08,sucre,-11.582505164352623,-11.202062526300827,-38.04426380517967,red
2025-06-15,sucre,-12.15579785923662,-11.022128440750622,-113.36694184859972,red
2025-06-22,sucre,-11.765113940413494,-11.268067019233005,-49.70469211804893,red
2025-06-29,sucre,-11.7204854729928,-11.62499601028383,-9.54894627089704,red
2025-07-06,sucre,-11.147607111779642,-10.722320855829688,-42.52862559499544,red
2025-07-13,sucre,-11.327319058175219,-11.572713575331733,24.539451715651417,green
2025-07-20,sucre,-11.330628933614426,-11.48470474255162,15.407580893719519,green
2025-07-27,sucre,-10.974227892117948,-11.243578908325919,26.93510162079704,green
2025-08-03,sucre,-11.200147242460584,-11.465207176739641,26.505993427905672,green
2025-08-10,sucre,-11.253534046775687,-11.525941034157245,27.2406987381558,green
2025-08-17,sucre,-11.16328644825329,-11.022976983475367,-14.030946477792305,red
2025-08-24,sucre,-11.108628898958125,-10.889945336105724,-21.868356285240154,red
2025-08-31,sucre,-11.226254214503234,-11.056550540366661,-16.97036741365725,red
2025-09-07,sucre,-11.282918052253217,-10.949650977228698,-33.326707502451924,red
2025-09-14,sucre,-11.118886375349987,-11.7423258688212,62.34394934712135,green
2025-09-21,sucre,-10.916120964802301,-11.169638898349893,25.351793354759167,green
2025-09-28,sucre,-11.749544971463575,-11.12201417633656,-62.753079512701504,red
2025-10-05,sucre,-10.96103018291947,-10.900785049462115,-6.024513345735549,red
2025-10-12,sucre,-11.386583613570684,-11.772098260385224,38.55146468145403,green
2025-10-19,sucre,-11.223824301551497,-11.057377617250612,-16.644668430088494,red
2025-10-26,sucre,,-11.122336270015984,,
2025-11-02,sucre,,-11.576144502044725,,
2025-11-09,sucre,-11.86627393614065,-11.693958411398068,-17.231552474258294,red
2025-11-16,sucre,-12.073659722183221,-11.969770506765187,-10.38892154180342,red
2025-11-23,sucre,-12.439375631646595,-11.74298157407164,-69.63940575749544,red
2025-11-30,sucre,,-11.377925877126199,,
2025-12-07,sucre,-11.738028988398622,-12.758706186365572,102.06771979669504,green
2025-12-14,sucre,-11.52489077011062,-12.512253725235459,98.73629551248388,green
2025-12-21,sucre,-11.858761300726007,-11.752943499045138,-10.58178016808693,red
2025-12-28,sucre,-11.827318408305498,-12.070469517840271,24.315110953477337,green
2026-01-04,sucre,,,,
2026-01-11,sucre,-11.652358967436246,,,
2026-01-18,sucre,-11.444258475107247,-11.916978434317517,47.271995921027,green
2026-01-25,sucre,-11.772328857687759,-11.553699420842323,-21.862943684543623,red
2026-02-01,sucre,-11.9829051387614,-11.244436214719572,-73.84689240418271,red
2026-02-08,sucre,-11.44695434037832,-11.26392890718348,-18.30254331948389,red
2026-02-15,sucre,-11.407934856409916,-11.485991399494512,7.805654308459609,green
2026-02-22,sucre,-11.34900038087845,-11.553021502693339,20.402112181488796,green
2026-03-01,sucre,-11.899518387189923,-12.292725179524156,39.320679233423306,green
2026-03-08,sucre,-12.099912676112439,-12.418938391232134,31.90257151196949,green
2026-03-15,sucre,-11.872269893776455,,,
2026-03-22,sucre,-11.950609053982706,-12.035049610844407,8.44405568617006,green
2026-03-29,sucre,-11.656948660751898,-12.235455651312085,57.85069905601876,green
2026-04-05,sucre,-11.624359660032429,-12.47033563604273,84.59759760103012,green
2026-04-12,sucre,-12.267190561624611,-11.93002399383921,-33.71665677854008,red
2026-04-19,sucre,-12.585010111461514,-11.869494482380572,-71.55156290809418,red
2026-04-26,sucre,-11.913838033499609,-11.655799585938796,-25.80384475608124,red
2026-05-03,sucre,-11.77070453167552,-11.917402309582757,14.669777790723693,green
2026-05-10,sucre,-11.270981687169733,-11.597452527265176,32.64708400954426,green
2018-07-01,tarija,,,,
2018-07-08,tarija,-11.000927198900678,,,
2018-07-15,tarija,-11.212875908314393,,,
2018-07-22,tarija,-11.235914657645957,,,
2018-07-29,tarija,-11.186662316712736,,,
2018-08-05,tarija,-11.321298478453938,,,
2018-08-12,tarija,-10.877944245497499,,,
2018-08-19,tarija,-10.80027833655374,,,
2018-08-26,tarija,-11.117682095166648,,,
2018-09-02,tarija,-10.860342161611714,,,
2018-09-09,tarija,-11.184867850784345,,,
2018-09-16,tarija,-11.05974920359738,,,
2018-09-23,tarija,-10.935774582433357,,,
2018-09-30,tarija,-10.727249669861406,,,
2018-10-07,tarija,-11.007744852490735,,,
2018-10-14,tarija,-10.629554142719169,,,
2018-10-21,tarija,,,,
2018-10-28,tarija,,,,
2018-11-04,tarija,-10.97117370662868,,,
2018-11-11,tarija,-11.219135150181463,,,
2018-11-18,tarija,-11.425638264329208,,,
2018-11-25,tarija,,,,
2018-12-02,tarija,,,,
2018-12-09,tarija,-11.747137839133787,,,
2018-12-16,tarija,-11.672474447568709,,,
2018-12-23,tarija,,,,
2018-12-30,tarija,-11.969982773348615,,,
2019-01-06,tarija,-11.347104077357908,,,
2019-01-13,tarija,,,,
2019-01-20,tarija,,,,
2019-01-27,tarija,-11.033414677317571,,,
2019-02-03,tarija,,,,
2019-02-10,tarija,-11.96914453932295,,,
2019-02-17,tarija,-12.134683922664378,,,
2019-02-24,tarija,-11.658607205596121,,,
2019-03-03,tarija,-11.743303724522187,,,
2019-03-10,tarija,-11.356261095343292,,,
2019-03-17,tarija,-11.17141621101454,,,
2019-03-24,tarija,-11.51246648924709,,,
2019-03-31,tarija,-12.069150827506792,,,
2019-04-07,tarija,-11.495200815039336,,,
2019-04-14,tarija,-11.50470805296276,,,
2019-04-21,tarija,-11.418079081377106,,,
2019-04-28,tarija,-11.570871298648434,,,
2019-05-05,tarija,-11.269358916732187,,,
2019-05-12,tarija,-11.247820883010334,,,
2019-05-19,tarija,-11.70155097572809,,,
2019-05-26,tarija,-11.19666714921047,,,
2019-06-02,tarija,-11.215633789625942,,,
2019-06-09,tarija,-11.022441903489959,,,
2019-06-16,tarija,-11.299205931395774,,,
2019-06-23,tarija,-11.128297453268562,,,
2019-06-30,tarija,-11.258500427877655,,,
2019-07-07,tarija,-11.163821250085764,-11.000927198900678,-16.289405118508604,red
2019-07-14,tarija,-10.857096839044612,-11.212875908314393,35.57790692697811,green
2019-07-21,tarija,-11.101272906202821,-11.235914657645957,13.46417514431355,green
2019-07-28,tarija,-10.79415164239226,-11.186662316712736,39.25106743204765,green
2019-08-04,tarija,-11.057891656431384,-11.321298478453938,26.340682202255472,green
2019-08-11,tarija,-10.843783861841365,-10.877944245497499,3.4160383656134385,yellow
2019-08-18,tarija,-10.848578943477078,-10.80027833655374,-4.83006069233376,yellow
2019-08-25,tarija,-11.040712012631905,-11.117682095166648,7.69700825347428,green
2019-09-01,tarija,-10.658493846351906,-10.860342161611714,20.184831525980762,green
2019-09-08,tarija,-11.239192878177313,-11.184867850784345,-5.4325027392968295,red
2019-09-15,tarija,-10.874452363121092,-11.05974920359738,18.52968404762887,green
2019-09-22,tarija,-10.918729558451817,-10.935774582433357,1.7045023981539842,yellow
2019-09-29,tarija,-10.899076050470596,-10.727249669861406,-17.182638060918975,red
2019-10-06,tarija,-10.88365089029612,-11.007744852490735,12.4093962194614,green
2019-10-13,tarija,-11.611688596829058,-10.629554142719169,-98.21344541098895,red
2019-10-20,tarija,,,,
2019-10-27,tarija,-11.525152623016815,,,
2019-11-03,tarija,-11.676281512245412,-10.97117370662868,-70.51078056167324,red
2019-11-10,tarija,-11.456827084237696,-11.219135150181463,-23.769193405623312,red
2019-11-17,tarija,-11.544190644412376,-11.425638264329208,-11.855238008316782,red
2019-11-24,tarija,-12.040419371988412,,,
2019-12-01,tarija,-11.819118586707402,,,
2019-12-08,tarija,,-11.747137839133787,,
2019-12-15,tarija,-11.672272122059052,-11.672474447568709,0.020232550965637586,yellow
2019-12-22,tarija,,,,
2019-12-29,tarija,-11.888420751213502,-11.969982773348615,8.156202213511321,green
2020-01-05,tarija,-11.610889575646429,-11.347104077357908,-26.378549828852016,red
2020-01-12,tarija,-11.517523144677599,,,
2020-01-19,tarija,-11.043606286244254,,,
2020-01-26,tarija,-11.60457944340761,-11.033414677317571,-57.1164766090039,red
2020-02-02,tarija,,,,
2020-02-09,tarija,-11.224549117040862,-11.96914453932295,74.45954222820887,green
2020-02-16,tarija,-11.371546661886722,-12.134683922664378,76.31372607776558,green
2020-02-23,tarija,-11.068347062309705,-11.658607205596121,59.02601432864163,green
2020-03-01,tarija,-11.556729001477015,-11.743303724522187,18.657472304517242,green
2020-03-08,tarija,-11.517862459936342,-11.356261095343292,-16.160136459305008,red
2020-03-15,tarija,,-11.17141621101454,,
2020-03-22,tarija,-11.784284497481993,-11.51246648924709,-27.18180082349022,red
2020-03-29,tarija,-11.404284467242185,-12.069150827506792,66.48663602646074,green
2020-04-05,tarija,-11.68404270710004,-11.495200815039336,-18.884189206070445,red
2020-04-12,tarija,-11.650781688996453,-11.50470805296276,-14.607363603369272,red
2020-04-19,tarija,-11.879601512553664,-11.418079081377106,-46.1522431176558,red
2020-04-26,tarija,-11.885387097713219,-11.570871298648434,-31.451579906478422,red
2020-05-03,tarija,-11.566964519154597,-11.269358916732187,-29.760560242240963,red
2020-05-10,tarija,-12.277217043872842,-11.247820883010334,-102.93961608625075,red
2020-05-17,tarija,-11.897248829642054,-11.70155097572809,-19.569785391396444,red
2020-05-24,tarija,-12.23946974714763,-11.19666714921047,-104.28025979371611,red
2020-05-31,tarija,-11.729360646514241,-11.215633789625942,-51.37268568882991,red
2020-06-07,tarija,-11.989367668844409,-11.022441903489959,-96.69257653544499,red
2020-06-14,tarija,-11.709837270026473,-11.299205931395774,-41.0631338630699,red
2020-06-21,tarija,-11.595913580277314,-11.128297453268562,-46.761612700875155,red
2020-06-28,tarija,-11.910177726039745,-11.258500427877655,-65.167729816209,red
2020-07-05,tarija,-12.057783717052665,-11.163821250085764,-89.39624669669008,red
2020-07-12,tarija,-11.516585472630306,-10.857096839044612,-65.94886335856938,red
2020-07-19,tarija,-11.597850502647812,-11.101272906202821,-49.657759644499144,red
2020-07-26,tarija,-11.543139741035715,-10.79415164239226,-74.8988098643455,red
2020-08-02,tarija,-11.217067101700353,-11.057891656431384,-15.917544526896954,red
2020-08-09,tarija,-11.022979668439179,-10.843783861841365,-17.91958065978143,red
2020-08-16,tarija,-11.08377329837036,-10.848578943477078,-23.519435489328266,red
2020-08-23,tarija,-11.533144532183936,-11.040712012631905,-49.24325195520307,red
2020-08-30,tarija,-10.722258659663233,-10.658493846351906,-6.376481331132666,red
2020-09-06,tarija,-11.142371339881,-11.239192878177313,9.682153829631268,green
2020-09-13,tarija,-11.060881000103397,-10.874452363121092,-18.64286369823045,red
2020-09-20,tarija,-11.11018122964259,-10.918729558451817,-19.1451671190773,red
2020-09-27,tarija,-10.787161966876349,-10.899076050470596,11.19140835942467,green
2020-10-04,tarija,-10.888756041182742,-10.88365089029612,-0.5105150886620891,yellow
2020-10-11,tarija,-11.188850624289886,-11.611688596829058,42.28379725391722,green
2020-10-18,tarija,-11.039125502669792,,,
2020-10-25,tarija,-12.102645776577711,-11.525152623016815,-57.7493153560896,red
2020-11-01,tarija,-11.094965151212998,-11.676281512245412,58.13163610324139,green
2020-11-08,tarija,-11.299815505578023,-11.456827084237696,15.701157865967375,green
2020-11-15,tarija,,-11.544190644412376,,
2020-11-22,tarija,-11.806106075364825,-12.040419371988412,23.431329662358635,green
2020-11-29,tarija,-12.807618975415846,-11.819118586707402,-98.85003887084434,red
2020-12-06,tarija,,,,
2020-12-13,tarija,-11.47967077302442,-11.672272122059052,19.26013490346321,green
2020-12-20,tarija,-11.483806184422313,,,
2020-12-27,tarija,-11.477416594347515,-11.888420751213502,41.1004156865987,green
2021-01-03,tarija,-11.272638291314824,-11.610889575646429,33.8251284331605,green
2021-01-10,tarija,-11.668379635383632,-11.517523144677599,-15.085649070603324,red
2021-01-17,tarija,-11.24412472839822,-11.043606286244254,-20.051844215396564,red
2021-01-24,tarija,,-11.60457944340761,,
2021-01-31,tarija,-11.998275927261115,,,
2021-02-07,tarija,,-11.224549117040862,,
2021-02-14,tarija,,-11.371546661886722,,
2021-02-21,tarija,,-11.068347062309705,,
2021-02-28,tarija,-11.549478188341851,-11.556729001477015,0.7250813135163625,yellow
2021-03-07,tarija,-11.393038415271223,-11.517862459936342,12.482404466511987,green
2021-03-14,tarija,-12.482259180310608,,,
2021-03-21,tarija,-11.994647125834405,-11.784284497481993,-21.036262835241182,red
2021-03-28,tarija,-11.90316631978632,-11.404284467242185,-49.888185254413564,red
2021-04-04,tarija,,-11.68404270710004,,
2021-04-11,tarija,,-11.650781688996453,,
2021-04-18,tarija,,-11.879601512553664,,
2021-04-25,tarija,-11.381121409179405,-11.885387097713219,50.426568853381326,green
2021-05-02,tarija,-11.755427358364303,-11.566964519154597,-18.846283920970563,red
2021-05-09,tarija,-11.135005170433402,-12.277217043872842,114.22118734394395,green
2021-05-16,tarija,-11.002876583319221,-11.897248829642054,89.43722463228329,green
2021-05-23,tarija,-11.407015965103943,-12.23946974714763,83.24537820436876,green
2021-05-30,tarija,-11.436333554521745,-11.729360646514241,29.302709199249577,green
2021-06-06,tarija,-11.579774090302738,-11.989367668844409,40.95935785416707,green
2021-06-13,tarija,-11.403089066516591,-11.709837270026473,30.674820350988163,green
2021-06-20,tarija,-11.416221665401812,-11.595913580277314,17.969191487550162,green
2021-06-27,tarija,-11.348748550843602,-11.910177726039745,56.142917519614244,green
2021-07-04,tarija,-11.011252591784201,-12.057783717052665,104.6531125268464,green
2021-07-11,tarija,-11.286335134313418,-11.516585472630306,23.025033831688724,green
2021-07-18,tarija,-11.116417568099372,-11.597850502647812,48.14329345484403,green
2021-07-25,tarija,-11.219932418516528,-11.543139741035715,32.32073225191865,green
2021-08-01,tarija,-11.470368575382652,-11.217067101700353,-25.330147368229916,red
2021-08-08,tarija,-11.288593183708523,-11.022979668439179,-26.561351526934374,red
2021-08-15,tarija,-11.375391971521646,-11.08377329837036,-29.161867315128553,red
2021-08-22,tarija,-10.754930913374935,-11.533144532183936,77.82136188090014,green
2021-08-29,tarija,-11.188576732507013,-10.722258659663233,-46.63180728437801,red
2021-09-05,tarija,-10.912913269075329,-11.142371339881,22.94580708056717,green
2021-09-12,tarija,-11.083199737723467,-11.060881000103397,-2.2318737620070195,yellow
2021-09-19,tarija,-10.950441693547774,-11.11018122964259,15.973953609481661,green
2021-09-26,tarija,-10.989738765143393,-10.787161966876349,-20.25767982670441,red
2021-10-03,tarija,-10.701681988786724,-10.888756041182742,18.707405239601727,green
2021-10-10,tarija,-11.597745459603793,-11.188850624289886,-40.8894835313907,red
2021-10-17,tarija,-11.718848129348217,-11.039125502669792,-67.97226266784247,red
2021-10-24,tarija,-12.245449691943739,-12.102645776577711,-14.280391536602721,red
2021-10-31,tarija,-11.5566334610625,-11.094965151212998,-46.1668309849502,red
2021-11-07,tarija,-11.826483736024874,-11.299815505578023,-52.666823044685174,red
2021-11-14,tarija,,,,
2021-11-21,tarija,-12.645087434003452,-11.806106075364825,-83.89813586386268,red
2021-11-28,tarija,-11.201024820833757,-12.807618975415846,160.65941545820888,green
2021-12-05,tarija,,,,
2021-12-12,tarija,-11.586881274687471,-11.47967077302442,-10.72105016630509,red
2021-12-19,tarija,-11.950189353036292,-11.483806184422313,-46.63831686139783,red
2021-12-26,tarija,,-11.477416594347515,,
2022-01-02,tarija,-11.774319914097596,-11.272638291314824,-50.16816227827725,red
2022-01-09,tarija,,-11.668379635383632,,
2022-01-16,tarija,-11.713566669992705,-11.24412472839822,-46.94419415944857,red
2022-01-23,tarija,,,,
2022-01-30,tarija,,-11.998275927261115,,
2022-02-06,tarija,,,,
2022-02-13,tarija,-11.8967460791684,,,
2022-02-20,tarija,-11.957020758358144,,,
2022-02-27,tarija,-11.97474494311675,-11.549478188341851,-42.52667547748992,red
2022-03-06,tarija,-12.081277409726326,-11.393038415271223,-68.82389944551034,red
2022-03-13,tarija,-11.838999957580068,-12.482259180310608,64.32592227305403,green
2022-03-20,tarija,-12.095464020749695,-11.994647125834405,-10.081689491529033,red
2022-03-27,tarija,-11.607515863110153,-11.90316631978632,29.56504566761673,green
2022-04-03,tarija,-11.366411376977203,,,
2022-04-10,tarija,-11.2899446247377,,,
2022-04-17,tarija,-11.918691383910955,,,
2022-04-24,tarija,-11.573670424005803,-11.381121409179405,-19.254901482639752,red
2022-05-01,tarija,-11.31962292867882,-11.755427358364303,43.58044296854828,green
2022-05-08,tarija,-11.299023701019973,-11.135005170433402,-16.401853058657068,red
2022-05-15,tarija,-11.4953611276404,-11.002876583319221,-49.24845443211794,red
2022-05-22,tarija,-11.424790791799229,-11.407015965103943,-1.777482669528574,yellow
2022-05-29,tarija,-11.350062838976065,-11.436333554521745,8.627071554568033,green
2022-06-05,tarija,-11.643269001842834,-11.579774090302738,-6.3494911540095345,red
2022-06-12,tarija,-11.470135137787222,-11.403089066516591,-6.704607127063156,red
2022-06-19,tarija,-11.010705383461799,-11.416221665401812,40.55162819400131,green
2022-06-26,tarija,-11.215059659023243,-11.348748550843602,13.368889182035915,green
2022-07-03,tarija,-10.96624708562903,-11.011252591784201,4.500550615517085,yellow
2022-07-10,tarija,-11.043235116546201,-11.286335134313418,24.310001776721712,green
2022-07-17,tarija,-11.464441820465865,-11.116417568099372,-34.80242523664927,red
2022-07-24,tarija,-10.910819509299207,-11.219932418516528,30.911290921732082,green
2022-07-31,tarija,-11.085276904094536,-11.470368575382652,38.50916712881158,green
2022-08-07,tarija,-11.273449043949578,-11.288593183708523,1.514413975894513,yellow
2022-08-14,tarija,-11.034618672041667,-11.375391971521646,34.0773299479979,green
2022-08-21,tarija,-11.174888236102072,-10.754930913374935,-41.99573227271376,red
2022-08-28,tarija,-10.740777731005489,-11.188576732507013,44.77990015015241,green
2022-09-04,tarija,-10.527327469806863,-10.912913269075329,38.55857992684655,green
2022-09-11,tarija,-10.940496877508053,-11.083199737723467,14.270286021541345,green
2022-09-18,tarija,-11.251338192597595,-10.950441693547774,-30.089649904982174,red
2022-09-25,tarija,-11.184328725106235,-10.989738765143393,-19.458995996284223,red
2022-10-02,tarija,-11.53351258582959,-10.701681988786724,-83.1830597042865,red
2022-10-09,tarija,-11.119647820354114,-11.597745459603793,47.809763924967896,green
2022-10-16,tarija,-11.446661859361866,-11.718848129348217,27.21862699863511,green
2022-10-23,tarija,-11.279942682384785,-12.245449691943739,96.55070095589534,green
2022-10-30,tarija,-10.973541053279769,-11.5566334610625,58.309240778273086,green
2022-11-06,tarija,-11.233561456119094,-11.826483736024874,59.292227990578006,green
2022-11-13,tarija,-11.524369789197243,,,
2022-11-20,tarija,-11.379249738899311,-12.645087434003452,126.58376951041407,green
2022-11-27,tarija,-11.342527634227174,-11.201024820833757,-14.150281339341753,red
2022-12-04,tarija,-12.03101294098473,,,
2022-12-11,tarija,,-11.586881274687471,,
2022-12-18,tarija,-11.958405570783091,-11.950189353036292,-0.8216217746799259,yellow
2022-12-25,tarija,-12.422324541146725,,,
2023-01-01,tarija,-11.353373908339075,-11.774319914097596,42.09460057585215,green
2023-01-08,tarija,-11.423255568662356,,,
2023-01-15,tarija,-12.09346197979287,-11.713566669992705,-37.98953098001654,red
2023-01-22,tarija,-11.694849697085585,,,
2023-01-29,tarija,-11.301943237468628,,,
2023-02-05,tarija,,,,
2023-02-12,tarija,-11.51188799259215,-11.8967460791684,38.485808657624965,green
2023-02-19,tarija,-12.517773799778068,-11.957020758358144,-56.075304141992355,red
2023-02-26,tarija,-11.986013200847871,-11.97474494311675,-1.1268257731121167,yellow
2023-03-05,tarija,-11.760199761481113,-12.081277409726326,32.10776482452129,green
2023-03-12,tarija,-11.760106301939942,-11.838999957580068,7.889365564012607,green
2023-03-19,tarija,-12.252875118184443,-12.095464020749695,-15.741109743474802,red
2023-03-26,tarija,,-11.607515863110153,,
2023-04-02,tarija,-12.109748926298261,-11.366411376977203,-74.33375493210583,red
2023-04-09,tarija,-12.466752038688767,-11.2899446247377,-117.68074139510674,red
2023-04-16,tarija,-11.524616959871022,-11.918691383910955,39.407442403993365,green
2023-04-23,tarija,-11.415432217571666,-11.573670424005803,15.823820643413633,green
2023-04-30,tarija,-11.57063653752616,-11.31962292867882,-25.101360884734092,red
2023-05-07,tarija,-11.145468975573207,-11.299023701019973,15.355472544676552,green
2023-05-14,tarija,-11.902135296049293,-11.4953611276404,-40.67741684088926,red
2023-05-21,tarija,-11.348814120928717,-11.424790791799229,7.597667087051185,green
2023-05-28,tarija,-11.420547381702582,-11.350062838976065,-7.048454272651661,red
2023-06-04,tarija,-11.368835260288778,-11.643269001842834,27.443374155405564,green
2023-06-11,tarija,-11.051567356901227,-11.470135137787222,41.85677808859953,green
2023-06-18,tarija,-11.338013319187375,-11.010705383461799,-32.73079357255764,red
2023-06-25,tarija,-10.961179738843063,-11.215059659023243,25.387992018018046,green
2023-07-02,tarija,-11.014788105492691,-10.96624708562903,-4.854101986366111,yellow
2023-07-09,tarija,-10.990239923000766,-11.043235116546201,5.2995193545434915,green
2023-07-16,tarija,-10.934644678578177,-11.464441820465865,52.97971418876877,green
2023-07-23,tarija,-10.863799891883145,-10.910819509299207,4.701961741606198,yellow
2023-07-30,tarija,-11.300207080618376,-11.085276904094536,-21.493017652383983,red
2023-08-06,tarija,-10.88997967598715,-11.273449043949578,38.34693679624284,green
2023-08-13,tarija,-11.253086330128989,-11.034618672041667,-21.846765808732194,red
2023-08-20,tarija,-10.952820122963358,-11.174888236102072,22.206811313871455,green
2023-08-27,tarija,-11.22684854244442,-10.740777731005489,-48.60708114389318,red
2023-09-03,tarija,-11.092794996132518,-10.527327469806863,-56.5467526325655,red
2023-09-10,tarija,-10.909936968171772,-10.940496877508053,3.0559909336281166,yellow
2023-09-17,tarija,-11.122440777416946,-11.251338192597595,12.889741518064923,green
2023-09-24,tarija,-10.970592257534669,-11.184328725106235,21.373646757156628,green
2023-10-01,tarija,-10.793057828126775,-11.53351258582959,74.0454757702814,green
2023-10-08,tarija,-11.001690393966818,-11.119647820354114,11.795742638729578,green
2023-10-15,tarija,-11.305635034790347,-11.446661859361866,14.102682457151872,green
2023-10-22,tarija,-10.575063137869929,-11.279942682384785,70.48795445148563,green
2023-10-29,tarija,-11.22145719477561,-10.973541053279769,-24.791614149584085,red
2023-11-05,tarija,-11.217787973509065,-11.233561456119094,1.5773482610029532,yellow
2023-11-12,tarija,-11.586288731479463,-11.524369789197243,-6.191894228222061,red
2023-11-19,tarija,-11.994912765787573,-11.379249738899311,-61.56630268882619,red
2023-11-26,tarija,,-11.342527634227174,,
2023-12-03,tarija,-11.718468180549428,-12.03101294098473,31.25447604353031,green
2023-12-10,tarija,-11.895643327348058,,,
2023-12-17,tarija,-12.202755299228459,-11.958405570783091,-24.434972844536773,red
2023-12-24,tarija,,-12.422324541146725,,
2023-12-31,tarija,-11.854746959903814,-11.353373908339075,-50.13730515647392,red
2024-01-07,tarija,-11.897755468741227,-11.423255568662356,-47.449990007887166,red
2024-01-14,tarija,-11.808031512481469,-12.09346197979287,28.543046731140187,green
2024-01-21,tarija,-11.715260337211046,-11.694849697085585,-2.0410640125460233,yellow
2024-01-28,tarija,-12.132519458607172,-11.301943237468628,-83.05762211385445,red
2024-02-04,tarija,-12.100441474833707,,,
2024-02-11,tarija,-11.766966223151414,-11.51188799259215,-25.507823055926337,red
2024-02-18,tarija,-13.346393412769903,-12.517773799778068,-82.86196129918349,red
2024-02-25,tarija,-11.645195500463009,-11.986013200847871,34.08177003848625,green
2024-03-03,tarija,-11.846382415521415,-11.760199761481113,-8.61826540403019,red
2024-03-10,tarija,-12.336275140268725,-11.760106301939942,-57.61688383287833,red
2024-03-17,tarija,-11.184054677363779,-12.252875118184443,106.88204408206641,green
2024-03-24,tarija,-12.006812114887799,,,
2024-03-31,tarija,-12.002283781188973,-12.109748926298261,10.746514510928762,green
2024-04-07,tarija,-11.489146807896848,-12.466752038688767,97.76052307919194,green
2024-04-14,tarija,-11.318542490791678,-11.524616959871022,20.607446907934346,green
2024-04-21,tarija,-11.742985593970433,-11.415432217571666,-32.755337639876636,red
2024-04-28,tarija,-11.108244891247608,-11.57063653752616,46.23916462785527,green
2024-05-05,tarija,-11.100231294887536,-11.145468975573207,4.523768068567158,yellow
2024-05-12,tarija,-11.195066262873537,-11.902135296049293,70.70690331757561,green
2024-05-19,tarija,-11.660459913867133,-11.348814120928717,-31.164579293841577,red
2024-05-26,tarija,-10.943542072844991,-11.420547381702582,47.70053088575903,green
2024-06-02,tarija,-11.20977536978441,-11.368835260288778,15.905989050436808,green
2024-06-09,tarija,-11.207120120609048,-11.051567356901227,-15.555276370782067,red
2024-06-16,tarija,-10.866861044915625,-11.338013319187375,47.11522742717502,green
2024-06-23,tarija,-10.923044806772246,-10.961179738843063,3.813493207081642,yellow
2024-06-30,tarija,-11.070844681584614,-11.014788105492691,-5.605657609192249,red
2024-07-07,tarija,-10.859443900045179,-10.990239923000766,13.079602295558779,green
2024-07-14,tarija,-11.22450847176748,-10.934644678578177,-28.98637931893031,red
2024-07-21,tarija,-10.875899262414755,-10.863799891883145,-1.209937053160992,yellow
2024-07-28,tarija,-11.31024635474772,-11.300207080618376,-1.0039274129344022,yellow
2024-08-04,tarija,-10.729122975946513,-10.88997967598715,16.0856700040636,green
2024-08-11,tarija,-11.427276795008442,-11.253086330128989,-17.419046487945344,red
2024-08-18,tarija,-10.952909526115468,-10.952820122963358,-0.008940315210992367,yellow
2024-08-25,tarija,-11.094053734601955,-11.22684854244442,13.279480784246545,green
2024-09-01,tarija,-10.877839352609014,-11.092794996132518,21.49556435235045,green
2024-09-08,tarija,-11.06915112497018,-10.909936968171772,-15.921415679840756,red
2024-09-15,tarija,-10.509118582502788,-11.122440777416946,61.332219491415785,green
2024-09-22,tarija,-10.854604551715266,-10.970592257534669,11.598770581940343,green
2024-09-29,tarija,-10.653328700895045,-10.793057828126775,13.972912723173003,green
2024-10-06,tarija,-10.75234583775567,-11.001690393966818,24.934455621114893,green
2024-10-13,tarija,-10.721473369864766,-11.305635034790347,58.41616649255812,green
2024-10-20,tarija,-10.81095754283463,-10.575063137869929,-23.589440496470182,red
2024-10-27,tarija,-11.146485268193059,-11.22145719477561,7.497192658255081,green
2024-11-03,tarija,-11.122800350462896,-11.217787973509065,9.498762304616903,green
2024-11-10,tarija,-11.527499097133703,-11.586288731479463,5.878963434576079,green
2024-11-17,tarija,-11.339582691825672,-11.994912765787573,65.53300739619007,green
2024-11-24,tarija,-11.968472980535726,,,
2024-12-01,tarija,-11.635367696207211,-11.718468180549428,8.310048434221606,green
2024-12-08,tarija,-12.077059923658819,-11.895643327348058,-18.141659631076124,red
2024-12-15,tarija,-11.18535164597583,-12.202755299228459,101.74036532526287,green
2024-12-22,tarija,,,,
2024-12-29,tarija,-12.527465196125089,-11.854746959903814,-67.27182362212751,red
2025-01-05,tarija,-12.177965051934722,-11.897755468741227,-28.020958319349454,red
2025-01-12,tarija,,-11.808031512481469,,
2025-01-19,tarija,-11.388227636266897,-11.715260337211046,32.703270094414805,green
2025-01-26,tarija,-11.863572610335623,-12.132519458607172,26.89468482715487,green
2025-02-02,tarija,-11.544348150436072,-12.100441474833707,55.60933243976347,green
2025-02-09,tarija,-11.52881936035378,-11.766966223151414,23.814686279763464,green
2025-02-16,tarija,-11.306235826884514,-13.346393412769903,204.0157585885389,green
2025-02-23,tarija,-11.288469986151455,-11.645195500463009,35.67255143115542,green
2025-03-02,tarija,-12.880864826747667,-11.846382415521415,-103.44824112262518,red
2025-03-09,tarija,,-12.336275140268725,,
2025-03-16,tarija,,-11.184054677363779,,
2025-03-23,tarija,-11.874634631197345,-12.006812114887799,13.217748369045346,green
2025-03-30,tarija,-11.770881545174367,-12.002283781188973,23.14022360146062,green
2025-04-06,tarija,-11.24276826163816,-11.489146807896848,24.637854625868805,green
2025-04-13,tarija,-11.323737921039148,-11.318542490791678,-0.5195430247470156,yellow
2025-04-20,tarija,-11.444868604057792,-11.742985593970433,29.8116989912641,green
2025-04-27,tarija,-11.313483271697862,-11.108244891247608,-20.5238380450254,red
2025-05-04,tarija,-11.477359635763758,-11.100231294887536,-37.71283408762223,red
2025-05-11,tarija,-11.034063423868075,-11.195066262873537,16.10028390054623,green
2025-05-18,tarija,-11.378120994196877,-11.660459913867133,28.23389196702557,green
2025-05-25,tarija,-11.232196802650712,-10.943542072844991,-28.865472980572093,red
2025-06-01,tarija,-11.570663768589215,-11.20977536978441,-36.08883988048053,red
2025-06-08,tarija,-11.415036252626582,-11.207120120609048,-20.79161320175338,red
2025-06-15,tarija,-11.452508688557213,-10.866861044915625,-58.56476436415878,red
2025-06-22,tarija,-11.634415103807399,-10.923044806772246,-71.13702970351525,red
2025-06-29,tarija,-11.610010114168155,-11.070844681584614,-53.91654325835411,red
2025-07-06,tarija,-11.047674180749787,-10.859443900045179,-18.82302807046088,red
2025-07-13,tarija,-11.137873388632032,-11.22450847176748,8.66350831354481,green
2025-07-20,tarija,-10.995374374173233,-10.875899262414755,-11.947511175847758,red
2025-07-27,tarija,-10.914299786152597,-11.31024635474772,39.594656859512334,green
2025-08-03,tarija,-10.693215782858172,-10.729122975946513,3.590719308834167,yellow
2025-08-10,tarija,-11.198074911628726,-11.427276795008442,22.92018833797158,green
2025-08-17,tarija,-11.46154711391481,-10.952909526115468,-50.86375877993419,red
2025-08-24,tarija,-11.3726632732927,-11.094053734601955,-27.86095386907448,red
2025-08-31,tarija,-11.086928173050424,-10.877839352609014,-20.90888204414103,red
2025-09-07,tarija,-11.40389648873717,-11.06915112497018,-33.47453637669897,red
2025-09-14,tarija,-10.837139940428724,-10.509118582502788,-32.80213579259357,red
2025-09-21,tarija,-10.741798251606465,-10.854604551715266,11.280630010880088,green
2025-09-28,tarija,-11.330647448013094,-10.653328700895045,-67.73187471180489,red
2025-10-05,tarija,-10.560257793760423,-10.75234583775567,19.20880439952466,green
2025-10-12,tarija,-11.459859222650564,-10.721473369864766,-73.83858527857984,red
2025-10-19,tarija,-11.730631071973079,-10.81095754283463,-91.96735291384482,red
2025-10-26,tarija,,-11.146485268193059,,
2025-11-02,tarija,,-11.122800350462896,,
2025-11-09,tarija,-11.284157927717905,-11.527499097133703,24.334116941579786,green
2025-11-16,tarija,-11.32320910638544,-11.339582691825672,1.637358544023293,yellow
2025-11-23,tarija,-11.882208315880773,-11.968472980535726,8.62646646549532,green
2025-11-30,tarija,-11.824861658467489,-11.635367696207211,-18.949396226027737,red
2025-12-07,tarija,,-12.077059923658819,,
2025-12-14,tarija,-11.334570861805707,-11.18535164597583,-14.921921582987707,red
2025-12-21,tarija,-11.976648415855461,,,
2025-12-28,tarija,-11.352118796636896,-12.527465196125089,117.53463994881929,green
2026-01-04,tarija,,-12.177965051934722,,
2026-01-11,tarija,-11.81431175618204,,,
2026-01-18,tarija,-11.76658005645374,-11.388227636266897,-37.83524201868431,red
2026-01-25,tarija,-11.231013902129083,-11.863572610335623,63.255870820654,green
2026-02-01,tarija,-11.744885343865016,-11.544348150436072,-20.05371934289446,red
2026-02-08,tarija,-11.833184116813063,-11.52881936035378,-30.436475645928418,red
2026-02-15,tarija,-11.315624643048071,-11.306235826884514,-0.9388816163557578,yellow
2026-02-22,tarija,-11.141595471136414,-11.288469986151455,14.687451501504079,green
2026-03-01,tarija,-12.47091386977392,-12.880864826747667,40.99509569737467,green
2026-03-08,tarija,-11.490096184884399,,,
2026-03-15,tarija,-12.055717971620933,,,
2026-03-22,tarija,-11.782158841601037,-11.874634631197345,9.247578959630864,green
2026-03-29,tarija,-12.176787457270496,-11.770881545174367,-40.5905912096129,red
2026-04-05,tarija,-11.469619810962927,-11.24276826163816,-22.685154932476692,red
2026-04-12,tarija,-11.398880639321801,-11.323737921039148,-7.514271828265251,red
2026-04-19,tarija,-11.45609144470544,-11.444868604057792,-1.1222840647647558,yellow
2026-04-26,tarija,,-11.313483271697862,,
2026-05-03,tarija,-11.319727289355844,-11.477359635763758,15.763234640791346,green
2026-05-10,tarija,-11.201669221163204,-11.034063423868075,-16.760579729512948,red
2018-07-01,trinidad,,,,
2018-07-08,trinidad,-10.885062940158429,,,
2018-07-15,trinidad,-11.365806109508924,,,
2018-07-22,trinidad,-10.855287841870009,,,
2018-07-29,trinidad,-10.981978942891018,,,
2018-08-05,trinidad,-10.624980911839584,,,
2018-08-12,trinidad,-10.526586991343923,,,
2018-08-19,trinidad,-10.410293751050643,,,
2018-08-26,trinidad,-10.442306608575832,,,
2018-09-02,trinidad,-9.964724074571992,,,
2018-09-09,trinidad,-9.999937669940689,,,
2018-09-16,trinidad,-9.947711524693721,,,
2018-09-23,trinidad,-10.634362868760405,,,
2018-09-30,trinidad,-10.390367121045,,,
2018-10-07,trinidad,-10.692847052743693,,,
2018-10-14,trinidad,-11.319620237151948,,,
2018-10-21,trinidad,-10.839526222324642,,,
2018-10-28,trinidad,,,,
2018-11-04,trinidad,-11.587708754059907,,,
2018-11-11,trinidad,-11.451709094652887,,,
2018-11-18,trinidad,-12.023828664955623,,,
2018-11-25,trinidad,,,,
2018-12-02,trinidad,-11.789129121011008,,,
2018-12-09,trinidad,-13.137753699569846,,,
2018-12-16,trinidad,-11.273873082581343,,,
2018-12-23,trinidad,-11.68274632731424,,,
2018-12-30,trinidad,-12.155447479350075,,,
2019-01-06,trinidad,-11.534671892134176,,,
2019-01-13,trinidad,,,,
2019-01-20,trinidad,-11.250778714988828,,,
2019-01-27,trinidad,-11.653692440827403,,,
2019-02-03,trinidad,,,,
2019-02-10,trinidad,-11.531417301212405,,,
2019-02-17,trinidad,-12.052925448875994,,,
2019-02-24,trinidad,-11.52451318236207,,,
2019-03-03,trinidad,,,,
2019-03-10,trinidad,-12.533318134395868,,,
2019-03-17,trinidad,-12.231697364914684,,,
2019-03-24,trinidad,-12.677463319706042,,,
2019-03-31,trinidad,-11.739093365582294,,,
2019-04-07,trinidad,-11.587442253082225,,,
2019-04-14,trinidad,-12.384723043179605,,,
2019-04-21,trinidad,-12.062806172473731,,,
2019-04-28,trinidad,-12.040020033442373,,,
2019-05-05,trinidad,,,,
2019-05-12,trinidad,-11.28012306367616,,,
2019-05-19,trinidad,-11.722417793431182,,,
2019-05-26,trinidad,-11.919355453191258,,,
2019-06-02,trinidad,-12.071107984174763,,,
2019-06-09,trinidad,-11.678684111933022,,,
2019-06-16,trinidad,-11.480181496267964,,,
2019-06-23,trinidad,-11.576307607687049,,,
2019-06-30,trinidad,-11.785899447572543,,,
2019-07-07,trinidad,-11.026505571402522,-10.885062940158429,-14.144263124409306,red
2019-07-14,trinidad,-11.094762187254904,-11.365806109508924,27.104392225401952,green
2019-07-21,trinidad,-11.20889329634067,-10.855287841870009,-35.360545447066194,red
2019-07-28,trinidad,-11.241898858457395,-10.981978942891018,-25.99199155663765,red
2019-08-04,trinidad,-11.366774330873914,-10.624980911839584,-74.17934190343303,red
2019-08-11,trinidad,-10.73195970687361,-10.526586991343923,-20.53727155296876,red
2019-08-18,trinidad,-10.460324708747835,-10.410293751050643,-5.0030957697192235,red
2019-08-25,trinidad,-10.668967034547551,-10.442306608575832,-22.66604259717191,red
2019-09-01,trinidad,-10.64342103132579,-9.964724074571992,-67.86969567537983,red
2019-09-08,trinidad,-10.389628182511638,-9.999937669940689,-38.96905125709491,red
2019-09-15,trinidad,-10.027028938260857,-9.947711524693721,-7.931741356713573,red
2019-09-22,trinidad,-10.187843057204972,-10.634362868760405,44.6519811555433,green
2019-09-29,trinidad,-9.816597780939771,-10.390367121045,57.376934010522795,green
2019-10-06,trinidad,-10.401821573239292,-10.692847052743693,29.102547950440005,green
2019-10-13,trinidad,-10.610673240578873,-11.319620237151948,70.89469965730757,green
2019-10-20,trinidad,-10.665605308149805,-10.839526222324642,17.392091417483613,green
2019-10-27,trinidad,-10.799547071701127,,,
2019-11-03,trinidad,-10.603904728876644,-11.587708754059907,98.38040251832626,green
2019-11-10,trinidad,-11.380461202659829,-11.451709094652887,7.124789199305859,green
2019-11-17,trinidad,-12.038615939918337,-12.023828664955623,-1.4787274962714037,yellow
2019-11-24,trinidad,-11.371100106566779,,,
2019-12-01,trinidad,-11.884537656311165,-11.789129121011008,-9.540853530015703,red
2019-12-08,trinidad,-11.477151473530947,-13.137753699569846,166.06022260388986,green
2019-12-15,trinidad,,-11.273873082581343,,
2019-12-22,trinidad,-11.666854079643594,-11.68274632731424,1.5892247670645787,yellow
2019-12-29,trinidad,-12.364841946829593,-12.155447479350075,-20.939446747951784,red
2020-01-05,trinidad,,-11.534671892134176,,
2020-01-12,trinidad,,,,
2020-01-19,trinidad,-11.494884434223351,-11.250778714988828,-24.410571923452373,red
2020-01-26,trinidad,-11.266794148993611,-11.653692440827403,38.68982918337913,green
2020-02-02,trinidad,-11.440056715268938,,,
2020-02-09,trinidad,-11.444666742115182,-11.531417301212405,8.675055909722396,green
2020-02-16,trinidad,-11.78225523839135,-12.052925448875994,27.06702104846439,green
2020-02-23,trinidad,,-11.52451318236207,,
2020-03-01,trinidad,-11.741388592517996,,,
2020-03-08,trinidad,-11.53289957874704,-12.533318134395868,100.04185556488281,green
2020-03-15,trinidad,-11.8040278673139,-12.231697364914684,42.766949760078354,green
2020-03-22,trinidad,,-12.677463319706042,,
2020-03-29,trinidad,,-11.739093365582294,,
2020-04-05,trinidad,-11.368388154165924,-11.587442253082225,21.90540989163008,green
2020-04-12,trinidad,-12.054814429900574,-12.384723043179605,32.990861327903076,green
2020-04-19,trinidad,-11.90436473508368,-12.062806172473731,15.844143739005112,green
2020-04-26,trinidad,-12.040516102986153,-12.040020033442373,-0.0496069543780564,yellow
2020-05-03,trinidad,-11.76938002293334,,,
2020-05-10,trinidad,-12.688901282618433,-11.28012306367616,-140.8778218942274,red
2020-05-17,trinidad,-11.812493190520216,-11.722417793431182,-9.007539708903423,red
2020-05-24,trinidad,-12.004222154517489,-11.919355453191258,-8.486670132623075,red
2020-05-31,trinidad,-11.95244638460011,-12.071107984174763,11.86615995746525,green
2020-06-07,trinidad,-11.429063836063406,-11.678684111933022,24.962027586961533,green
2020-06-14,trinidad,-11.35839073481434,-11.480181496267964,12.179076145362444,green
2020-06-21,trinidad,-11.606558012042283,-11.576307607687049,-3.0250404355234295,yellow
2020-06-28,trinidad,,-11.785899447572543,,
2020-07-05,trinidad,-11.771851207209401,-11.026505571402522,-74.53456358068794,red
2020-07-12,trinidad,-10.780690096090664,-11.094762187254904,31.407209116424006,green
2020-07-19,trinidad,-10.918936314862428,-11.20889329634067,28.995698147824278,green
2020-07-26,trinidad,-11.025662388337473,-11.241898858457395,21.623647011992198,green
2020-08-02,trinidad,-10.906079676849542,-11.366774330873914,46.06946540243726,green
2020-08-09,trinidad,-10.673907811734667,-10.73195970687361,5.805189513894327,green
2020-08-16,trinidad,-11.325418649217923,-10.460324708747835,-86.50939404700875,red
2020-08-23,trinidad,-10.32607912568038,-10.668967034547551,34.2887908867171,green
2020-08-30,trinidad,-10.386079323263566,-10.64342103132579,25.734170806222423,green
2020-09-06,trinidad,-10.215002138346799,-10.389628182511638,17.462604416483885,green
2020-09-13,trinidad,-10.240120511527241,-10.027028938260857,-21.309157326638406,red
2020-09-20,trinidad,-10.644752272822162,-10.187843057204972,-45.690921561718945,red
2020-09-27,trinidad,-10.184791179789618,-9.816597780939771,-36.819339884984714,red
2020-10-04,trinidad,-10.588392159320932,-10.401821573239292,-18.65705860816398,red
2020-10-11,trinidad,-11.218441062143368,-10.610673240578873,-60.77678215644955,red
2020-10-18,trinidad,-11.517695154504121,-10.665605308149805,-85.20898463543159,red
2020-10-25,trinidad,-11.066845539569345,-10.799547071701127,-26.72984678682173,red
2020-11-01,trinidad,-10.809161913560002,-10.603904728876644,-20.525718468335796,red
2020-11-08,trinidad,-10.878393942071664,-11.380461202659829,50.206726058816464,green
2020-11-15,trinidad,-11.793975843653271,-12.038615939918337,24.464009626506567,green
2020-11-22,trinidad,-11.286664808336859,-11.371100106566779,8.44352982299199,green
2020-11-29,trinidad,-10.798644658269817,-11.884537656311165,108.58929980413485,green
2020-12-06,trinidad,,-11.477151473530947,,
2020-12-13,trinidad,-11.534682432563159,,,
2020-12-20,trinidad,-11.559129439069725,-11.666854079643594,10.772464057386877,green
2020-12-27,trinidad,-11.178686226415405,-12.364841946829593,118.61557204141882,green
2021-01-03,trinidad,-12.036153780732258,,,
2021-01-10,trinidad,-11.380701984145952,,,
2021-01-17,trinidad,,-11.494884434223351,,
2021-01-24,trinidad,-11.662097558690235,-11.266794148993611,-39.53034096966235,red
2021-01-31,trinidad,-11.187548885110441,-11.440056715268938,25.25078301584962,green
2021-02-07,trinidad,-11.669338029053572,-11.444666742115182,-22.467128693839022,red
2021-02-14,trinidad,-11.007415002417519,-11.78225523839135,77.48402359738319,green
2021-02-21,trinidad,,,,
2021-02-28,trinidad,-11.231522874391734,-11.741388592517996,50.9865718126262,green
2021-03-07,trinidad,-11.866066047417185,-11.53289957874704,-33.31664686701448,red
2021-03-14,trinidad,-11.970649677557315,-11.8040278673139,-16.66218102434147,red
2021-03-21,trinidad,,,,
2021-03-28,trinidad,,,,
2021-04-04,trinidad,,-11.368388154165924,,
2021-04-11,trinidad,-11.887992859315055,-12.054814429900574,16.682157058551894,green
2021-04-18,trinidad,-11.613428927500536,-11.90436473508368,29.093580758314452,green
2021-04-25,trinidad,,-12.040516102986153,,
2021-05-02,trinidad,-11.99388884518987,-11.76938002293334,-22.45088222565297,red
2021-05-09,trinidad,-12.39217835406132,-12.688901282618433,29.67229285571129,green
2021-05-16,trinidad,-11.667520636299503,-11.812493190520216,14.497255422071298,green
2021-05-23,trinidad,-11.383047098966978,-12.004222154517489,62.11750555505109,green
2021-05-30,trinidad,-11.905167293797724,-11.95244638460011,4.727909080238568,yellow
2021-06-06,trinidad,-11.180392405623277,-11.429063836063406,24.867143044012963,green
2021-06-13,trinidad,-11.925033893461167,-11.35839073481434,-56.66431586468281,red
2021-06-20,trinidad,-11.62407676399439,-11.606558012042283,-1.7518751952106726,yellow
2021-06-27,trinidad,-10.65880083901924,,,
2021-07-04,trinidad,-11.114336143628403,-11.771851207209401,65.75150635809983,green
2021-07-11,trinidad,-10.478424388067204,-10.780690096090664,30.226570802346053,green
2021-07-18,trinidad,-10.826012209686489,-10.918936314862428,9.292410517593908,green
2021-07-25,trinidad,-10.808461783555565,-11.025662388337473,21.720060478190817,green
2021-08-01,trinidad,-10.627415391656628,-10.906079676849542,27.866428519291375,green
2021-08-08,trinidad,-10.201414793406059,-10.673907811734667,47.2493018328608,green
2021-08-15,trinidad,-10.059578577441988,-11.325418649217923,126.58400717759352,green
2021-08-22,trinidad,-10.18490713326923,-10.32607912568038,14.117199241115053,green
2021-08-29,trinidad,-10.653814847532844,-10.386079323263566,-26.77355242692787,red
2021-09-05,trinidad,-10.109144683139586,-10.215002138346799,10.585745520721268,green
2021-09-12,trinidad,-10.402505099715132,-10.240120511527241,-16.23845881878907,red
2021-09-19,trinidad,-10.257580356342109,-10.644752272822162,38.71719164800531,green
2021-09-26,trinidad,-10.349286391548272,-10.184791179789618,-16.449521175865378,red
2021-10-03,trinidad,-10.360531459772067,-10.588392159320932,22.78606995488648,green
2021-10-10,trinidad,-11.25546758758326,-11.218441062143368,-3.70265254398916,yellow
2021-10-17,trinidad,-10.603417312673791,-11.517695154504121,91.42778418303301,green
2021-10-24,trinidad,-10.094578157742358,-11.066845539569345,97.22673818269865,green
2021-10-31,trinidad,-10.370379701154015,-10.809161913560002,43.87822124059877,green
2021-11-07,trinidad,-11.22305707699171,-10.878393942071664,-34.46631349200455,red
2021-11-14,trinidad,-11.201497279532532,-11.793975843653271,59.24785641207393,green
2021-11-21,trinidad,,-11.286664808336859,,
2021-11-28,trinidad,,-10.798644658269817,,
2021-12-05,trinidad,,,,
2021-12-12,trinidad,-11.344517457943496,-11.534682432563159,19.016497461966253,green
2021-12-19,trinidad,-11.709156956921207,-11.559129439069725,-15.002751785148227,red
2021-12-26,trinidad,,-11.178686226415405,,
2022-01-02,trinidad,-11.98784976251499,-12.036153780732258,4.83040182172676,yellow
2022-01-09,trinidad,-11.20240990564265,-11.380701984145952,17.829207850330242,green
2022-01-16,trinidad,-11.354612522003947,,,
2022-01-23,trinidad,-11.62010218385482,-11.662097558690235,4.199537483541427,yellow
2022-01-30,trinidad,-11.362942788160028,-11.187548885110441,-17.53939030495868,red
2022-02-06,trinidad,-12.201549569753004,-11.669338029053572,-53.22115406994321,red
2022-02-13,trinidad,-13.191530097227878,-11.007415002417519,-218.4115094810359,red
2022-02-20,trinidad,-11.274912270372399,,,
2022-02-27,trinidad,-11.718561149033471,-11.231522874391734,-48.7038274641737,red
2022-03-06,trinidad,-11.830264328061334,-11.866066047417185,3.5801719355850636,yellow
2022-03-13,trinidad,,-11.970649677557315,,
2022-03-20,trinidad,-11.673099615854344,,,
2022-03-27,trinidad,-11.909024306889998,,,
2022-04-03,trinidad,-11.891672158425804,,,
2022-04-10,trinidad,-11.282655811401552,-11.887992859315055,60.533704791350296,green
2022-04-17,trinidad,-12.355155920445897,-11.613428927500536,-74.17269929453613,red
2022-04-24,trinidad,-11.654954568177143,,,
2022-05-01,trinidad,-12.680010884589185,-11.99388884518987,-68.6122039399315,red
2022-05-08,trinidad,-11.698533948745617,-12.39217835406132,69.36444053157035,green
2022-05-15,trinidad,-11.461720675618714,-11.667520636299503,20.5799960680789,green
2022-05-22,trinidad,-11.738936915039295,-11.383047098966978,-35.58898160723167,red
2022-05-29,trinidad,-11.718954413422725,-11.905167293797724,18.621288037499895,green
2022-06-05,trinidad,-11.613954389896417,-11.180392405623277,-43.35619842731404,red
2022-06-12,trinidad,-11.463477197344497,-11.925033893461167,46.155669611666994,green
2022-06-19,trinidad,-11.817554930241327,-11.62407676399439,-19.347816624693692,red
2022-06-26,trinidad,-11.587519023745772,-10.65880083901924,-92.87181847265327,red
2022-07-03,trinidad,-10.907552866486379,-11.114336143628403,20.67832771420246,green
2022-07-10,trinidad,-10.828464372368275,-10.478424388067204,-35.00399843010715,red
2022-07-17,trinidad,-10.619143796031713,-10.826012209686489,20.686841365477626,green
2022-07-24,trinidad,-10.70209259204657,-10.808461783555565,10.636919150899438,green
2022-07-31,trinidad,-9.848756706408272,-10.627415391656628,77.86586852483559,green
2022-08-07,trinidad,,-10.201414793406059,,
2022-08-14,trinidad,-10.237457034445091,-10.059578577441988,-17.787845700310356,red
2022-08-21,trinidad,-10.601569560230056,-10.18490713326923,-41.666242696082634,red
2022-08-28,trinidad,-10.416705900717432,-10.653814847532844,23.710894681541284,green
2022-09-04,trinidad,-9.75232577416934,-10.109144683139586,35.681890897024715,green
2022-09-11,trinidad,-10.004406201982212,-10.402505099715132,39.80988977329201,green
2022-09-18,trinidad,-10.26520879924306,-10.257580356342109,-0.7628442900951882,yellow
2022-09-25,trinidad,-9.593584383888473,-10.349286391548272,75.57020076597993,green
2022-10-02,trinidad,-9.906084482713386,-10.360531459772067,45.44469770586819,green
2022-10-09,trinidad,,-11.25546758758326,,
2022-10-16,trinidad,-10.556933431991544,-10.603417312673791,4.64838806822474,yellow
2022-10-23,trinidad,-11.620218333073087,-10.094578157742358,-152.56401753307287,red
2022-10-30,trinidad,-10.750190443779205,-10.370379701154015,-37.981074262519066,red
2022-11-06,trinidad,-11.29530589256511,-11.22305707699171,-7.22488155734009,red
2022-11-13,trinidad,-11.264786974511239,-11.201497279532532,-6.328969497870673,red
2022-11-20,trinidad,-10.914324338230308,,,
2022-11-27,trinidad,-11.158197372899677,,,
2022-12-04,trinidad,-11.546628361006354,,,
2022-12-11,trinidad,-11.589705316367171,-11.344517457943496,-24.518785842367485,red
2022-12-18,trinidad,-11.213442094535964,-11.709156956921207,49.571486238524365,green
2022-12-25,trinidad,-11.763529628098519,,,
2023-01-01,trinidad,-12.971374121643239,-11.98784976251499,-98.3524359128248,red
2023-01-08,trinidad,-12.259939879376933,-11.20240990564265,-105.75299737342831,red
2023-01-15,trinidad,,-11.354612522003947,,
2023-01-22,trinidad,-11.938466231238374,-11.62010218385482,-31.836404738355384,red
2023-01-29,trinidad,-11.606426970108936,-11.362942788160028,-24.348418194890797,red
2023-02-05,trinidad,-11.875423307951413,-12.201549569753004,32.612626180159054,green
2023-02-12,trinidad,-11.291207019050752,-13.191530097227878,190.03230781771254,green
2023-02-19,trinidad,-12.085845846714202,-11.274912270372399,-81.09335763418031,red
2023-02-26,trinidad,-12.160007239655567,-11.718561149033471,-44.14460906220956,red
2023-03-05,trinidad,-12.029253965011689,-11.830264328061334,-19.898963695035476,red
2023-03-12,trinidad,-12.474456382825187,,,
2023-03-19,trinidad,-11.434181539077317,-11.673099615854344,23.891807677702737,green
2023-03-26,trinidad,,-11.909024306889998,,
2023-04-02,trinidad,,-11.891672158425804,,
2023-04-09,trinidad,-11.74623294073368,-11.282655811401552,-46.3577129332128,red
2023-04-16,trinidad,-11.259852860122525,-12.355155920445897,109.53030603233725,green
2023-04-23,trinidad,-11.626272191230958,-11.654954568177143,2.8682376946184363,yellow
2023-04-30,trinidad,-12.359456588962196,-12.680010884589185,32.05542956269891,green
2023-05-07,trinidad,,-11.698533948745617,,
2023-05-14,trinidad,-15.475613567068647,-11.461720675618714,-401.38928914499326,red
2023-05-21,trinidad,-12.155268529031492,-11.738936915039295,-41.63316139921971,red
2023-05-28,trinidad,-11.513432372301365,-11.718954413422725,20.552204112136074,green
2023-06-04,trinidad,,-11.613954389896417,,
2023-06-11,trinidad,-12.15112911123828,-11.463477197344497,-68.76519138937826,red
2023-06-18,trinidad,-11.785787288100146,-11.817554930241327,3.176764214118144,yellow
2023-06-25,trinidad,-11.428146747942721,-11.587519023745772,15.937227580305091,green
2023-07-02,trinidad,-11.591206318599319,-10.907552866486379,-68.36534521129406,red
2023-07-09,trinidad,-10.775194375860465,-10.828464372368275,5.326999650780984,green
2023-07-16,trinidad,-10.782071696067451,-10.619143796031713,-16.29279000357382,red
2023-07-23,trinidad,-10.842304625297295,-10.70209259204657,-14.021203325072484,red
2023-07-30,trinidad,-10.7612055236354,-9.848756706408272,-91.24488172271282,red
2023-08-06,trinidad,-10.603024176642863,,,
2023-08-13,trinidad,-10.680640621575037,-10.237457034445091,-44.31835871299459,red
2023-08-20,trinidad,-10.542014408041053,-10.601569560230056,5.955515218900231,green
2023-08-27,trinidad,-10.298579935351565,-10.416705900717432,11.81259653658664,green
2023-09-03,trinidad,-10.00119650946077,-9.75232577416934,-24.887073529143144,red
2023-09-10,trinidad,-10.215633205212214,-10.004406201982212,-21.12270032300021,red
2023-09-17,trinidad,-9.903224634766875,-10.26520879924306,36.19841644761852,green
2023-09-24,trinidad,-10.090678224125332,-9.593584383888473,-49.70938402368592,red
2023-10-01,trinidad,-9.542641331012067,-9.906084482713386,36.344315170131836,green
2023-10-08,trinidad,-10.084884400513719,,,
2023-10-15,trinidad,-10.192239401380055,-10.556933431991544,36.46940306114885,green
2023-10-22,trinidad,-9.995019866751774,-11.620218333073087,162.51984663213133,green
2023-10-29,trinidad,-10.087736513646474,-10.750190443779205,66.2453930132731,green
2023-11-05,trinidad,,-11.29530589256511,,
2023-11-12,trinidad,-10.53274823083211,-11.264786974511239,73.20387436791282,green
2023-11-19,trinidad,-10.593804213340526,-10.914324338230308,32.05201248897822,green
2023-11-26,trinidad,-12.159092523947614,-11.158197372899677,-100.08951510479366,red
2023-12-03,trinidad,-11.529303539575013,-11.546628361006354,1.7324821431341064,yellow
2023-12-10,trinidad,-11.897186084840387,-11.589705316367171,-30.74807684732157,red
2023-12-17,trinidad,-11.2152493146697,-11.213442094535964,-0.18072201337364646,yellow
2023-12-24,trinidad,-11.930768585680891,-11.763529628098519,-16.723895758237184,red
2023-12-31,trinidad,-11.518465839200495,-12.971374121643239,145.29082824427437,green
2024-01-07,trinidad,,-12.259939879376933,,
2024-01-14,trinidad,-12.245281905253982,,,
2024-01-21,trinidad,-11.888677107982256,-11.938466231238374,4.978912325611873,yellow
2024-01-28,trinidad,,-11.606426970108936,,
2024-02-04,trinidad,-11.650566390766123,-11.875423307951413,22.485691718529033,green
2024-02-11,trinidad,-12.18537457049591,-11.291207019050752,-89.41675514451575,red
2024-02-18,trinidad,-11.480335410678547,-12.085845846714202,60.55104360356545,green
2024-02-25,trinidad,,-12.160007239655567,,
2024-03-03,trinidad,-11.653497426022849,-12.029253965011689,37.57565389888402,green
2024-03-10,trinidad,,-12.474456382825187,,
2024-03-17,trinidad,,-11.434181539077317,,
2024-03-24,trinidad,-12.001677411712146,,,
2024-03-31,trinidad,-12.02222218229081,,,
2024-04-07,trinidad,-11.658980843248512,-11.74623294073368,8.725209748516782,green
2024-04-14,trinidad,-11.90788275452788,-11.259852860122525,-64.80298944053544,red
2024-04-21,trinidad,-11.945532828733432,-11.626272191230958,-31.92606375024738,red
2024-04-28,trinidad,-11.434521468700973,-12.359456588962196,92.49351202612229,green
2024-05-05,trinidad,-11.8323363331544,,,
2024-05-12,trinidad,-12.107921728449329,-15.475613567068647,336.7691838619319,green
2024-05-19,trinidad,,-12.155268529031492,,
2024-05-26,trinidad,-11.960956760699192,-11.513432372301365,-44.75243883978273,red
2024-06-02,trinidad,-11.597801630838326,,,
2024-06-09,trinidad,-11.224820434471177,-12.15112911123828,92.63086767671034,green
2024-06-16,trinidad,-12.10592730233489,-11.785787288100146,-32.014001423474525,red
2024-06-23,trinidad,-11.645158384320702,-11.428146747942721,-21.701163637798082,red
2024-06-30,trinidad,-11.327165118608042,-11.591206318599319,26.40411999912775,green
2024-07-07,trinidad,-11.179946078257673,-10.775194375860465,-40.4751702397208,red
2024-07-14,trinidad,-10.671425855159404,-10.782071696067451,11.064584090804708,green
2024-07-21,trinidad,-10.36662864412936,-10.842304625297295,47.56759811679352,green
2024-07-28,trinidad,-10.369574523130948,-10.7612055236354,39.16310005044519,green
2024-08-04,trinidad,-10.220599550961799,-10.603024176642863,38.24246256810646,green
2024-08-11,trinidad,,-10.680640621575037,,
2024-08-18,trinidad,-10.15922282459363,-10.542014408041053,38.27915834474229,green
2024-08-25,trinidad,-10.35715959038793,-10.298579935351565,-5.857965503636464,red
2024-09-01,trinidad,-9.871489220190766,-10.00119650946077,12.970728927000508,green
2024-09-08,trinidad,,-10.215633205212214,,
2024-09-15,trinidad,,-9.903224634766875,,
2024-09-22,trinidad,,-10.090678224125332,,
2024-09-29,trinidad,,-9.542641331012067,,
2024-10-06,trinidad,,-10.084884400513719,,
2024-10-13,trinidad,-10.351218709328549,-10.192239401380055,-15.89793079484938,red
2024-10-20,trinidad,,-9.995019866751774,,
2024-10-27,trinidad,-10.133392559791005,-10.087736513646474,-4.5656046144531,yellow
2024-11-03,trinidad,,,,
2024-11-10,trinidad,-11.169507595861152,-10.53274823083211,-63.67593650290413,red
2024-11-17,trinidad,-11.970253520088862,-10.593804213340526,-137.6449306748336,red
2024-11-24,trinidad,-12.019447020092127,-12.159092523947614,13.96455038554869,green
2024-12-01,trinidad,-11.56377593203544,-11.529303539575013,-3.447239246042777,yellow
2024-12-08,trinidad,,-11.897186084840387,,
2024-12-15,trinidad,-11.61699312580905,-11.2152493146697,-40.17438111393492,red
2024-12-22,trinidad,-12.443497489030738,-11.930768585680891,-51.272890334984744,red
2024-12-29,trinidad,-11.719897506363129,-11.518465839200495,-20.143166716263394,red
2025-01-05,trinidad,-11.840597604090545,,,
2025-01-12,trinidad,,-12.245281905253982,,
2025-01-19,trinidad,-12.288118720157565,-11.888677107982256,-39.944161217530905,red
2025-01-26,trinidad,-11.526515104258692,,,
2025-02-02,trinidad,-12.091845422138311,-11.650566390766123,-44.127903137218816,red
2025-02-09,trinidad,,-12.18537457049591,,
2025-02-16,trinidad,-11.67961508983693,-11.480335410678547,-19.92796791583835,red
2025-02-23,trinidad,,,,
2025-03-02,trinidad,-11.56277134840694,-11.653497426022849,9.072607761590845,green
2025-03-09,trinidad,,,,
2025-03-16,trinidad,-11.447841999724846,,,
2025-03-23,trinidad,-11.77872619517339,-12.001677411712146,22.295121653875682,green
2025-03-30,trinidad,,-12.02222218229081,,
2025-04-06,trinidad,-11.918569128740357,-11.658980843248512,-25.95882854918443,red
2025-04-13,trinidad,-15.966939522849513,-11.90788275452788,-405.9056768321634,red
2025-04-20,trinidad,-11.611876059795346,-11.945532828733432,33.365676893808605,green
2025-04-27,trinidad,-12.033188327305385,-11.434521468700973,-59.866685860441216,red
2025-05-04,trinidad,-11.563208440616064,-11.8323363331544,26.91278925383358,green
2025-05-11,trinidad,-11.69138696756117,-12.107921728449329,41.65347608881582,green
2025-05-18,trinidad,-11.881800939401664,,,
2025-05-25,trinidad,-12.11238767138598,-11.960956760699192,-15.143091068678771,red
2025-06-01,trinidad,-11.752667481412887,-11.597801630838326,-15.486585057456104,red
2025-06-08,trinidad,-11.249129807078097,-11.224820434471177,-2.430937260692012,yellow
2025-06-15,trinidad,-11.69890908504758,-12.10592730233489,40.70182172873107,green
2025-06-22,trinidad,-12.302233255176441,-11.645158384320702,-65.70748708557392,red
2025-06-29,trinidad,-11.68564697838358,-11.327165118608042,-35.848185977553904,red
2025-07-06,trinidad,-11.1762974345011,-11.179946078257673,0.36486437565734775,yellow
2025-07-13,trinidad,-11.130419860383018,-10.671425855159404,-45.89940052236141,red
2025-07-20,trinidad,-11.106102378806938,-10.36662864412936,-73.94737346775777,red
2025-07-27,trinidad,-11.00186587804495,-10.369574523130948,-63.22913549140008,red
2025-08-03,trinidad,-11.115016570019613,-10.220599550961799,-89.44170190578137,red
2025-08-10,trinidad,-10.61291520291097,,,
2025-08-17,trinidad,-10.400850249661291,-10.15922282459363,-24.162742506766044,red
2025-08-24,trinidad,,-10.35715959038793,,
2025-08-31,trinidad,-10.378637244564763,-9.871489220190766,-50.7148024373997,red
2025-09-07,trinidad,-10.997726036484513,,,
2025-09-14,trinidad,-10.064380720251142,,,
2025-09-21,trinidad,-10.409481270564095,,,
2025-09-28,trinidad,-9.965709312301344,,,
2025-10-05,trinidad,-10.573955529374851,,,
2025-10-12,trinidad,-10.560375238060082,-10.351218709328549,-20.915652873153334,red
2025-10-19,trinidad,-10.638188254470618,,,
2025-10-26,trinidad,,-10.133392559791005,,
2025-11-02,trinidad,,,,
2025-11-09,trinidad,-11.532188763553098,-11.169507595861152,-36.26811676919459,red
2025-11-16,trinidad,-12.11138423108444,-11.970253520088862,-14.11307109955775,red
2025-11-23,trinidad,-11.79383279599037,-12.019447020092127,22.561422410175602,green
2025-11-30,trinidad,,-11.56377593203544,,
2025-12-07,trinidad,,,,
2025-12-14,trinidad,-12.110663731884284,-11.61699312580905,-49.36706060752343,red
2025-12-21,trinidad,-13.092935022443276,-12.443497489030738,-64.9437533412538,red
2025-12-28,trinidad,,-11.719897506363129,,
2026-01-04,trinidad,-11.875338189055741,-11.840597604090545,-3.474058496519561,yellow
2026-01-11,trinidad,-11.899864850168571,,,
2026-01-18,trinidad,,-12.288118720157565,,
2026-01-25,trinidad,-11.449932941634142,-11.526515104258692,7.658216262455042,green
2026-02-01,trinidad,,-12.091845422138311,,
2026-02-08,trinidad,-11.551305939702148,,,
2026-02-15,trinidad,-11.745549826476653,-11.67961508983693,-6.593473663972205,red
2026-02-22,trinidad,-11.51326028385796,,,
2026-03-01,trinidad,-11.919369303760412,-11.56277134840694,-35.65979553534717,red
2026-03-08,trinidad,-11.480122602427334,,,
2026-03-15,trinidad,,-11.447841999724846,,
2026-03-22,trinidad,,-11.77872619517339,,
2026-03-29,trinidad,,,,
2026-04-05,trinidad,-11.989570401636405,-11.918569128740357,-7.100127289604785,red
2026-04-12,trinidad,-11.943771937919706,-15.966939522849513,402.3167584929807,green
2026-04-19,trinidad,,-11.611876059795346,,
2026-04-26,trinidad,,-12.033188327305385,,
2026-05-03,trinidad,-11.562271740772609,-11.563208440616064,0.09366998434554574,yellow
2026-05-10,trinidad,-11.686642227624441,-11.69138696756117,0.4744739936729303,yellow
2018-07-01,yacuiba,,,,
2018-07-08,yacuiba,,,,
2018-07-15,yacuiba,-11.440031971044299,,,
2018-07-22,yacuiba,,,,
2018-07-29,yacuiba,-11.671839736747003,,,
2018-08-05,yacuiba,,,,
2018-08-12,yacuiba,-11.212508853175606,,,
2018-08-19,yacuiba,-10.767606558819477,,,
2018-08-26,yacuiba,-11.267880869361074,,,
2018-09-02,yacuiba,-10.68285667532088,,,
2018-09-09,yacuiba,-10.936500516299933,,,
2018-09-16,yacuiba,-10.757592790419466,,,
2018-09-23,yacuiba,-10.627695836195675,,,
2018-09-30,yacuiba,-10.748604722008617,,,
2018-10-07,yacuiba,-11.096023995233466,,,
2018-10-14,yacuiba,,,,
2018-10-21,yacuiba,-11.399869934566196,,,
2018-10-28,yacuiba,,,,
2018-11-04,yacuiba,,,,
2018-11-11,yacuiba,-11.041356714568245,,,
2018-11-18,yacuiba,,,,
2018-11-25,yacuiba,,,,
2018-12-02,yacuiba,,,,
2018-12-09,yacuiba,,,,
2018-12-16,yacuiba,-11.796183854895112,,,
2018-12-23,yacuiba,,,,
2018-12-30,yacuiba,-11.743156357511635,,,
2019-01-06,yacuiba,-10.825681236701554,,,
2019-01-13,yacuiba,,,,
2019-01-20,yacuiba,,,,
2019-01-27,yacuiba,-11.005360503656428,,,
2019-02-03,yacuiba,-10.710092522246429,,,
2019-02-10,yacuiba,-11.562546511650051,,,
2019-02-17,yacuiba,-12.391064566805882,,,
2019-02-24,yacuiba,-11.961381345258957,,,
2019-03-03,yacuiba,,,,
2019-03-10,yacuiba,,,,
2019-03-17,yacuiba,,,,
2019-03-24,yacuiba,,,,
2019-03-31,yacuiba,-12.011278566126114,,,
2019-04-07,yacuiba,,,,
2019-04-14,yacuiba,-12.227880676126109,,,
2019-04-21,yacuiba,,,,
2019-04-28,yacuiba,,,,
2019-05-05,yacuiba,,,,
2019-05-12,yacuiba,,,,
2019-05-19,yacuiba,-12.581571265670835,,,
2019-05-26,yacuiba,-11.512132198878618,,,
2019-06-02,yacuiba,,,,
2019-06-09,yacuiba,-11.246267317605437,,,
2019-06-16,yacuiba,,,,
2019-06-23,yacuiba,-12.811651928605484,,,
2019-06-30,yacuiba,-11.450228372159573,,,
2019-07-07,yacuiba,,,,
2019-07-14,yacuiba,-11.691258339098964,-11.440031971044299,-25.12263680546649,red
2019-07-21,yacuiba,-11.495714862809443,,,
2019-07-28,yacuiba,-11.355743818967555,-11.671839736747003,31.60959177794478,green
2019-08-04,yacuiba,-11.660713552839603,,,
2019-08-11,yacuiba,-11.180703911020359,-11.212508853175606,3.1804942155247318,yellow
2019-08-18,yacuiba,-11.196175156685126,-10.767606558819477,-42.85685978656488,red
2019-08-25,yacuiba,-11.032636462263286,-11.267880869361074,23.524440709778816,green
2019-09-01,yacuiba,-10.87752470334217,-10.68285667532088,-19.466802802129024,red
2019-09-08,yacuiba,-10.916497521469406,-10.936500516299933,2.0002994830527143,yellow
2019-09-15,yacuiba,-10.57387105242116,-10.757592790419466,18.372173799830627,green
2019-09-22,yacuiba,-11.137199569881908,-10.627695836195675,-50.950373368623225,red
2019-09-29,yacuiba,-10.830310905697534,-10.748604722008617,-8.170618368891702,red
2019-10-06,yacuiba,-10.615062208538877,-11.096023995233466,48.09617866945892,green
2019-10-13,yacuiba,-10.9748278012139,,,
2019-10-20,yacuiba,,-11.399869934566196,,
2019-10-27,yacuiba,-11.374495642226623,,,
2019-11-03,yacuiba,-10.792440239957006,,,
2019-11-10,yacuiba,-11.803726117517268,-11.041356714568245,-76.23694029490231,red
2019-11-17,yacuiba,-11.329348165773965,,,
2019-11-24,yacuiba,-11.69656615377513,,,
2019-12-01,yacuiba,-11.81089037212107,,,
2019-12-08,yacuiba,,,,
2019-12-15,yacuiba,-12.156986759142615,-11.796183854895112,-36.080290424750316,red
2019-12-22,yacuiba,-11.84220921140792,,,
2019-12-29,yacuiba,-12.013264928255811,-11.743156357511635,-27.010857074417594,red
2020-01-05,yacuiba,-12.598409247423243,-10.825681236701554,-177.27280107216893,red
2020-01-12,yacuiba,-12.088117093701674,,,
2020-01-19,yacuiba,-10.795671660329496,,,
2020-01-26,yacuiba,-11.938209950212519,-11.005360503656428,-93.28494465560908,red
2020-02-02,yacuiba,,-10.710092522246429,,
2020-02-09,yacuiba,-11.203526916913455,-11.562546511650051,35.901959473659595,green
2020-02-16,yacuiba,,-12.391064566805882,,
2020-02-23,yacuiba,,-11.961381345258957,,
2020-03-01,yacuiba,-12.30729256494526,,,
2020-03-08,yacuiba,-11.730250824716975,,,
2020-03-15,yacuiba,-11.506255439343535,,,
2020-03-22,yacuiba,-13.042415087226788,,,
2020-03-29,yacuiba,-11.14956169265659,-12.011278566126114,86.17168734695238,green
2020-04-05,yacuiba,,,,
2020-04-12,yacuiba,-11.881541173566236,-12.227880676126109,34.63395025598732,green
2020-04-19,yacuiba,-11.884549205847081,,,
2020-04-26,yacuiba,-12.625572162508131,,,
2020-05-03,yacuiba,,,,
2020-05-10,yacuiba,-11.826629021267529,,,
2020-05-17,yacuiba,-11.875653731177694,-12.581571265670835,70.59175344931407,green
2020-05-24,yacuiba,-11.953798723649914,-11.512132198878618,-44.16665247712963,red
2020-05-31,yacuiba,-11.912709321713617,,,
2020-06-07,yacuiba,-11.318678036930397,-11.246267317605437,-7.241071932496013,red
2020-06-14,yacuiba,,,,
2020-06-21,yacuiba,-11.528491639837815,-12.811651928605484,128.3160288767668,green
2020-06-28,yacuiba,-13.286290782641352,-11.450228372159573,-183.60624104817785,red
2020-07-05,yacuiba,-12.11719125666394,,,
2020-07-12,yacuiba,-11.944065124711596,-11.691258339098964,-25.280678561263237,red
2020-07-19,yacuiba,,-11.495714862809443,,
2020-07-26,yacuiba,-11.49678564664684,-11.355743818967555,-14.104182767928464,red
2020-08-02,yacuiba,-11.586294104977679,-11.660713552839603,7.441944786192423,green
2020-08-09,yacuiba,-10.943659601994394,-11.180703911020359,23.704430902596485,green
2020-08-16,yacuiba,-10.87794993569727,-11.196175156685126,31.822522098785555,green
2020-08-23,yacuiba,-11.491347094713817,-11.032636462263286,-45.8710632450531,red
2020-08-30,yacuiba,-10.441883705387674,-10.87752470334217,43.56409979544953,green
2020-09-06,yacuiba,-11.27185469093025,-10.916497521469406,-35.53571694608433,red
2020-09-13,yacuiba,-10.654187695545941,-10.57387105242116,-8.03166431247817,red
2020-09-20,yacuiba,,-11.137199569881908,,
2020-09-27,yacuiba,-10.441732695681662,-10.830310905697534,38.85782100158721,green
2020-10-04,yacuiba,-10.222787629250114,-10.615062208538877,39.22745792887632,green
2020-10-11,yacuiba,-10.233283819653257,-10.9748278012139,74.15439815606426,green
2020-10-18,yacuiba,,,,
2020-10-25,yacuiba,-10.589656679020035,-11.374495642226623,78.48389632065889,green
2020-11-01,yacuiba,-11.135898110580419,-10.792440239957006,-34.34578706234124,red
2020-11-08,yacuiba,-10.874698800837692,-11.803726117517268,92.90273166795764,green
2020-11-15,yacuiba,-10.789612153309257,-11.329348165773965,53.97360124647079,green
2020-11-22,yacuiba,-11.14418090353972,-11.69656615377513,55.23852502354103,green
2020-11-29,yacuiba,-10.707623631399086,-11.81089037212107,110.32667407219847,green
2020-12-06,yacuiba,,,,
2020-12-13,yacuiba,-11.374236015782726,-12.156986759142615,78.27507433598893,green
2020-12-20,yacuiba,,-11.84220921140792,,
2020-12-27,yacuiba,-11.421610041336196,-12.013264928255811,59.16548869196152,green
2021-01-03,yacuiba,-11.234695869848895,-12.598409247423243,136.37133775743476,green
2021-01-10,yacuiba,,-12.088117093701674,,
2021-01-17,yacuiba,-11.495896072780019,-10.795671660329496,-70.02244124505222,red
2021-01-24,yacuiba,-11.52461045129829,-11.938209950212519,41.359949891422865,green
2021-01-31,yacuiba,-11.947602249976756,,,
2021-02-07,yacuiba,-11.923216187484883,-11.203526916913455,-71.96892705714274,red
2021-02-14,yacuiba,-11.900882692972246,,,
2021-02-21,yacuiba,-12.144212970751111,,,
2021-02-28,yacuiba,-11.143311119307972,-12.30729256494526,116.39814456372886,green
2021-03-07,yacuiba,-11.67482341994516,-11.730250824716975,5.542740477181596,green
2021-03-14,yacuiba,-11.820362132144316,-11.506255439343535,-31.410669280078096,red
2021-03-21,yacuiba,-11.46458244593038,-13.042415087226788,157.7832641296407,green
2021-03-28,yacuiba,,-11.14956169265659,,
2021-04-04,yacuiba,,,,
2021-04-11,yacuiba,-11.592398025396843,-11.881541173566236,28.914314816939246,green
2021-04-18,yacuiba,,-11.884549205847081,,
2021-04-25,yacuiba,,-12.625572162508131,,
2021-05-02,yacuiba,-11.764704601664171,,,
2021-05-09,yacuiba,,-11.826629021267529,,
2021-05-16,yacuiba,,-11.875653731177694,,
2021-05-23,yacuiba,-11.894302944947432,-11.953798723649914,5.949577870248213,green
2021-05-30,yacuiba,-11.34438256958104,-11.912709321713617,56.832675213257744,green
2021-06-06,yacuiba,-11.536586356786264,-11.318678036930397,-21.790831985586756,red
2021-06-13,yacuiba,-11.789891300900987,,,
2021-06-20,yacuiba,,-11.528491639837815,,
2021-06-27,yacuiba,,-13.286290782641352,,
2021-07-04,yacuiba,-11.265731852461403,-12.11719125666394,85.14594042025365,green
2021-07-11,yacuiba,-11.4204291888284,-11.944065124711596,52.363593588319546,green
2021-07-18,yacuiba,-11.314370471403327,,,
2021-07-25,yacuiba,-11.29001457123068,-11.49678564664684,20.677107541616024,green
2021-08-01,yacuiba,-11.364133560898553,-11.586294104977679,22.216054407912544,green
2021-08-08,yacuiba,-10.756650384952797,-10.943659601994394,18.70092170415969,green
2021-08-15,yacuiba,-11.767502294036882,-10.87794993569727,-88.95523583396124,red
2021-08-22,yacuiba,-10.627832410007924,-11.491347094713817,86.35146847058923,green
2021-08-29,yacuiba,-11.091435104439334,-10.441883705387674,-64.95513990516599,red
2021-09-05,yacuiba,-10.858901747999507,-11.27185469093025,41.295294293074214,green
2021-09-12,yacuiba,-11.410374226565244,-10.654187695545941,-75.61865310193028,red
2021-09-19,yacuiba,-10.9457406636741,,,
2021-09-26,yacuiba,-10.778410480806976,-10.441732695681662,-33.6677785125314,red
2021-10-03,yacuiba,-11.022751167081779,-10.222787629250114,-79.99635378316654,red
2021-10-10,yacuiba,,-10.233283819653257,,
2021-10-17,yacuiba,-12.128843404513852,,,
2021-10-24,yacuiba,-10.947829345108559,-10.589656679020035,-35.81726660885245,red
2021-10-31,yacuiba,-11.265287740270804,-11.135898110580419,-12.938962969038492,red
2021-11-07,yacuiba,,-10.874698800837692,,
2021-11-14,yacuiba,,-10.789612153309257,,
2021-11-21,yacuiba,,-11.14418090353972,,
2021-11-28,yacuiba,-10.631916250434463,-10.707623631399086,7.570738096462293,green
2021-12-05,yacuiba,,,,
2021-12-12,yacuiba,,-11.374236015782726,,
2021-12-19,yacuiba,-11.445502210331162,,,
2021-12-26,yacuiba,,-11.421610041336196,,
2022-01-02,yacuiba,-11.298618774041955,-11.234695869848895,-6.392290419305979,red
2022-01-09,yacuiba,-12.458019958393418,,,
2022-01-16,yacuiba,-11.429561491753173,-11.495896072780019,6.633458102684564,green
2022-01-23,yacuiba,-11.484286018703504,-11.52461045129829,4.0324432594786686,yellow
2022-01-30,yacuiba,-11.48020461630355,-11.947602249976756,46.73976336732064,green
2022-02-06,yacuiba,-13.105456314523511,-11.923216187484883,-118.22401270386287,red
2022-02-13,yacuiba,-12.164288249670467,-11.900882692972246,-26.340555669822052,red
2022-02-20,yacuiba,-12.050256088275573,-12.144212970751111,9.395688247553835,green
2022-02-27,yacuiba,-11.870481170427855,-11.143311119307972,-72.71700511198827,red
2022-03-06,yacuiba,-12.26004534429221,-11.67482341994516,-58.52219243470511,red
2022-03-13,yacuiba,-11.371379232928001,-11.820362132144316,44.89828992163147,green
2022-03-20,yacuiba,-11.967011408921781,-11.46458244593038,-50.24289629914005,red
2022-03-27,yacuiba,-11.86055964584225,,,
2022-04-03,yacuiba,-11.799589098255556,,,
2022-04-10,yacuiba,,-11.592398025396843,,
2022-04-17,yacuiba,-12.456273417080475,,,
2022-04-24,yacuiba,-11.794952709374737,,,
2022-05-01,yacuiba,,-11.764704601664171,,
2022-05-08,yacuiba,-11.593292791561531,,,
2022-05-15,yacuiba,,,,
2022-05-22,yacuiba,-11.812322906458387,-11.894302944947432,8.198003848904456,green
2022-05-29,yacuiba,,-11.34438256958104,,
2022-06-05,yacuiba,,-11.536586356786264,,
2022-06-12,yacuiba,-11.884163498489333,-11.789891300900987,-9.427219758834582,red
2022-06-19,yacuiba,-11.525360591929514,,,
2022-06-26,yacuiba,,,,
2022-07-03,yacuiba,-11.441657056463985,-11.265731852461403,-17.592520400258138,red
2022-07-10,yacuiba,-10.647637768395409,-11.4204291888284,77.27914204329913,green
2022-07-17,yacuiba,-11.60270264506272,-11.314370471403327,-28.833217365939312,red
2022-07-24,yacuiba,-10.95773109047231,-11.29001457123068,33.22834807583703,green
2022-07-31,yacuiba,-10.9682804774174,-11.364133560898553,39.58530834811533,green
2022-08-07,yacuiba,-10.905937954731888,-10.756650384952797,-14.928756977909075,red
2022-08-14,yacuiba,-11.034966180612694,-11.767502294036882,73.25361134241888,green
2022-08-21,yacuiba,-11.291354927687966,-10.627832410007924,-66.35225176800415,red
2022-08-28,yacuiba,-10.578099411308921,-11.091435104439334,51.333569313041316,green
2022-09-04,yacuiba,-10.798514830304528,-10.858901747999507,6.038691769497895,green
2022-09-11,yacuiba,-10.498957472123722,-11.410374226565244,91.14167544415217,green
2022-09-18,yacuiba,-10.392121653382253,-10.9457406636741,55.36190102918468,green
2022-09-25,yacuiba,-10.890670950384425,-10.778410480806976,-11.226046957744984,red
2022-10-02,yacuiba,-10.60760729622327,-11.022751167081779,41.514387085850935,green
2022-10-09,yacuiba,-10.698755958900316,,,
2022-10-16,yacuiba,-10.864302135882388,-12.128843404513852,126.45412686314631,green
2022-10-23,yacuiba,-11.189338617410371,-10.947829345108559,-24.150927230181196,red
2022-10-30,yacuiba,-10.70499771619095,-11.265287740270804,56.029002407985296,green
2022-11-06,yacuiba,-11.105784107803554,,,
2022-11-13,yacuiba,-10.700536227039452,,,
2022-11-20,yacuiba,-10.64249242116733,,,
2022-11-27,yacuiba,-9.809787842844987,-10.631916250434463,82.2128407589476,green
2022-12-04,yacuiba,-10.419477392284147,,,
2022-12-11,yacuiba,-11.598826861055073,,,
2022-12-18,yacuiba,-10.755466377466025,-11.445502210331162,69.00358328651367,green
2022-12-25,yacuiba,-11.290603902568959,,,
2023-01-01,yacuiba,,-11.298618774041955,,
2023-01-08,yacuiba,-11.476363809459416,-12.458019958393418,98.1656148934002,green
2023-01-15,yacuiba,-10.85044678512289,-11.429561491753173,57.911470663028375,green
2023-01-22,yacuiba,-11.133099409751743,-11.484286018703504,35.118660895176035,green
2023-01-29,yacuiba,-10.601409558245948,-11.48020461630355,87.87950580576016,green
2023-02-05,yacuiba,-11.429667540054952,-13.105456314523511,167.57887744685593,green
2023-02-12,yacuiba,-11.447121524039327,-12.164288249670467,71.71667256311397,green
2023-02-19,yacuiba,-11.942261526389379,-12.050256088275573,10.799456188619416,green
2023-02-26,yacuiba,-12.144136354548523,-11.870481170427855,-27.36551841206687,red
2023-03-05,yacuiba,-11.401962140925768,-12.26004534429221,85.80832033664424,green
2023-03-12,yacuiba,-11.48573900166571,-11.371379232928001,-11.435976873770848,red
2023-03-19,yacuiba,-11.69979262713367,-11.967011408921781,26.72187817881113,green
2023-03-26,yacuiba,-11.416008092297801,-11.86055964584225,44.45515535444482,green
2023-04-02,yacuiba,-11.756499253243867,-11.799589098255556,4.308984501168922,yellow
2023-04-09,yacuiba,-12.3171191610153,,,
2023-04-16,yacuiba,,-12.456273417080475,,
2023-04-23,yacuiba,-12.123924200623707,-11.794952709374737,-32.89714912489696,red
2023-04-30,yacuiba,,,,
2023-05-07,yacuiba,,-11.593292791561531,,
2023-05-14,yacuiba,-12.349359731660229,,,
2023-05-21,yacuiba,-12.26997277263959,-11.812322906458387,-45.76498661812032,red
2023-05-28,yacuiba,,,,
2023-06-04,yacuiba,,,,
2023-06-11,yacuiba,-11.766991821596132,-11.884163498489333,11.717167689320007,green
2023-06-18,yacuiba,-11.679526671914806,-11.525360591929514,-15.41660799852913,red
2023-06-25,yacuiba,-11.54208763079949,,,
2023-07-02,yacuiba,-11.472548995790603,-11.441657056463985,-3.089193932661871,yellow
2023-07-09,yacuiba,,-10.647637768395409,,
2023-07-16,yacuiba,,-11.60270264506272,,
2023-07-23,yacuiba,-11.124874214340812,-10.95773109047231,-16.71431238685024,red
2023-07-30,yacuiba,-11.443467892548197,-10.9682804774174,-47.51874151307973,red
2023-08-06,yacuiba,-10.711768357516297,-10.905937954731888,19.416959721559124,green
2023-08-13,yacuiba,-11.355790266266869,-11.034966180612694,-32.08240856541753,red
2023-08-20,yacuiba,-10.746233897538133,-11.291354927687966,54.51210301498328,green
2023-08-27,yacuiba,-11.664034702129879,-10.578099411308921,-108.59352908209576,red
2023-09-03,yacuiba,-10.537089262125535,-10.798514830304528,26.142556817899276,green
2023-09-10,yacuiba,,-10.498957472123722,,
2023-09-17,yacuiba,-10.805284569845169,-10.392121653382253,-41.3162916462916,red
2023-09-24,yacuiba,-10.713078894292982,-10.890670950384425,17.759205609144324,green
2023-10-01,yacuiba,-10.563557392614415,-10.60760729622327,4.4049903608854635,yellow
2023-10-08,yacuiba,-10.777225238101895,-10.698755958900316,-7.846927920157931,red
2023-10-15,yacuiba,-11.119832617772405,-10.864302135882388,-25.553048189001615,red
2023-10-22,yacuiba,-10.318936141228358,-11.189338617410371,87.04024761820133,green
2023-10-29,yacuiba,,-10.70499771619095,,
2023-11-05,yacuiba,,-11.105784107803554,,
2023-11-12,yacuiba,-10.521435186196223,-10.700536227039452,17.910104084322853,green
2023-11-19,yacuiba,,-10.64249242116733,,
2023-11-26,yacuiba,,-9.809787842844987,,
2023-12-03,yacuiba,-10.84438778449489,-10.419477392284147,-42.49103922107427,red
2023-12-10,yacuiba,,-11.598826861055073,,
2023-12-17,yacuiba,-11.568897550806401,-10.755466377466025,-81.34311733403763,red
2023-12-24,yacuiba,,-11.290603902568959,,
2023-12-31,yacuiba,-11.296247657147282,,,
2024-01-07,yacuiba,-12.023388897369541,-11.476363809459416,-54.702508791012505,red
2024-01-14,yacuiba,-11.538469889996367,-10.85044678512289,-68.80231048734782,red
2024-01-21,yacuiba,-11.121513351907003,-11.133099409751743,1.1586057844739983,yellow
2024-01-28,yacuiba,-11.998833296577928,-10.601409558245948,-139.74237383319803,red
2024-02-04,yacuiba,-11.825740117565939,-11.429667540054952,-39.60725775109868,red
2024-02-11,yacuiba,-11.139885168634915,-11.447121524039327,30.72363554044113,green
2024-02-18,yacuiba,,-11.942261526389379,,
2024-02-25,yacuiba,-11.765314268866632,-12.144136354548523,37.882208568189135,green
2024-03-03,yacuiba,,-11.401962140925768,,
2024-03-10,yacuiba,,-11.48573900166571,,
2024-03-17,yacuiba,-10.72650463432878,-11.69979262713367,97.328799280489,green
2024-03-24,yacuiba,-11.540162710980496,-11.416008092297801,-12.415461868269517,red
2024-03-31,yacuiba,-12.149600680221264,-11.756499253243867,-39.310142697739714,red
2024-04-07,yacuiba,,-12.3171191610153,,
2024-04-14,yacuiba,,,,
2024-04-21,yacuiba,-12.059061523229756,-12.123924200623707,6.486267739395046,green
2024-04-28,yacuiba,,,,
2024-05-05,yacuiba,-11.90981148701419,,,
2024-05-12,yacuiba,,-12.349359731660229,,
2024-05-19,yacuiba,,-12.26997277263959,,
2024-05-26,yacuiba,,,,
2024-06-02,yacuiba,-11.666769383651364,,,
2024-06-09,yacuiba,-11.551570366700934,-11.766991821596132,21.542145489519804,green
2024-06-16,yacuiba,-11.467331189797033,-11.679526671914806,21.219548211777273,green
2024-06-23,yacuiba,-11.079424647341336,-11.54208763079949,46.26629834581539,green
2024-06-30,yacuiba,-11.922594222426731,-11.472548995790603,-45.00452266361279,red
2024-07-07,yacuiba,-11.124329895540654,,,
2024-07-14,yacuiba,,,,
2024-07-21,yacuiba,-11.241050247848701,-11.124874214340812,-11.617603350788919,red
2024-07-28,yacuiba,-11.414495987781782,-11.443467892548197,2.897190476641498,yellow
2024-08-04,yacuiba,-10.68842991724586,-10.711768357516297,2.3338440270435967,yellow
2024-08-11,yacuiba,-11.743226339551104,-11.355790266266869,-38.74360732842348,red
2024-08-18,yacuiba,-10.856799913363195,-10.746233897538133,-11.056601582506254,red
2024-08-25,yacuiba,-11.003853300876129,-11.664034702129879,66.018140125375,green
2024-09-01,yacuiba,-10.797158345010057,-10.537089262125535,-26.006908288452202,red
2024-09-08,yacuiba,-11.12098170915782,,,
2024-09-15,yacuiba,-10.998147537739927,-10.805284569845169,-19.2862967894758,red
2024-09-22,yacuiba,-10.38241632871335,-10.713078894292982,33.066256557963136,green
2024-09-29,yacuiba,-10.549287238389136,-10.563557392614415,1.427015422527944,yellow
2024-10-06,yacuiba,-10.340006218612293,-10.777225238101895,43.72190194896017,green
2024-10-13,yacuiba,-10.443918945748282,-11.119832617772405,67.5913672024123,green
2024-10-20,yacuiba,-10.380544257669273,-10.318936141228358,-6.160811644091524,red
2024-10-27,yacuiba,-10.776520023269983,,,
2024-11-03,yacuiba,-11.080270064163079,,,
2024-11-10,yacuiba,,-10.521435186196223,,
2024-11-17,yacuiba,-11.66640385962468,,,
2024-11-24,yacuiba,-11.484591471144576,,,
2024-12-01,yacuiba,-11.401052571561564,-10.84438778449489,-55.666478706667455,red
2024-12-08,yacuiba,-12.303827046625564,,,
2024-12-15,yacuiba,,-11.568897550806401,,
2024-12-22,yacuiba,-11.402829251610779,,,
2024-12-29,yacuiba,-11.734282621031312,-11.296247657147282,-43.80349638840304,red
2025-01-05,yacuiba,-11.396937422966445,-12.023388897369541,62.64514744030958,green
2025-01-12,yacuiba,-11.879266584438307,-11.538469889996367,-34.07966944419396,red
2025-01-19,yacuiba,-11.882288063712148,-11.121513351907003,-76.07747118051442,red
2025-01-26,yacuiba,-11.37312794326328,-11.998833296577928,62.57053533146486,green
2025-02-02,yacuiba,-11.40211283657777,-11.825740117565939,42.36272809881694,green
2025-02-09,yacuiba,-11.242570916575621,-11.139885168634915,-10.268574794070595,red
2025-02-16,yacuiba,-10.946506721239835,,,
2025-02-23,yacuiba,-11.315514557998554,-11.765314268866632,44.97997108680778,green
2025-03-02,yacuiba,-11.362353588413107,,,
2025-03-09,yacuiba,-11.765725612712282,,,
2025-03-16,yacuiba,,-10.72650463432878,,
2025-03-23,yacuiba,,-11.540162710980496,,
2025-03-30,yacuiba,,-12.149600680221264,,
2025-04-06,yacuiba,,,,
2025-04-13,yacuiba,,,,
2025-04-20,yacuiba,,-12.059061523229756,,
2025-04-27,yacuiba,,,,
2025-05-04,yacuiba,,-11.90981148701419,,
2025-05-11,yacuiba,,,,
2025-05-18,yacuiba,-12.0219780453842,,,
2025-05-25,yacuiba,,,,
2025-06-01,yacuiba,-11.921831535931073,-11.666769383651364,-25.50621522797094,red
2025-06-08,yacuiba,,-11.551570366700934,,
2025-06-15,yacuiba,-11.600939786668826,-11.467331189797033,-13.36085968717935,red
2025-06-22,yacuiba,,-11.079424647341336,,
2025-06-29,yacuiba,-11.812593867566395,-11.922594222426731,11.00003548603361,green
2025-07-06,yacuiba,-11.858710921879522,-11.124329895540654,-73.43810263388679,red
2025-07-13,yacuiba,,,,
2025-07-20,yacuiba,-11.32955827782227,-11.241050247848701,-8.850802997356944,red
2025-07-27,yacuiba,-11.233093384954943,-11.414495987781782,18.14026028268394,green
2025-08-03,yacuiba,,-10.68842991724586,,
2025-08-10,yacuiba,-11.60802649730016,-11.743226339551104,13.519984225094284,green
2025-08-17,yacuiba,-11.928484965068968,-10.856799913363195,-107.16850517057725,red
2025-08-24,yacuiba,-11.364331690541718,-11.003853300876129,-36.04783896655892,red
2025-08-31,yacuiba,-10.944679253403859,-10.797158345010057,-14.752090839380116,red
2025-09-07,yacuiba,-11.762182395125691,-11.12098170915782,-64.12006859678723,red
2025-09-14,yacuiba,-10.814849874882642,-10.998147537739927,18.32976628572851,green
2025-09-21,yacuiba,-10.591740839538762,-10.38241632871335,-20.932451082541093,red
2025-09-28,yacuiba,-11.186955717376243,-10.549287238389136,-63.76684789871074,red
2025-10-05,yacuiba,-10.533240175523805,-10.340006218612293,-19.323395691151113,red
2025-10-12,yacuiba,-11.030519311157354,-10.443918945748282,-58.66003654090726,red
2025-10-19,yacuiba,-10.901776798535106,-10.380544257669273,-52.12325408658334,red
2025-10-26,yacuiba,,-10.776520023269983,,
2025-11-02,yacuiba,,-11.080270064163079,,
2025-11-09,yacuiba,,,,
2025-11-16,yacuiba,-11.08569848984489,-11.66640385962468,58.070536977978904,green
2025-11-23,yacuiba,-11.492438747751034,-11.484591471144576,-0.7847276606458564,yellow
2025-11-30,yacuiba,-11.282513413061192,-11.401052571561564,11.853915850037211,green
2025-12-07,yacuiba,-11.692993102913224,-12.303827046625564,61.08339437123398,green
2025-12-14,yacuiba,-11.262535732801016,,,
2025-12-21,yacuiba,-11.704041680724206,-11.402829251610779,-30.121242911342705,red
2025-12-28,yacuiba,,-11.734282621031312,,
2026-01-04,yacuiba,-12.688536192832082,-11.396937422966445,-129.15987698656366,red
2026-01-11,yacuiba,-11.537320417227924,-11.879266584438307,34.19461672103825,green
2026-01-18,yacuiba,-11.843228884405697,-11.882288063712148,3.905917930645053,yellow
2026-01-25,yacuiba,-11.502357132857213,-11.37312794326328,-12.922918959393392,red
2026-02-01,yacuiba,-11.29913463222158,-11.40211283657777,10.29782043561891,green
2026-02-08,yacuiba,-11.56119738837053,-11.242570916575621,-31.8626471794909,red
2026-02-15,yacuiba,-11.399482610195987,-10.946506721239835,-45.29758889561517,red
2026-02-22,yacuiba,-11.38887526690148,-11.315514557998554,-7.33607089029249,red
2026-03-01,yacuiba,-11.74600751564559,-11.362353588413107,-38.36539272324835,red
2026-03-08,yacuiba,-11.183056428266498,-11.765725612712282,58.26691844457841,green
2026-03-15,yacuiba,,,,
2026-03-22,yacuiba,-11.602763455935028,,,
2026-03-29,yacuiba,-11.707924330985344,,,
2026-04-05,yacuiba,-11.585317496726452,,,
2026-04-12,yacuiba,,,,
2026-04-19,yacuiba,-12.333942674468044,,,
2026-04-26,yacuiba,,,,
2026-05-03,yacuiba,,,,
2026-05-10,yacuiba,-12.227914901224247,,,
