date,roi,no2_28d,yoy_28d
2018-07-15,la_paz_el_alto,2.650526268499339e-05,
2018-07-22,la_paz_el_alto,2.1707953353830078e-05,
2018-07-29,la_paz_el_alto,1.9321059315083065e-05,
2018-08-05,la_paz_el_alto,1.9189151571005518e-05,
2018-08-12,la_paz_el_alto,1.6428575238426506e-05,
2018-08-19,la_paz_el_alto,1.6430651651392715e-05,
2018-08-26,la_paz_el_alto,1.9412683270466207e-05,
2018-09-02,la_paz_el_alto,2.1364144453665027e-05,
2018-09-09,la_paz_el_alto,2.484633990509254e-05,
2018-09-16,la_paz_el_alto,2.6038945488817027e-05,
2018-09-23,la_paz_el_alto,2.4154530554285163e-05,
2018-09-30,la_paz_el_alto,2.2951722804602386e-05,
2018-10-07,la_paz_el_alto,1.8927982518006885e-05,
2018-10-14,la_paz_el_alto,1.5467400618667685e-05,
2018-10-21,la_paz_el_alto,1.4470549760448376e-05,
2018-10-28,la_paz_el_alto,1.3089010029444216e-05,
2018-11-04,la_paz_el_alto,1.303099367335864e-05,
2018-11-11,la_paz_el_alto,1.1863336999255099e-05,
2018-11-18,la_paz_el_alto,1.0715437942914218e-05,
2018-11-25,la_paz_el_alto,1.1336164266880483e-05,
2018-12-02,la_paz_el_alto,1.1821226983426012e-05,
2018-12-09,la_paz_el_alto,1.121496643848142e-05,
2018-12-16,la_paz_el_alto,1.075444846690239e-05,
2018-12-30,la_paz_el_alto,1.0484934243367841e-05,
2019-01-06,la_paz_el_alto,1.0137321621340416e-05,
2019-01-13,la_paz_el_alto,1.0364565325733123e-05,
2019-01-20,la_paz_el_alto,9.689222768956263e-06,
2019-01-27,la_paz_el_alto,9.538453318026253e-06,
2019-02-03,la_paz_el_alto,8.703154384350137e-06,
2019-02-10,la_paz_el_alto,7.889650690079504e-06,
2019-02-17,la_paz_el_alto,8.561689621033996e-06,
2019-02-24,la_paz_el_alto,9.098801655576131e-06,
2019-03-03,la_paz_el_alto,8.826288233953796e-06,
2019-03-10,la_paz_el_alto,8.652698543701947e-06,
2019-03-17,la_paz_el_alto,8.44631247906277e-06,
2019-03-24,la_paz_el_alto,9.160706225662144e-06,
2019-03-31,la_paz_el_alto,8.126149208055433e-06,
2019-04-07,la_paz_el_alto,7.946306126025464e-06,
2019-04-14,la_paz_el_alto,8.80903448544426e-06,
2019-04-21,la_paz_el_alto,8.407887176666022e-06,
2019-04-28,la_paz_el_alto,9.656043572268737e-06,
2019-05-05,la_paz_el_alto,1.0788359171353206e-05,
2019-05-12,la_paz_el_alto,1.056430290137391e-05,
2019-05-19,la_paz_el_alto,1.4068482601073843e-05,
2019-05-26,la_paz_el_alto,1.4125450478950713e-05,
2019-06-02,la_paz_el_alto,1.4720701218549986e-05,
2019-06-09,la_paz_el_alto,1.8828056488351143e-05,
2019-06-16,la_paz_el_alto,1.8773830738448865e-05,
2019-06-23,la_paz_el_alto,2.097862822008436e-05,
2019-06-30,la_paz_el_alto,2.157555082365106e-05,
2019-07-07,la_paz_el_alto,2.0951743591326588e-05,
2019-07-14,la_paz_el_alto,2.403378227483263e-05,
2019-07-21,la_paz_el_alto,2.1540081431080365e-05,
2019-07-28,la_paz_el_alto,2.340033859172263e-05,
2019-08-04,la_paz_el_alto,2.401050394690302e-05,
2019-08-11,la_paz_el_alto,2.2606842405129692e-05,
2019-08-18,la_paz_el_alto,2.7290962500195347e-05,
2019-08-25,la_paz_el_alto,2.9675099757571303e-05,
2019-09-01,la_paz_el_alto,2.7928721304820896e-05,
2019-09-08,la_paz_el_alto,2.652197042389859e-05,
2019-09-15,la_paz_el_alto,2.5103936583292756e-05,
2019-09-22,la_paz_el_alto,2.2059737676978804e-05,
2019-09-29,la_paz_el_alto,2.0547363549687247e-05,
2019-10-06,la_paz_el_alto,1.8910267513697582e-05,
2019-10-13,la_paz_el_alto,1.8032616897133612e-05,
2019-10-20,la_paz_el_alto,1.5221718125125682e-05,-44.818872160880474
2019-10-27,la_paz_el_alto,1.4024082947378226e-05,-36.98814308970029
2019-11-03,la_paz_el_alto,1.0266969496783414e-05,-53.406278913075234
2019-11-10,la_paz_el_alto,8.647034982278381e-06,-64.18057256448915
2019-11-17,la_paz_el_alto,8.397695471178039e-06,-58.10937169554862
2019-11-24,la_paz_el_alto,6.238245712687465e-06,-111.54294446972912
2019-12-01,la_paz_el_alto,5.245828109882882e-06,-141.63206726985004
2019-12-08,la_paz_el_alto,5.142586385190758e-06,-142.80850347363804
2019-12-15,la_paz_el_alto,5.782249809136246e-06,-140.8073225869309
2019-12-22,la_paz_el_alto,5.882261376964092e-06,-145.8779532222758
2019-12-29,la_paz_el_alto,5.338759143506524e-06,-157.12118508951215
2020-01-05,la_paz_el_alto,5.509369797473604e-06,-154.9023447347544
2020-01-12,la_paz_el_alto,7.220076195088034e-06,-123.33749475224813
2020-01-19,la_paz_el_alto,7.042226630871881e-06,-115.17365570490182
2020-01-26,la_paz_el_alto,7.508663772743677e-06,-105.07684124768221
2020-02-02,la_paz_el_alto,8.2091110223903e-06,-88.05735924679752
2020-02-09,la_paz_el_alto,9.66792987277926e-06,-59.36102473207221
2020-02-16,la_paz_el_alto,9.911661813742605e-06,-41.831005299972546
2020-02-23,la_paz_el_alto,1.0233591298137026e-05,-36.88333947167681
2020-03-01,la_paz_el_alto,9.656265734266702e-06,-35.56016605253376
2020-03-08,la_paz_el_alto,1.1141970482117178e-05,-11.822849488005183
2020-03-15,la_paz_el_alto,1.0801580476675325e-05,0.8006963818855795
2020-03-22,la_paz_el_alto,9.539494184057182e-06,-14.277521290015649
2020-03-29,la_paz_el_alto,8.876593023618114e-06,-33.34441615700161
2020-04-05,la_paz_el_alto,8.16185475782009e-06,-31.541689769695402
2020-04-12,la_paz_el_alto,6.86890978542369e-06,-43.888857483127985
2020-04-19,la_paz_el_alto,6.698062603445226e-06,-41.169195274588155
2020-04-26,la_paz_el_alto,6.10506892178924e-06,-53.14948850046264
2020-05-03,la_paz_el_alto,6.051324425342109e-06,-46.23952980145116
2020-05-10,la_paz_el_alto,6.305452701898712e-06,-31.54203208769335
2020-05-17,la_paz_el_alto,6.621808659869652e-06,-29.86333475113092
2020-05-24,la_paz_el_alto,6.8233083760251555e-06,-25.739011432806258
2020-05-31,la_paz_el_alto,9.479574227862897e-06,6.745953212645439
2020-06-07,la_paz_el_alto,9.392064973918977e-06,2.4941906483030962
2020-06-14,la_paz_el_alto,1.2272643329338801e-05,48.95734752010892
2020-06-21,la_paz_el_alto,1.467022310825541e-05,46.958155586746386
2020-06-28,la_paz_el_alto,1.4639240713222948e-05,55.74287131549678
2020-07-05,la_paz_el_alto,1.7021151526614625e-05,60.30513367175967
2020-07-12,la_paz_el_alto,1.7107162628523703e-05,40.609220423011294
2020-07-19,la_paz_el_alto,1.700220981999497e-05,50.27014177242339
2020-07-26,la_paz_el_alto,1.9793337978074606e-05,44.0093633019087
2020-08-02,la_paz_el_alto,2.3728156037339175e-05,53.696869828218574
2020-08-09,la_paz_el_alto,2.7565632594669953e-05,63.249623029111746
2020-08-16,la_paz_el_alto,2.5338938672302728e-05,29.11272092781001
2020-08-23,la_paz_el_alto,2.3731701263564308e-05,25.55487797968823
2020-08-30,la_paz_el_alto,1.9294798425989103e-05,-5.926838678577795
2020-09-06,la_paz_el_alto,1.735076817766851e-05,-25.02898994940619
2020-09-13,la_paz_el_alto,1.8434658832375764e-05,-16.136981723280996
2020-09-20,la_paz_el_alto,1.947117265513818e-05,-7.623716985832196
2020-09-27,la_paz_el_alto,2.0252081861331138e-05,-14.446776139333117
2020-10-04,la_paz_el_alto,1.8668393724900486e-05,-22.288806895661928
2020-10-11,la_paz_el_alto,1.4350073136956804e-05,-39.75274313281805
2020-10-18,la_paz_el_alto,1.1944708705653739e-05,-67.2462097809678
2020-10-25,la_paz_el_alto,9.763980408812533e-06,-91.60735541245835
2020-11-01,la_paz_el_alto,8.256165029050699e-06,-100.729242422093
2020-11-08,la_paz_el_alto,6.720915717857999e-06,-140.133119064501
2020-11-15,la_paz_el_alto,8.016984856583312e-06,-130.04718482559028
2020-11-22,la_paz_el_alto,9.49194575425309e-06,-109.87594637695395
2020-11-29,la_paz_el_alto,8.300781664308821e-06,-117.4081230870236
2020-12-06,la_paz_el_alto,8.335476884375065e-06,-110.25039405798881
2020-12-13,la_paz_el_alto,1.019103433076767e-05,-75.58325406729196
2020-12-20,la_paz_el_alto,1.0230715779190578e-05,-68.53145145309173
2020-12-27,la_paz_el_alto,9.746681591885391e-06,-72.58004301783583
2021-01-03,la_paz_el_alto,8.039875363733533e-06,-85.52914482016564
2021-01-10,la_paz_el_alto,8.083017831689388e-06,-85.24924850017577
2021-01-17,la_paz_el_alto,8.194541680496195e-06,-81.07519844932547
2021-01-24,la_paz_el_alto,8.218097183077032e-06,-72.68026227850655
2021-01-31,la_paz_el_alto,8.643465852583041e-06,-66.39194752466597
2021-02-07,la_paz_el_alto,7.743573796649218e-06,-65.55362973733985
2021-02-14,la_paz_el_alto,7.507674224771973e-06,-48.346917717208626
2021-02-21,la_paz_el_alto,7.315445087310709e-06,-47.88803720693746
2021-02-28,la_paz_el_alto,7.573152218031468e-06,-20.350994882282514
2021-03-07,la_paz_el_alto,6.37277541661259e-06,-27.59222436505695
2021-03-14,la_paz_el_alto,6.839713927093153e-06,0.016472613066298436
2021-03-21,la_paz_el_alto,6.11890704510638e-06,10.508358822181307
2021-03-28,la_paz_el_alto,5.34793609122764e-06,1.9277594167412815
2021-04-04,la_paz_el_alto,6.161954509903588e-06,18.08378770973267
2021-04-11,la_paz_el_alto,6.831202944660115e-06,16.67079373867022
2021-04-18,la_paz_el_alto,9.499906683509701e-06,59.17393927416903
2021-04-25,la_paz_el_alto,1.0447760897656323e-05,43.78714634407199
2021-05-02,la_paz_el_alto,1.3926637706878679e-05,68.18789850521192
2021-05-09,la_paz_el_alto,1.636276119122032e-05,61.968335523976315
2021-05-16,la_paz_el_alto,1.5046086361544877e-05,38.91252263154712
2021-05-23,la_paz_el_alto,1.6247883341304968e-05,45.817608962514456
2021-05-30,la_paz_el_alto,1.4230825490972791e-05,24.469131867812166
2021-06-06,la_paz_el_alto,1.2929548008375835e-05,24.383140246971813
2021-06-13,la_paz_el_alto,1.4113679424265782e-05,47.62972263905478
2021-06-20,la_paz_el_alto,1.4336793822018615e-05,62.98769664182835
2021-06-27,la_paz_el_alto,1.622388686394103e-05,84.79712750003294
2021-07-04,la_paz_el_alto,1.8183586274025982e-05,112.60323763663891
2021-07-11,la_paz_el_alto,2.3539490462314418e-05,138.364593653486
2021-07-18,la_paz_el_alto,2.5649130861248668e-05,140.1438717804817
2021-07-25,la_paz_el_alto,2.6217630346665266e-05,135.21395799572176
2021-08-01,la_paz_el_alto,2.296095647484574e-05,101.3750075517093
2021-08-08,la_paz_el_alto,1.8221732604111538e-05,62.7690359400658
2021-08-15,la_paz_el_alto,1.8551004699149472e-05,54.4646558899915
2021-08-22,la_paz_el_alto,2.301049261307042e-05,52.891453772100405
2021-08-29,la_paz_el_alto,2.259068896460796e-05,43.93385245059882
2021-09-05,la_paz_el_alto,2.3171374611245374e-05,40.60086525144566
2021-09-12,la_paz_el_alto,2.1170382794551467e-05,23.94488478870187
2021-09-19,la_paz_el_alto,1.9491601114791366e-05,12.264130076030533
2021-09-26,la_paz_el_alto,1.8583690525677103e-05,8.4738712917515
2021-10-03,la_paz_el_alto,1.5924059462132608e-05,-21.751427607792095
2021-10-10,la_paz_el_alto,1.4335501750089967e-05,-51.88731089047973
2021-10-17,la_paz_el_alto,1.2847897857011715e-05,-75.0670740374149
2021-10-24,la_paz_el_alto,1.4373475467238353e-05,-60.26964896745177
2021-10-31,la_paz_el_alto,1.320656124513281e-05,-55.76561853887956
2021-11-07,la_paz_el_alto,1.3042191722227016e-05,-40.32935565884159
2021-11-14,la_paz_el_alto,1.3067591706034227e-05,-28.12549861673972
2021-11-21,la_paz_el_alto,1.1038153357916826e-05,-49.595345686709
2021-11-28,la_paz_el_alto,9.712582623793353e-06,-69.55128237792287
2021-12-05,la_paz_el_alto,9.45734392227662e-06,-75.42930105259522
2021-12-12,la_paz_el_alto,9.786616918959039e-06,-72.72417643824873
2021-12-19,la_paz_el_alto,9.678448468149365e-06,-67.37359635630273
2021-12-26,la_paz_el_alto,9.180615251278557e-06,-70.7291813690345
2022-01-02,la_paz_el_alto,7.244819485038728e-06,-66.19740647914742
2022-01-09,la_paz_el_alto,6.051462186015404e-06,-49.11281462003956
2022-01-16,la_paz_el_alto,7.007359383626598e-06,-31.204880838743243
2022-01-23,la_paz_el_alto,5.3413914817303196e-06,-38.92763513888049
2022-01-30,la_paz_el_alto,6.1133460487041365e-06,-14.4351480082749
2022-02-13,la_paz_el_alto,7.344496557855764e-06,-10.328154187834038
2022-02-20,la_paz_el_alto,7.221822172181721e-06,-25.0484313400138
2022-02-27,la_paz_el_alto,6.373245387363791e-06,-24.480094945349506
2022-03-06,la_paz_el_alto,6.5065726007302765e-06,-40.47324059831254
2022-03-13,la_paz_el_alto,6.920837711874873e-06,-38.46834707432176
2022-03-20,la_paz_el_alto,6.126277288737139e-06,-46.43396059008236
2022-03-27,la_paz_el_alto,6.340132831944757e-06,-25.57544318196978
2022-04-03,la_paz_el_alto,7.0403941826982176e-06,-15.46745355643342
2022-04-10,la_paz_el_alto,7.66599007695349e-06,1.3404531041091516
2022-04-17,la_paz_el_alto,8.565416017464083e-06,10.050862318498588
2022-04-24,la_paz_el_alto,1.251807006224961e-05,50.99264766038676
2022-05-01,la_paz_el_alto,1.4668807933555035e-05,79.69387392632079
2022-05-08,la_paz_el_alto,1.6469748979939092e-05,87.87793957899427
2022-05-15,la_paz_el_alto,1.68910969855441e-05,115.0075968393038
2022-05-22,la_paz_el_alto,1.563228513556471e-05,88.03788027189405
2022-05-29,la_paz_el_alto,1.7798332008071404e-05,62.782276972570905
2022-06-05,la_paz_el_alto,1.5496721969635675e-05,38.72774302858133
2022-06-12,la_paz_el_alto,1.6953252338705255e-05,16.844391375815704
2022-06-19,la_paz_el_alto,1.633987293604419e-05,-3.4599647432136393
2022-06-26,la_paz_el_alto,1.4357671327904874e-05,-4.683352828054055
2022-07-03,la_paz_el_alto,2.100016982664914e-05,26.836113769002345
2022-07-10,la_paz_el_alto,2.19690264591666e-05,53.01792490046058
2022-07-17,la_paz_el_alto,2.0549055289110654e-05,45.61513112333895
2022-07-24,la_paz_el_alto,2.6710986459854225e-05,62.876069408060786
2022-07-31,la_paz_el_alto,2.814347548286834e-05,65.7167076998789
2022-08-07,la_paz_el_alto,2.6507608563118696e-05,48.000036819665404
2022-08-14,la_paz_el_alto,2.874390092097281e-05,28.983953997865264
2022-08-21,la_paz_el_alto,2.6722352966467868e-05,5.895436740677162
2022-08-28,la_paz_el_alto,2.561713124182342e-05,-1.986762826434152
2022-09-04,la_paz_el_alto,2.778686069618262e-05,11.905424591211222
2022-09-11,la_paz_el_alto,2.7795765090982506e-05,38.42774969299505
2022-09-18,la_paz_el_alto,2.6123471370378687e-05,32.15001149337571
2022-09-25,la_paz_el_alto,2.2012357918950553e-05,6.210213374966322
2022-10-02,la_paz_el_alto,2.0876187111605914e-05,-10.394085605460468
2022-10-09,la_paz_el_alto,1.9596942641633648e-05,-21.414122278756764
2022-10-16,la_paz_el_alto,1.824244007821269e-05,-21.813783738429393
2022-10-23,la_paz_el_alto,1.793348292423981e-05,-16.148517325630074
2022-10-30,la_paz_el_alto,1.7940981058948975e-05,-3.519680190447083
2022-11-06,la_paz_el_alto,1.6764816008016214e-05,5.145126583861348
2022-11-13,la_paz_el_alto,1.6505719569123472e-05,16.78424279365416
2022-11-20,la_paz_el_alto,1.5258558045929665e-05,14.415828113349072
2022-11-27,la_paz_el_alto,1.3135897918049227e-05,-8.736299080771026
2022-12-04,la_paz_el_alto,1.2358625233640354e-05,-2.8323987828599684
2022-12-11,la_paz_el_alto,1.1060535968458745e-05,-18.457911920130066
2022-12-18,la_paz_el_alto,9.43689040680983e-06,-28.448827319162717
2022-12-25,la_paz_el_alto,9.03165162797404e-06,-14.551853542395676
2023-01-01,la_paz_el_alto,7.95409792043538e-06,-17.310431677385196
2023-01-08,la_paz_el_alto,8.089590863309284e-06,-19.043767519964838
2023-01-15,la_paz_el_alto,9.781658874020955e-06,6.341486546054753
2023-01-22,la_paz_el_alto,9.859033330058018e-06,35.782830617773165
2023-01-29,la_paz_el_alto,9.894065133639636e-06,46.84620530810584
2023-02-05,la_paz_el_alto,9.246911874782957e-06,38.75045486898401
2023-02-12,la_paz_el_alto,1.0041514498419968e-05,44.05349899756601
2023-02-19,la_paz_el_alto,9.043626953962145e-06,46.367247244345045
2023-02-26,la_paz_el_alto,9.541008302251123e-06,33.91706941964756
2023-03-05,la_paz_el_alto,9.789940585744144e-06,30.34455988781186
2023-03-12,la_paz_el_alto,9.049249035834873e-06,30.190193937912646
2023-03-19,la_paz_el_alto,7.877599743096729e-06,17.080754388532426
2023-03-26,la_paz_el_alto,6.953637765915673e-06,0.4728123264545303
2023-04-02,la_paz_el_alto,6.306797205304159e-06,-2.1370909004277294
2023-04-09,la_paz_el_alto,8.215834248505174e-06,15.455239573840274
2023-04-16,la_paz_el_alto,1.028411850940536e-05,42.10598975289859
2023-04-23,la_paz_el_alto,1.4881740789968966e-05,52.50868431424163
2023-04-30,la_paz_el_alto,1.792197874386328e-05,39.162944683961776
2023-05-07,la_paz_el_alto,1.890040804757685e-05,35.07844858839402
2023-05-14,la_paz_el_alto,2.0490953954172036e-05,32.544342470015586
2023-05-21,la_paz_el_alto,2.0255001551403122e-05,19.6706090690121
2023-05-28,la_paz_el_alto,2.1499947708157714e-05,24.126382542284475
2023-06-04,la_paz_el_alto,2.3833537369030157e-05,42.56100530459612
2023-06-11,la_paz_el_alto,2.8455563850099896e-05,46.59693811168513
2023-06-18,la_paz_el_alto,2.697863595792484e-05,54.4785510450664
2023-06-25,la_paz_el_alto,2.6001247198874177e-05,44.821703349155406
2023-07-02,la_paz_el_alto,2.6780934201284894e-05,45.137010605381
2023-07-09,la_paz_el_alto,3.019704014051089e-05,74.34595243101292
2023-07-16,la_paz_el_alto,3.2518481394823224e-05,43.72780613390663
2023-07-23,la_paz_el_alto,3.5501342924703924e-05,45.61204304759414
2023-07-30,la_paz_el_alto,3.255995308210994e-05,45.996281648697135
2023-08-06,la_paz_el_alto,2.8662850486199046e-05,12.042576217691625
2023-08-13,la_paz_el_alto,2.5475792243829848e-05,-4.970648986669524
2023-08-20,la_paz_el_alto,2.2871408613744825e-05,-18.192759536229275
2023-08-27,la_paz_el_alto,2.6070771053434482e-05,-7.876698129720339
2023-09-03,la_paz_el_alto,2.6439078129234594e-05,0.24293997953144242
2023-09-10,la_paz_el_alto,2.7422072166163117e-05,10.294111716596888
2023-09-17,la_paz_el_alto,2.8245086908599225e-05,7.740313070090288
2023-09-24,la_paz_el_alto,2.582331339400974e-05,-9.785033051844572
2023-10-01,la_paz_el_alto,2.4258841508749456e-05,-12.935723565680846
2023-10-08,la_paz_el_alto,2.380258446621632e-05,-4.6510476521126165
2023-10-15,la_paz_el_alto,1.794917225568339e-05,-16.528397877837087
2023-10-22,la_paz_el_alto,1.5797389271795826e-05,-28.714357236655097
2023-10-29,la_paz_el_alto,1.4561992796320123e-05,-25.292250605560085
2023-11-05,la_paz_el_alto,1.2543167719654857e-05,-42.434385640408046
2023-11-12,la_paz_el_alto,9.49253359221624e-06,-71.76407631074736
2023-11-19,la_paz_el_alto,8.594969487599647e-06,-71.17018960013759
2023-11-26,la_paz_el_alto,1.0051472881683654e-05,-53.97062806599919
2023-12-03,la_paz_el_alto,8.946518682190153e-06,-69.58230581358258
2023-12-10,la_paz_el_alto,6.521534615083857e-06,-95.55980860281394
2023-12-17,la_paz_el_alto,7.924492426215351e-06,-71.91533150588008
2023-12-24,la_paz_el_alto,7.609011607404599e-06,-75.68996900478649
2023-12-31,la_paz_el_alto,6.617254342874534e-06,-84.82517425680615
2024-01-07,la_paz_el_alto,7.123812398921387e-06,-59.77791256181799
2024-01-14,la_paz_el_alto,7.024602833343374e-06,-53.35049216990342
2024-01-21,la_paz_el_alto,7.409421911099262e-06,-36.58873845085555
2024-01-28,la_paz_el_alto,7.869461862575019e-06,-25.281093330564985
2024-02-04,la_paz_el_alto,6.294610834586542e-06,-35.49229410516794
2024-02-11,la_paz_el_alto,6.946738329817593e-06,-25.450198064323004
2024-02-18,la_paz_el_alto,7.174796514324195e-06,-13.080775248228704
2024-02-25,la_paz_el_alto,7.069987309826307e-06,-26.879760001385833
2024-03-03,la_paz_el_alto,6.395890104697653e-06,-42.593151870941526
2024-03-10,la_paz_el_alto,6.120907156990919e-06,-46.98235409845246
2024-03-17,la_paz_el_alto,6.7959845214074e-06,-38.207423133456864
2024-03-24,la_paz_el_alto,5.348354777650061e-06,-54.750064899049455
2024-03-31,la_paz_el_alto,5.223556550045761e-06,-65.134402078551
2024-04-07,la_paz_el_alto,5.250329663605763e-06,-58.744614040018206
2024-04-14,la_paz_el_alto,6.081853819290237e-06,-49.11030798289442
2024-04-21,la_paz_el_alto,6.644243033108135e-06,-41.64331874914318
2024-04-28,la_paz_el_alto,9.482254490208846e-06,-3.357065748760135
2024-05-05,la_paz_el_alto,1.1087321044478673e-05,20.31204324073066
2024-05-12,la_paz_el_alto,1.6394094397821322e-05,74.25614857665525
2024-05-19,la_paz_el_alto,1.6657566055712147e-05,89.12786232642435
2024-05-26,la_paz_el_alto,1.7022230731573784e-05,88.02813994700057
2024-06-02,la_paz_el_alto,1.9394365929594458e-05,83.24860917162323
2024-06-09,la_paz_el_alto,2.0993045042748418e-05,49.40441683629597
2024-06-16,la_paz_el_alto,2.6491089528626233e-05,43.767520511700475
2024-06-23,la_paz_el_alto,2.7194955791961226e-05,36.384799562781645
2024-06-30,la_paz_el_alto,2.7681642045000307e-05,33.936157795711885
2024-07-07,la_paz_el_alto,3.0357133078265998e-05,37.31767942445341
2024-07-14,la_paz_el_alto,2.4547221804318104e-05,10.674453725161293
2024-07-21,la_paz_el_alto,2.920376758896329e-05,11.74379217791195
2024-07-28,la_paz_el_alto,2.7374628784244686e-05,-1.6587429854551416
2024-08-04,la_paz_el_alto,2.5487428383996433e-05,-4.055122209905981
2024-08-11,la_paz_el_alto,2.4961997087403705e-05,-4.137557014672133
2024-08-18,la_paz_el_alto,2.4074849435003012e-05,-17.414384768541247
2024-08-25,la_paz_el_alto,2.3498031519320588e-05,-27.787797006950754
2024-09-01,la_paz_el_alto,2.3912701693435596e-05,-38.92856243455505
2024-09-08,la_paz_el_alto,2.39916009313629e-05,-35.53831368773501
2024-09-15,la_paz_el_alto,2.3074895650299213e-05,-22.010640347509636
2024-09-22,la_paz_el_alto,2.1358760179762614e-05,-18.360549444203222
2024-09-29,la_paz_el_alto,1.9853479017972194e-05,-18.3287026453284
2024-10-06,la_paz_el_alto,1.946259082132268e-05,-27.115018609236685
2024-10-13,la_paz_el_alto,1.6789669637429594e-05,-46.70051249115854
2024-10-20,la_paz_el_alto,1.7964226369345123e-05,-41.52857520770432
2024-10-27,la_paz_el_alto,1.728947726683769e-05,-46.12501766469794
2024-11-03,la_paz_el_alto,1.756389207506776e-05,-46.17073938727554
2024-11-10,la_paz_el_alto,1.6494054721869395e-05,-45.55184967254604
2024-11-17,la_paz_el_alto,1.410886815300046e-05,-47.71999484257776
2024-11-24,la_paz_el_alto,1.264048054224715e-05,-61.606580187287996
2024-12-01,la_paz_el_alto,1.0885447101997786e-05,-78.67439278072493
2024-12-08,la_paz_el_alto,9.950088614809187e-06,-93.42008770245141
2024-12-15,la_paz_el_alto,8.176127692729275e-06,-105.76809632183793
2024-12-22,la_paz_el_alto,5.950829604100753e-06,-118.88623390937897
2024-12-29,la_paz_el_alto,6.861103106012849e-06,-83.67565207424015
2025-01-05,la_paz_el_alto,7.338781151870634e-06,-73.91704568582576
2025-01-12,la_paz_el_alto,7.710191161308482e-06,-66.87011722545594
2025-01-19,la_paz_el_alto,8.67968491649018e-06,-25.768234792627
2025-01-26,la_paz_el_alto,9.619485593358156e-06,6.737807958845465
2025-02-02,la_paz_el_alto,1.028822310858823e-05,4.738352750825925
2025-02-09,la_paz_el_alto,9.34259829917189e-06,4.331992148268071
2025-02-16,la_paz_el_alto,8.525822745956246e-06,25.306045446705028
2025-02-23,la_paz_el_alto,7.955394853244974e-06,2.9631154111131153
2025-03-02,la_paz_el_alto,7.978155373065095e-06,6.929714573243828
2025-03-09,la_paz_el_alto,7.659770348045796e-06,14.1143427284673
2025-03-16,la_paz_el_alto,8.164377196918031e-06,15.568580945242694
2025-03-23,la_paz_el_alto,8.604378069335073e-06,28.2613931020812
2025-03-30,la_paz_el_alto,8.682261061496442e-06,17.708292780137036
2025-04-06,la_paz_el_alto,8.944904668291915e-06,21.069299780671358
2025-04-13,la_paz_el_alto,9.556489001116155e-06,29.04998737405613
2025-04-20,la_paz_el_alto,1.0511207832409577e-05,28.945241872865246
2025-04-27,la_paz_el_alto,1.0808743703888302e-05,54.06615645580857
2025-05-04,la_paz_el_alto,1.2282132101218887e-05,56.98732871694787
2025-05-11,la_paz_el_alto,1.3622329125779738e-05,62.41807945769029
2025-05-18,la_paz_el_alto,1.6495468885356107e-05,88.43495733219662
2025-05-25,la_paz_el_alto,1.924217648335049e-05,114.53942478689197
2025-06-01,la_paz_el_alto,2.1088642204193607e-05,121.8977825129965
2025-06-08,la_paz_el_alto,2.180019516168919e-05,138.96677472376044
2025-06-15,la_paz_el_alto,2.17615853180323e-05,140.97731692562104
2025-06-22,la_paz_el_alto,1.965306268636772e-05,117.29236340790567
2025-06-29,la_paz_el_alto,1.5776419754603928e-05,81.16232605083802
2025-07-06,la_paz_el_alto,1.533683583153028e-05,44.36777428424499
2025-07-13,la_paz_el_alto,2.1937560615667174e-05,42.73361495490722
2025-07-20,la_paz_el_alto,2.3497635285763945e-05,34.566340468239964
2025-07-27,la_paz_el_alto,2.4781502388622652e-05,34.21532894279231
2025-08-03,la_paz_el_alto,2.403455734528207e-05,28.39324452252736
2025-08-10,la_paz_el_alto,2.1150905274778923e-05,-1.2660065908477236
2025-08-17,la_paz_el_alto,2.3888359808796946e-05,-2.007631217285244
2025-08-24,la_paz_el_alto,2.2654146102290422e-05,-16.31755775166699
2025-08-31,la_paz_el_alto,2.3817727562010627e-05,-9.262427995805744
2025-09-07,la_paz_el_alto,2.019093406052466e-05,-30.399111871216
2025-09-14,la_paz_el_alto,1.934223910983873e-05,-40.584141216716496
2025-09-21,la_paz_el_alto,2.2056675024853356e-05,-11.981675273159098
2025-09-28,la_paz_el_alto,2.2038277022761658e-05,-28.15169217521838
2025-10-05,la_paz_el_alto,2.341393706488705e-05,-16.681212093843456
2025-10-12,la_paz_el_alto,2.2080339184620063e-05,-11.491164965887535
2025-10-19,la_paz_el_alto,2.0524107211880147e-05,-20.672803086887548
2025-10-26,la_paz_el_alto,2.076996755382601e-05,-20.049828786849844
2025-11-09,la_paz_el_alto,1.7488279500188438e-05,-35.582363810988404
2025-11-16,la_paz_el_alto,1.7456099668137144e-05,-23.867336941220074
2025-11-23,la_paz_el_alto,1.5790079709235414e-05,-35.61536286722813
2025-11-30,la_paz_el_alto,1.4289956150715984e-05,-49.2660091374006
2025-12-07,la_paz_el_alto,1.2296143409009432e-05,-66.49277309182757
2025-12-14,la_paz_el_alto,1.1519206177555307e-05,-78.81245444383094
2025-12-21,la_paz_el_alto,9.76344599971868e-06,-95.42837882494268
2025-12-28,la_paz_el_alto,1.0029858992646866e-05,-80.72309876838268
2026-01-04,la_paz_el_alto,1.0280565345933535e-05,-81.90181101104966
2026-01-11,la_paz_el_alto,1.0212365551097848e-05,-65.36864941003522
2026-01-18,la_paz_el_alto,1.0176919169079304e-05,-66.825692749644
2026-01-25,la_paz_el_alto,9.61068839885651e-06,-70.55123755613444
2026-02-01,la_paz_el_alto,8.5363575112201e-06,-67.64293988650252
2026-02-08,la_paz_el_alto,8.70235787142135e-06,-72.47883477784444
2026-02-15,la_paz_el_alto,9.157060139477495e-06,-63.55728842724311
2026-02-22,la_paz_el_alto,9.555286716506396e-06,-65.15952042585766
2026-03-01,la_paz_el_alto,9.43387351806728e-06,-55.890832876239216
2026-03-08,la_paz_el_alto,9.414547747446836e-06,-40.454742106739694
2026-03-15,la_paz_el_alto,9.928196774336146e-06,-14.21390722834861
2026-03-22,la_paz_el_alto,9.826814828495135e-06,2.72685419854124
2026-03-29,la_paz_el_alto,9.524931823258132e-06,15.512402389358826
2026-04-05,la_paz_el_alto,7.878293466166927e-06,19.256166310385403
2026-04-12,la_paz_el_alto,8.342067619691138e-06,12.813832844045692
2026-04-19,la_paz_el_alto,9.749980528517607e-06,9.894031970552497
2026-04-26,la_paz_el_alto,9.886580171670278e-06,13.435447900083375
2026-05-03,la_paz_el_alto,1.0002429941250113e-05,8.884241213800692
2026-05-10,la_paz_el_alto,1.2168672410242491e-05,17.427859307236027
2026-05-17,la_paz_el_alto,1.296341951798992e-05,28.280995500164252
2026-06-07,la_paz_el_alto,1.2662490525112001e-05,31.080565613831013
2026-06-14,la_paz_el_alto,1.361917926691583e-05,46.74287903484391
2026-06-21,la_paz_el_alto,1.3674474481537968e-05,57.54894221885376
2026-06-28,la_paz_el_alto,1.280379320232693e-05,42.01541277239329
2026-07-05,la_paz_el_alto,1.3289159006802224e-05,55.59595109443762
2026-07-12,la_paz_el_alto,1.575553518276941e-05,59.92341630540583
2026-07-19,la_paz_el_alto,1.765759990828356e-05,60.79998333913661
2026-07-26,la_paz_el_alto,2.0527589220157442e-05,68.17872939730395
2026-08-02,la_paz_el_alto,2.2190279142815534e-05,71.92989077416331
2026-08-09,la_paz_el_alto,2.1782668127715323e-05,57.296908204418706
2026-08-16,la_paz_el_alto,2.051567526091832e-05,37.02975064170513
2026-08-23,la_paz_el_alto,2.0622071835052836e-05,33.46442559323961
2018-07-15,santa_cruz,1.2852248117010949e-05,
2018-07-22,santa_cruz,1.2353142330935512e-05,
2018-07-29,santa_cruz,1.2959685962575591e-05,
2018-08-05,santa_cruz,1.3417149071745207e-05,
2018-08-12,santa_cruz,1.7109785192411644e-05,
2018-08-19,santa_cruz,1.962034244801986e-05,
2018-08-26,santa_cruz,2.2308433871703885e-05,
2018-09-02,santa_cruz,2.7854861022869595e-05,
2018-09-09,santa_cruz,3.247098933808962e-05,
2018-09-16,santa_cruz,3.478766186340865e-05,
2018-09-23,santa_cruz,3.5166774826032004e-05,
2018-09-30,santa_cruz,3.5144172652602685e-05,
2018-10-07,santa_cruz,3.449846224771827e-05,
2018-10-14,santa_cruz,3.1906028879861355e-05,
2018-10-21,santa_cruz,2.6616742236362356e-05,
2018-10-28,santa_cruz,2.5806898960018092e-05,
2018-11-04,santa_cruz,2.1375141346139113e-05,
2018-11-11,santa_cruz,1.8336805284227564e-05,
2018-11-18,santa_cruz,1.670712484124729e-05,
2018-11-25,santa_cruz,1.558762069421159e-05,
2018-12-02,santa_cruz,1.526355233756582e-05,
2018-12-09,santa_cruz,1.4560320144549196e-05,
2018-12-16,santa_cruz,1.3907449323568143e-05,
2018-12-23,santa_cruz,1.205080056081294e-05,
2018-12-30,santa_cruz,1.0298589975213328e-05,
2019-01-06,santa_cruz,9.469586145203675e-06,
2019-01-13,santa_cruz,9.30408197270963e-06,
2019-01-20,santa_cruz,9.499889863811486e-06,
2019-01-27,santa_cruz,1.2062608184491474e-05,
2019-02-03,santa_cruz,1.3686916241926833e-05,
2019-02-10,santa_cruz,1.3805557625748781e-05,
2019-02-17,santa_cruz,1.3827918264353641e-05,
2019-02-24,santa_cruz,1.2872772581342913e-05,
2019-03-03,santa_cruz,1.2278975064434591e-05,
2019-03-10,santa_cruz,1.052855142979406e-05,
2019-03-17,santa_cruz,1.0230763747811017e-05,
2019-03-24,santa_cruz,9.812053341450247e-06,
2019-03-31,santa_cruz,9.995444321248485e-06,
2019-04-07,santa_cruz,1.0104396188365147e-05,
2019-04-14,santa_cruz,1.0140965112257205e-05,
2019-04-21,santa_cruz,9.487671055760998e-06,
2019-04-28,santa_cruz,9.321725003175909e-06,
2019-05-05,santa_cruz,8.623643728460284e-06,
2019-05-12,santa_cruz,8.884664058275392e-06,
2019-05-19,santa_cruz,8.110377203940531e-06,
2019-05-26,santa_cruz,8.294390186996308e-06,
2019-06-02,santa_cruz,8.021538695673994e-06,
2019-06-09,santa_cruz,9.535197811188803e-06,
2019-06-16,santa_cruz,1.0086071846645303e-05,
2019-06-23,santa_cruz,1.0181141842554446e-05,
2019-06-30,santa_cruz,1.0613415876308064e-05,
2019-07-07,santa_cruz,1.0367407485566822e-05,
2019-07-14,santa_cruz,1.0332083953356943e-05,
2019-07-21,santa_cruz,1.1147466777132715e-05,
2019-07-28,santa_cruz,1.1923774823785064e-05,
2019-08-04,santa_cruz,1.3919014993971659e-05,
2019-08-11,santa_cruz,1.6727074177095277e-05,
2019-08-18,santa_cruz,2.095997210791023e-05,
2019-08-25,santa_cruz,2.368941213887198e-05,
2019-09-01,santa_cruz,2.5381405525882036e-05,
2019-09-08,santa_cruz,2.691083429268175e-05,
2019-09-15,santa_cruz,2.799217622674997e-05,
2019-09-22,santa_cruz,2.9690984515064896e-05,
2019-09-29,santa_cruz,3.124327777679521e-05,
2019-10-06,santa_cruz,3.215991206231635e-05,
2019-10-13,santa_cruz,3.090151093299886e-05,
2019-10-20,santa_cruz,2.8316994275357818e-05,
2019-10-27,santa_cruz,2.518072509942201e-05,67.48154834162906
2019-11-03,santa_cruz,2.2226769932196595e-05,57.57980437433137
2019-11-10,santa_cruz,1.9003983791646184e-05,39.794355463922315
2019-11-17,santa_cruz,1.8186625258186963e-05,30.415277779718153
2019-11-24,santa_cruz,1.7844200827764158e-05,-0.8125701327308832
2019-12-01,santa_cruz,1.525468278912876e-05,-30.673943008819116
2019-12-08,santa_cruz,1.3891265408086814e-05,-57.595930504431436
2019-12-15,santa_cruz,1.4068657987319945e-05,-69.26713887184715
2019-12-22,santa_cruz,1.3831187852510188e-05,-80.08194531465804
2019-12-29,santa_cruz,1.0570415079612653e-05,-117.56423696606487
2020-01-05,santa_cruz,1.005739316711799e-05,-123.90899375386404
2020-01-12,santa_cruz,9.639272782482829e-06,-131.84089600650654
2020-01-19,santa_cruz,9.797805276700592e-06,-124.31195401085606
2020-01-26,santa_cruz,1.100855080561162e-05,-105.53816577507185
2020-02-02,santa_cruz,1.1645339427071723e-05,-87.44282118473734
2020-02-09,santa_cruz,1.1116746660460594e-05,-74.30601822931723
2020-02-16,santa_cruz,1.1730551318379624e-05,-53.06757584146862
2020-02-23,santa_cruz,1.03705483320203e-05,-50.930541249277894
2020-03-01,santa_cruz,1.0048229514672356e-05,-51.73589998193844
2020-03-08,santa_cruz,1.1194325641149642e-05,-28.33839490310428
2020-03-15,santa_cruz,1.0646923020019164e-05,-30.95312217442263
2020-03-22,santa_cruz,1.0352015846184123e-05,-25.06836693707797
2020-03-29,santa_cruz,1.0728994857278108e-05,-9.122590328457925
2020-04-05,santa_cruz,9.447910184923691e-06,-7.229492412026062
2020-04-12,santa_cruz,8.684785940439354e-06,-6.888047331072578
2020-04-19,santa_cruz,8.463771553146436e-06,-8.807219410038947
2020-04-26,santa_cruz,8.040325997416295e-06,-40.9297557193371
2020-05-03,santa_cruz,7.772176790528624e-06,-56.58900793104227
2020-05-10,santa_cruz,7.306409919054811e-06,-64.10428494142889
2020-05-17,santa_cruz,7.371464823549925e-06,-64.72426929840083
2020-05-24,santa_cruz,7.125038099685885e-06,-57.22747796340979
2020-05-31,santa_cruz,7.358939697594576e-06,-46.24523937645986
2020-06-07,santa_cruz,7.793165434989982e-06,-30.94377120653906
2020-06-14,santa_cruz,7.761599812967306e-06,-27.62107604201951
2020-06-21,santa_cruz,7.956793469032066e-06,-19.01771175175373
2020-06-28,santa_cruz,7.485687026516309e-06,-29.035594392426134
2020-07-05,santa_cruz,7.666974770696285e-06,-27.604848138546956
2020-07-12,santa_cruz,7.709932635499064e-06,-23.81566563364892
2020-07-19,santa_cruz,1.0348781203422868e-05,5.486216560389856
2020-07-26,santa_cruz,1.080368984218942e-05,12.989455568303221
2020-08-02,santa_cruz,1.3280845333978059e-05,39.223915961871825
2020-08-09,santa_cruz,1.7707784563704773e-05,67.05023574294825
2020-08-16,santa_cruz,1.8004417901556048e-05,73.54775156623089
2020-08-23,santa_cruz,1.893927359603515e-05,87.52382574568038
2020-08-30,santa_cruz,2.194958570698779e-05,94.64095248084502
2020-09-06,santa_cruz,2.534588080865934e-05,91.86805742735729
2020-09-13,santa_cruz,2.6755509673340936e-05,96.59635737207086
2020-09-20,santa_cruz,2.8396169264448002e-05,101.40840265408659
2020-09-27,santa_cruz,2.9008935643974984e-05,102.89369185857655
2020-10-04,santa_cruz,2.945641379447022e-05,104.76576715085653
2020-10-11,santa_cruz,2.4471568980518252e-05,77.91787631281099
2020-10-18,santa_cruz,2.2353926139015305e-05,53.57184124164025
2020-10-25,santa_cruz,1.9951918750862538e-05,24.81204731883082
2020-11-01,santa_cruz,1.6471147709846946e-05,-5.206110903516148
2020-11-08,santa_cruz,1.7504271361090696e-05,-16.09673193789245
2020-11-15,santa_cruz,1.7897379784868378e-05,-28.108753688603727
2020-11-22,santa_cruz,1.946168690818997e-05,-24.337884688223532
2020-11-29,santa_cruz,1.8829731761436184e-05,-29.912467710341595
2020-12-06,santa_cruz,1.8012513709982074e-05,-43.394113410235846
2020-12-13,santa_cruz,1.5621915598730316e-05,-62.670485659385555
2020-12-20,santa_cruz,1.481098726694678e-05,-69.91643092231871
2020-12-27,santa_cruz,1.3488112748955097e-05,-87.40940886097128
2021-01-03,santa_cruz,1.314589515040805e-05,-84.14841211928845
2021-01-10,santa_cruz,1.3363202721060845e-05,-77.32387400278338
2021-01-17,santa_cruz,1.2823895284382612e-05,-74.68439592798539
2021-01-24,santa_cruz,1.086602756711716e-05,-76.9620384553777
2021-01-31,santa_cruz,1.0395333275392795e-05,-75.99404333024573
2021-02-07,santa_cruz,9.511927293107776e-06,-67.71226852023062
2021-02-14,santa_cruz,9.378317256074256e-06,-62.23040263044517
2021-02-21,santa_cruz,9.476039676710965e-06,-67.66997906785602
2021-02-28,santa_cruz,1.0400248632911633e-05,-40.50774194554716
2021-03-07,santa_cruz,1.2413511679609752e-05,-11.247472375774237
2021-03-14,santa_cruz,1.164709263876895e-05,-22.559670395621545
2021-03-21,santa_cruz,1.2100965841180403e-05,-8.077936931787377
2021-03-28,santa_cruz,1.1244531586505918e-05,11.807845059374955
2021-04-04,santa_cruz,1.0149750447606398e-05,3.2518311326478866
2021-04-11,santa_cruz,8.489260916624624e-06,-10.367650410271878
2021-04-18,santa_cruz,7.839517727456639e-06,-23.211792043059454
2021-04-25,santa_cruz,7.603441428597403e-06,-28.719344420506587
2021-05-02,santa_cruz,8.68051771509923e-06,-27.37455258472057
2021-05-09,santa_cruz,9.24854869595844e-06,-18.558206849211167
2021-05-16,santa_cruz,1.087683660173452e-05,-6.509215898266163
2021-05-23,santa_cruz,1.2027023199627307e-05,1.6025008003591523
2021-05-30,santa_cruz,1.272370347862788e-05,20.449677190971016
2021-06-06,santa_cruz,1.2676786846050769e-05,21.119403461768194
2021-06-13,santa_cruz,1.2669802095532076e-05,19.0263367313678
2021-06-20,santa_cruz,1.2911646722591684e-05,15.55072903628325
2021-06-27,santa_cruz,1.3389278710798818e-05,17.556955366873517
2021-07-04,santa_cruz,1.2025869305102494e-05,11.57439082518934
2021-07-11,santa_cruz,1.3630761537003698e-05,23.937923994284915
2021-07-18,santa_cruz,1.4198288734266212e-05,32.58981952152347
2021-07-25,santa_cruz,1.4664677139742278e-05,51.349543932601094
2021-08-01,santa_cruz,1.6392262687518376e-05,67.1097960691565
2021-08-08,santa_cruz,1.9729544042469055e-05,90.67840470987747
2021-08-15,santa_cruz,2.1601675552642173e-05,113.96009668788469
2021-08-22,santa_cruz,2.5800139293818027e-05,125.19139000292813
2021-08-29,santa_cruz,2.7298172884578224e-05,129.8201562927236
2021-09-05,santa_cruz,2.864079795195143e-05,132.91114222019704
2021-09-12,santa_cruz,2.99938804038281e-05,139.0150097468636
2021-09-19,santa_cruz,3.1385710401012395e-05,136.0142304217911
2021-09-26,santa_cruz,3.053911413624632e-05,134.49822045234168
2021-10-03,santa_cruz,2.966796102640514e-05,137.2782009627409
2021-10-10,santa_cruz,2.799702569109677e-05,120.41980324992227
2021-10-17,santa_cruz,2.625793592856985e-05,101.6824697878608
2021-10-24,santa_cruz,2.3695453367818377e-05,77.2564619418871
2021-10-31,santa_cruz,2.3239780860539944e-05,50.5412567971943
2021-11-07,santa_cruz,2.1521766738025097e-05,19.506048066308068
2021-11-14,santa_cruz,2.07280352994113e-05,9.024941211998971
2021-11-21,santa_cruz,2.032230148427959e-05,-1.1697295406005281
2021-11-28,santa_cruz,1.892276608439673e-05,-20.343486862795324
2021-12-05,santa_cruz,1.6314628570194924e-05,-44.05540604467841
2021-12-12,santa_cruz,1.679932720857522e-05,-46.540158273146126
2021-12-19,santa_cruz,1.6697011204445174e-05,-53.10245174027024
2021-12-26,santa_cruz,1.568170861475866e-05,-61.51089314161435
2022-01-02,santa_cruz,1.4311781566669311e-05,-74.22871408229011
2022-01-09,santa_cruz,1.5113591406168372e-05,-52.04586249630214
2022-01-16,santa_cruz,1.5052655793557307e-05,-36.98960111172802
2022-01-23,santa_cruz,1.4132628198590428e-05,-30.833019487075575
2022-01-30,santa_cruz,1.5284730847766496e-05,-7.1172249261268306
2022-02-06,santa_cruz,1.57703618588458e-05,-10.431258218525308
2022-02-13,santa_cruz,1.5042855598126701e-05,-23.79365415066843
2022-02-20,santa_cruz,1.4974364921664825e-05,-25.846793596376116
2022-02-27,santa_cruz,1.475647605977112e-05,-21.357914806614353
2022-03-06,santa_cruz,1.319203199701371e-05,-14.564999008653956
2022-03-13,santa_cruz,1.2559554117277295e-05,-16.48876280488718
2022-03-20,santa_cruz,1.274117446671497e-05,-9.635347997563315
2022-03-27,santa_cruz,1.1530885821736915e-05,-14.424296440807183
2022-04-03,santa_cruz,1.1318577460790464e-05,-14.58668710590576
2022-04-10,santa_cruz,1.1075653908362862e-05,-14.656089184410526
2022-04-17,santa_cruz,9.934946348868876e-06,-15.531337631059472
2022-04-24,santa_cruz,8.583262476078487e-06,-11.35952201713728
2022-05-01,santa_cruz,8.896650865352654e-06,-4.946654576185061
2022-05-08,santa_cruz,1.0191580497333463e-05,9.231524251162249
2022-05-15,santa_cruz,1.03233064745803e-05,2.3256524111912924
2022-05-22,santa_cruz,1.1877510128677137e-05,5.474269551406685
2022-05-29,santa_cruz,1.1017863884259007e-05,-11.246588083463216
2022-06-05,santa_cruz,1.167270832472506e-05,-3.577793987814637
2022-06-12,santa_cruz,1.1321434362760297e-05,-7.103540421085874
2022-06-19,santa_cruz,1.1066708770835331e-05,6.160093067276584
2022-06-26,santa_cruz,1.2085557887165111e-05,35.32092335620476
2022-07-03,santa_cruz,1.4035036119205227e-05,54.14254287915998
2022-07-10,santa_cruz,1.5248336002386117e-05,59.26911731310405
2022-07-17,santa_cruz,1.5591893802308093e-05,59.032886302442655
2022-07-24,santa_cruz,1.7223705204045178e-05,45.9651198864119
2022-07-31,santa_cruz,1.719479063407708e-05,33.528899751297736
2022-08-07,santa_cruz,1.8316359915353264e-05,38.88878024045468
2022-08-14,santa_cruz,2.029066182389325e-05,45.919598132628714
2022-08-21,santa_cruz,2.039204532987531e-05,46.448129404007155
2022-08-28,santa_cruz,2.5387870161530832e-05,69.03476874003348
2022-09-04,santa_cruz,2.8545541188890782e-05,87.60801955769466
2022-09-11,santa_cruz,3.2656822817295324e-05,90.44129389988544
2022-09-18,santa_cruz,3.51931886528766e-05,89.31119429502363
2022-09-25,santa_cruz,4.0202513067868585e-05,97.55957538248374
2022-10-02,santa_cruz,3.91884991284302e-05,95.85381608641157
2022-10-09,santa_cruz,3.6084820130144714e-05,77.72558098771363
2022-10-16,santa_cruz,3.212520897338584e-05,51.47730215196713
2022-10-23,santa_cruz,2.7193481203197594e-05,30.1257232699923
2022-10-30,santa_cruz,2.290113513654975e-05,-4.451794590868907
2022-11-06,santa_cruz,1.8283109138895852e-05,-39.46871180281377
2022-11-13,santa_cruz,1.828931471363064e-05,-44.918159449648165
2022-11-20,santa_cruz,1.755865908967914e-05,-55.01358364652695
2022-11-27,santa_cruz,1.7605727941915278e-05,-56.94608622999855
2022-12-04,santa_cruz,2.031503074984008e-05,-42.478093047501275
2022-12-11,santa_cruz,2.0190241035728518e-05,-37.055287940058435
2022-12-18,santa_cruz,2.0458789270322675e-05,-25.52196170900114
2022-12-25,santa_cruz,1.9370515683556257e-05,-24.415806467679957
2023-01-01,santa_cruz,1.729526479760932e-05,-32.83357913941085
2023-01-08,santa_cruz,1.548811484377815e-05,-35.03430267256444
2023-01-15,santa_cruz,1.4719312110797469e-05,-41.85395912429435
2023-01-22,santa_cruz,1.289780840205142e-05,-47.89709789487855
2023-01-29,santa_cruz,1.239773810956651e-05,-49.420483286491645
2023-02-05,santa_cruz,1.1532508587393936e-05,-49.51958708264996
2023-02-12,santa_cruz,1.0642703546334986e-05,-42.57842687043656
2023-02-19,santa_cruz,1.0485912336184834e-05,-47.13061644648455
2023-02-26,santa_cruz,9.956625823579952e-06,-51.69914921448768
2023-03-05,santa_cruz,9.782567452755372e-06,-47.1681984778332
2023-03-12,santa_cruz,9.608822044113297e-06,-42.85424428693254
2023-03-19,santa_cruz,1.0643366886704756e-05,-35.87040051661745
2023-03-26,santa_cruz,1.032629719034217e-05,-35.334460362260245
2023-04-02,santa_cruz,1.129238714090485e-05,-28.742564598217513
2023-04-09,santa_cruz,1.1340728395875662e-05,-23.344887265936798
2023-04-16,santa_cruz,1.1411320308517226e-05,-21.030356491785263
2023-04-23,santa_cruz,1.0665238423840931e-05,-40.65508400970561
2023-04-30,santa_cruz,1.0558686407419647e-05,-40.21175149319163
2023-05-14,santa_cruz,1.041899443847584e-05,-34.73549377919021
2023-05-21,santa_cruz,1.0792727461969735e-05,-32.74672097095177
2023-05-28,santa_cruz,9.153181786105971e-06,-47.75804863015072
2023-06-04,santa_cruz,8.60768438543678e-06,-47.461528777060735
2023-06-11,santa_cruz,8.557873950438625e-06,-43.40865889853269
2023-06-18,santa_cruz,9.433475460512693e-06,-31.258962929049083
2023-06-25,santa_cruz,8.92908938302704e-06,-33.231091396781665
2023-07-02,santa_cruz,1.0172186672351647e-05,-9.844098467001672
2023-07-09,santa_cruz,1.1607893278881986e-05,2.177250860716562
2023-07-16,santa_cruz,1.2174700175502857e-05,7.942810400381006
2023-07-23,santa_cruz,1.3198026098400974e-05,26.099204761775674
2023-07-30,santa_cruz,1.438881464837973e-05,43.87794919572432
2023-08-06,santa_cruz,1.87968341247053e-05,80.23064814581176
2023-08-13,santa_cruz,2.266002560193763e-05,79.44434042651416
2023-08-20,santa_cruz,2.5160304758779512e-05,88.20244763570813
2023-08-27,santa_cruz,2.6223637240873607e-05,79.20144819688718
2023-09-03,santa_cruz,3.2151613183642375e-05,101.61267915391167
2023-09-10,santa_cruz,3.339339782514979e-05,105.1104715352734
2023-09-17,santa_cruz,3.508149894955074e-05,113.36860181126731
2023-09-24,santa_cruz,4.0433907675349626e-05,136.31203638210908
2023-10-01,santa_cruz,4.194928259175581e-05,124.4450154564543
2023-10-08,santa_cruz,4.12648431459109e-05,106.63872020924074
2023-10-15,santa_cruz,4.024022020003967e-05,101.01890973157239
2023-10-22,santa_cruz,4.3944561844530215e-05,105.35027746792096
2023-10-29,santa_cruz,4.0583273323078527e-05,90.84002103169482
2023-11-05,santa_cruz,3.6995190525734364e-05,73.13967335395742
2023-11-12,santa_cruz,3.3666701938510835e-05,67.1902808017947
2023-11-19,santa_cruz,3.256889883501838e-05,50.56157381666022
2023-11-26,santa_cruz,2.672515297876511e-05,29.981575753333978
2023-12-03,santa_cruz,2.1327449313920553e-05,-12.749163201728742
2023-12-10,santa_cruz,1.928003521018965e-05,-37.09523758718731
2023-12-17,santa_cruz,1.654711785759544e-05,-66.15905320495514
2023-12-24,santa_cruz,1.5662818048318972e-05,-80.95629333268874
2023-12-31,santa_cruz,1.4770228031045958e-05,-97.93309883573062
2024-01-07,santa_cruz,1.3753397549198067e-05,-104.7097426091513
2024-01-14,santa_cruz,1.3001246128937013e-05,-102.0827072956461
2024-01-21,santa_cruz,1.2746390187297868e-05,-83.54308160984675
2024-01-28,santa_cruz,1.296142316698052e-05,-74.26968397152045
2024-02-04,santa_cruz,1.4290059691858946e-05,-40.236476453724634
2024-02-11,santa_cruz,1.4694010958192856e-05,-21.853764279050836
2024-02-18,santa_cruz,1.465363159066782e-05,-22.423043315890823
2024-02-25,santa_cruz,1.44582896032217e-05,-24.613546194167313
2024-03-03,santa_cruz,1.332155895995363e-05,-25.01824981134746
2024-03-10,santa_cruz,1.1997532490159814e-05,-49.50241870059813
2024-03-17,santa_cruz,1.117269753852913e-05,-57.0920069810434
2024-03-24,santa_cruz,1.1105365397746318e-05,-58.99446535527719
2024-03-31,santa_cruz,1.0933066983548252e-05,-62.66207181595789
2024-04-07,santa_cruz,1.0631689011093855e-05,-55.148228163520585
2024-04-14,santa_cruz,1.160599228664465e-05,-40.77926322162426
2024-04-21,santa_cruz,1.1624397957144022e-05,-39.73265914175901
2024-04-28,santa_cruz,1.133051171832556e-05,-25.492094214952843
2024-05-05,santa_cruz,1.0662153096090634e-05,-25.20237599317774
2024-05-12,santa_cruz,9.917115420581198e-06,-22.033201949107806
2024-05-19,santa_cruz,9.704085187227746e-06,-19.184122814993287
2024-05-26,santa_cruz,8.889932662813505e-06,-33.394630291073035
2024-06-02,santa_cruz,9.242826453987845e-06,-19.53141961778737
2024-06-09,santa_cruz,9.389882720253527e-06,-8.220880179435142
2024-06-16,santa_cruz,9.157105868630284e-06,-10.14759028868184
2024-06-23,santa_cruz,9.59058091718584e-06,-4.319716507267479
2024-06-30,santa_cruz,9.616934244118347e-06,0.08438888296371516
2024-07-07,santa_cruz,1.0673629297792364e-05,3.0201165619267556
2024-07-14,santa_cruz,1.0845154277186258e-05,0.6871270335158997
2024-07-21,santa_cruz,1.4728599889437608e-05,31.257485073648716
2024-07-28,santa_cruz,1.9172718248296348e-05,57.98307989102476
2024-08-04,santa_cruz,2.0620080192884457e-05,54.96069460590611
2024-08-11,santa_cruz,2.3523525600890903e-05,72.33951375822052
2024-08-18,santa_cruz,2.583365944085837e-05,88.5561587568155
2024-08-25,santa_cruz,2.672529300577372e-05,92.86615432804962
2024-09-01,santa_cruz,2.8833187278560352e-05,102.11801727899186
2024-09-08,santa_cruz,3.2686985488549284e-05,108.94360246774504
2024-09-15,santa_cruz,3.583772694112256e-05,128.48525052888124
2024-09-22,santa_cruz,3.860660627992161e-05,150.07680714883662
2024-09-29,santa_cruz,4.1432801903124984e-05,157.72210945860667
2024-10-06,santa_cruz,4.134511595338605e-05,147.7689717349424
2024-10-13,santa_cruz,3.791263012415133e-05,144.62782758645113
2024-10-20,santa_cruz,3.634538542172331e-05,135.7814278252352
2024-10-27,santa_cruz,3.3067005863816764e-05,108.36363796059842
2024-11-03,santa_cruz,3.2492065273022616e-05,95.29110391891803
2024-11-10,santa_cruz,2.6445410550750963e-05,65.69779921483594
2024-11-17,santa_cruz,2.237469089606786e-05,25.107295843186783
2024-11-24,santa_cruz,2.1672598764256176e-05,3.144055316426453
2024-12-01,santa_cruz,1.994818898420182e-05,-14.446434345221526
2024-12-08,santa_cruz,1.8387498965053295e-05,-28.663882409368924
2024-12-15,santa_cruz,1.4913911815451884e-05,-55.087824808215835
2024-12-22,santa_cruz,1.4081981743216682e-05,-75.43746635853611
2024-12-29,santa_cruz,1.279801766112789e-05,-94.468833806725
2025-01-05,santa_cruz,1.1001756870028355e-05,-115.96189205514449
2025-01-12,santa_cruz,1.1272054776748633e-05,-121.49307425306387
2025-01-19,santa_cruz,1.234397685294357e-05,-123.141294507246
2025-01-26,santa_cruz,1.3177944209813688e-05,-114.33418274537726
2025-02-02,santa_cruz,1.2763536439122836e-05,-114.15989696706426
2025-02-09,santa_cruz,1.3043818217621356e-05,-115.21489613863255
2025-02-16,santa_cruz,1.3680374172419029e-05,-96.63246385517077
2025-02-23,santa_cruz,1.3555866224045174e-05,-85.56261067046904
2025-03-02,santa_cruz,1.3187405835333193e-05,-70.63429103146444
2025-03-09,santa_cruz,1.068975665765475e-05,-70.22582258393672
2025-03-16,santa_cruz,9.100253543660299e-06,-84.49744634241299
2025-03-23,santa_cruz,8.72519373334737e-06,-65.11184971995422
2025-03-30,santa_cruz,8.00554811642111e-06,-74.49396072207222
2025-04-06,santa_cruz,7.240434387273643e-06,-68.9043649832282
2025-04-13,santa_cruz,7.777439270381087e-06,-64.13863938356386
2025-04-20,santa_cruz,8.500438323696964e-06,-48.290485160162255
2025-04-27,santa_cruz,7.94298911580207e-06,-50.94011928568829
2025-05-04,santa_cruz,7.807310108895851e-06,-53.35230469998731
2025-05-11,santa_cruz,8.217230173049963e-06,-43.78316633056194
2025-05-18,santa_cruz,8.903397351745407e-06,-40.75402252532303
2025-05-25,santa_cruz,9.342083898761371e-06,-41.541882818880005
2025-06-01,santa_cruz,1.0383040921723531e-05,-34.2795221898097
2025-06-08,santa_cruz,1.0949384842096546e-05,-26.028569489769993
2025-06-15,santa_cruz,1.114718105252794e-05,-21.51115422774641
2025-06-22,santa_cruz,1.0220642198802683e-05,-26.49742770416683
2025-06-29,santa_cruz,9.993987780784272e-06,-31.038734531797374
2025-07-06,santa_cruz,1.1809522575121703e-05,-1.7100667135393266
2025-07-13,santa_cruz,1.4057779165624617e-05,23.10555123834721
2025-07-20,santa_cruz,1.6975266764383518e-05,43.99655232899118
2025-07-27,santa_cruz,1.8868717987822275e-05,57.322309205000366
2025-08-03,santa_cruz,1.7064044060037555e-05,43.48521639498575
2025-08-10,santa_cruz,1.75483741560089e-05,43.74620660164403
2025-08-17,santa_cruz,1.947852385080615e-05,67.18617260171591
2025-08-24,santa_cruz,2.1168578895516848e-05,80.13896110740788
2025-08-31,santa_cruz,2.5660439008547978e-05,104.71639155379205
2025-09-07,santa_cruz,2.8182421201833776e-05,108.49529832854223
2025-09-14,santa_cruz,3.172241973439384e-05,124.2493502487589
2025-09-21,santa_cruz,3.3937523872127e-05,126.41269116159002
2025-09-28,santa_cruz,3.59967388787329e-05,123.26716848913577
2025-10-05,santa_cruz,3.3192010567701834e-05,101.69503658701728
2025-10-12,santa_cruz,3.1128962866873565e-05,66.42019020165897
2025-10-19,santa_cruz,2.800679275244849e-05,39.47656351846618
2025-10-26,santa_cruz,2.684261450395931e-05,31.49804628398183
2025-11-09,santa_cruz,2.343783782925982e-05,7.114058522090616
2025-11-16,santa_cruz,1.765685505002308e-05,-34.066844965606435
2025-11-23,santa_cruz,1.7330246252719762e-05,-43.315710733749846
2025-11-30,santa_cruz,1.4555212896033876e-05,-79.43391678491398
2025-12-07,santa_cruz,1.347563362412934e-05,-97.81180258053385
2025-12-14,santa_cruz,1.3128998603525958e-05,-106.84945232013891
2025-12-21,santa_cruz,1.2814496812279172e-05,-113.33492733073757
2025-12-28,santa_cruz,1.2654476550650225e-05,-121.26781414491194
2026-01-04,santa_cruz,1.1872760974374891e-05,-125.23669108582513
2026-01-11,santa_cruz,1.0827187960014062e-05,-121.10068729302661
2026-01-18,santa_cruz,1.1249315901802062e-05,-108.09221147948645
2026-01-25,santa_cruz,1.2242525663213486e-05,-89.43225438674922
2026-02-01,santa_cruz,1.2761586208017021e-05,-70.61237396774925
2026-02-08,santa_cruz,1.2751818170096557e-05,-60.83833599677941
2026-02-15,santa_cruz,1.2842377027732016e-05,-52.329832497526674
2026-02-22,santa_cruz,1.3319710519565869e-05,-32.2426097531455
2026-03-01,santa_cruz,1.316080496091777e-05,-18.88439399226023
2026-03-08,santa_cruz,1.351903107785217e-05,-5.153921468421352
2026-03-15,santa_cruz,1.285443021772911e-05,3.922993988937584
2026-03-22,santa_cruz,1.279077741940155e-05,-2.736283598745004
2026-03-29,santa_cruz,1.2261593540851073e-05,5.830254300748727
2026-04-05,santa_cruz,1.1469018708179255e-05,1.7322740450593344
2026-04-12,santa_cruz,1.058164037475683e-05,-14.433624754821572
2026-04-19,santa_cruz,9.736657088433797e-06,-25.713948305427614
2026-04-26,santa_cruz,9.741435664766618e-06,-31.01051457374524
2026-05-03,santa_cruz,1.0419720029602627e-05,-21.021250258080038
2026-05-10,santa_cruz,1.0007886010478888e-05,-27.65964126579803
2026-05-17,santa_cruz,9.560374477440154e-06,-31.10596780477941
2026-06-07,santa_cruz,9.637302898316798e-06,-35.52758441734678
2026-06-14,santa_cruz,9.640437979853647e-06,-36.88403336343562
2026-06-21,santa_cruz,1.0458183788665829e-05,-27.035034850689854
2026-06-28,santa_cruz,1.1130285180068791e-05,-23.081721322688153
2026-07-05,santa_cruz,1.3011868700304717e-05,-3.435542617934928
2026-07-12,santa_cruz,1.473974823117383e-05,5.8971475308032595
2026-07-19,santa_cruz,1.5525179289327018e-05,27.00353717638002
2026-07-26,santa_cruz,1.548269236045619e-05,39.278799014848786
2026-08-02,santa_cruz,1.6128554257108622e-05,60.07913586326232
2026-08-09,santa_cruz,1.5484608937419033e-05,59.580771781673825
2026-08-16,santa_cruz,1.6458183637288363e-05,88.48886668016985
2026-08-23,santa_cruz,1.6671814674574336e-05,83.40383467007246
2018-07-15,cochabamba,5.154422128296172e-05,
2018-07-22,cochabamba,4.770090483821457e-05,
2018-07-29,cochabamba,4.788623205570585e-05,
2018-08-05,cochabamba,4.4607614794594155e-05,
2018-08-12,cochabamba,3.908426677101929e-05,
2018-08-19,cochabamba,4.210886582232475e-05,
2018-08-26,cochabamba,4.4575716676631756e-05,
2018-09-02,cochabamba,4.480677054443509e-05,
2018-09-09,cochabamba,5.231098238286958e-05,
2018-09-16,cochabamba,5.113419910760191e-05,
2018-09-23,cochabamba,4.550435033473597e-05,
2018-09-30,cochabamba,4.437310301064012e-05,
2018-10-07,cochabamba,3.7221704029189623e-05,
2018-10-14,cochabamba,3.369115604195729e-05,
2018-10-21,cochabamba,3.04333292393195e-05,
2018-10-28,cochabamba,2.7964855821286755e-05,
2018-11-04,cochabamba,2.4815755750825763e-05,
2018-11-11,cochabamba,2.5084133504313865e-05,
2018-11-18,cochabamba,2.2410117777830122e-05,
2018-11-25,cochabamba,2.2401142747611286e-05,
2018-12-02,cochabamba,2.2137099919878424e-05,
2018-12-09,cochabamba,2.2509006597677297e-05,
2018-12-16,cochabamba,2.229757287142419e-05,
2018-12-23,cochabamba,2.1493952836171e-05,
2018-12-30,cochabamba,1.9750975972537442e-05,
2019-01-06,cochabamba,1.836169842242547e-05,
2019-01-13,cochabamba,1.6674749951993566e-05,
2019-01-20,cochabamba,1.7381970908475737e-05,
2019-01-27,cochabamba,1.716143337562711e-05,
2019-02-03,cochabamba,1.6740738760752312e-05,
2019-02-10,cochabamba,1.6771329223027654e-05,
2019-02-17,cochabamba,1.8345803318976448e-05,
2019-02-24,cochabamba,2.0985344185023096e-05,
2019-03-03,cochabamba,2.2966068565521316e-05,
2019-03-10,cochabamba,2.3694586814618518e-05,
2019-03-17,cochabamba,2.2422247672392818e-05,
2019-03-24,cochabamba,2.2434811327908342e-05,
2019-03-31,cochabamba,2.0933454646240016e-05,
2019-04-07,cochabamba,2.0583077831794357e-05,
2019-04-14,cochabamba,2.267409457291209e-05,
2019-04-21,cochabamba,2.5076837110333517e-05,
2019-04-28,cochabamba,2.466054335293165e-05,
2019-05-05,cochabamba,2.853814481609878e-05,
2019-05-12,cochabamba,2.9248501457623914e-05,
2019-05-19,cochabamba,3.37349832813128e-05,
2019-05-26,cochabamba,3.509410447200823e-05,
2019-06-02,cochabamba,3.741945077864173e-05,
2019-06-09,cochabamba,4.5059284845008823e-05,
2019-06-16,cochabamba,4.561832156146091e-05,
2019-06-23,cochabamba,4.998697796768682e-05,
2019-06-30,cochabamba,5.263316602301437e-05,
2019-07-07,cochabamba,5.193848076519185e-05,
2019-07-14,cochabamba,5.4393930900578626e-05,
2019-07-21,cochabamba,5.1018019947253144e-05,
2019-07-28,cochabamba,4.947959745554542e-05,
2019-08-04,cochabamba,5.1866420779208204e-05,
2019-08-11,cochabamba,4.8832103936466065e-05,
2019-08-18,cochabamba,5.3442351998523205e-05,
2019-08-25,cochabamba,5.741125833248511e-05,
2019-09-01,cochabamba,5.6201003144730285e-05,
2019-09-08,cochabamba,5.429353646552064e-05,
2019-09-15,cochabamba,5.1703615644679716e-05,
2019-09-22,cochabamba,4.6589210803730744e-05,
2019-09-29,cochabamba,4.555203436983324e-05,
2019-10-06,cochabamba,3.970077431240923e-05,
2019-10-13,cochabamba,3.7548929266768265e-05,
2019-10-20,cochabamba,3.1445441768830963e-05,-55.63084778218439
2019-10-27,cochabamba,2.8210904824577445e-05,-56.4249178038871
2019-11-03,cochabamba,1.9023292597676666e-05,-92.31638775872995
2019-11-10,cochabamba,1.7233079149089568e-05,-99.66371379526073
2019-11-17,cochabamba,1.5542053009258412e-05,-93.31526131558618
2019-11-24,cochabamba,1.661461208668266e-05,-88.61304041866003
2019-12-01,cochabamba,1.5974413880162987e-05,-94.89939070735645
2019-12-08,cochabamba,1.492715494568402e-05,-103.70762742947583
2019-12-15,cochabamba,1.3639674383965147e-05,-115.57439579987712
2019-12-22,cochabamba,1.4364202846706268e-05,-112.62035670909736
2019-12-29,cochabamba,1.753504110619953e-05,-95.41867169667509
2020-01-05,cochabamba,1.8725693527901948e-05,-88.62527709016365
2020-01-12,cochabamba,1.858401673718971e-05,-99.53655540374751
2020-01-19,cochabamba,1.7633665114929853e-05,-111.29559485304856
2020-01-26,cochabamba,2.0152491422809587e-05,-91.3483959803635
2020-02-02,cochabamba,1.9981723893230055e-05,-92.47937041282074
2020-02-09,cochabamba,2.13680636552719e-05,-80.67134369072787
2020-02-16,cochabamba,2.2495402646403917e-05,-70.44969716325191
2020-02-23,cochabamba,2.0881944721470678e-05,-74.65797180086665
2020-03-01,cochabamba,1.9850818783705897e-05,-79.75111904116775
2020-03-08,cochabamba,2.369461615900696e-05,-33.41797660415882
2020-03-15,cochabamba,2.2847081254666498e-05,-24.016857690501325
2020-03-22,cochabamba,2.186380327487824e-05,-25.785814646235927
2020-03-29,cochabamba,1.9439111410367658e-05,-26.417701184711717
2020-04-05,cochabamba,1.696081847273338e-05,-30.377493820572354
2020-04-12,cochabamba,1.459585748156631e-05,-38.98637159575635
2020-04-19,cochabamba,1.1627575564739165e-05,-67.41294623904466
2020-04-26,cochabamba,1.0143470901415497e-05,-79.19588217609731
2020-05-03,cochabamba,1.02376040449548e-05,-65.71352942083024
2020-05-10,cochabamba,9.956367925843357e-06,-61.78472240700579
2020-05-17,cochabamba,1.0526894290206016e-05,-48.01216116305653
2020-05-24,cochabamba,1.1566226779821524e-05,-37.609634396167024
2020-05-31,cochabamba,1.3970701837929872e-05,-30.219945638615364
2020-06-07,cochabamba,1.5245445655127084e-05,-35.40342351399879
2020-06-14,cochabamba,1.890760131002497e-05,-22.07108733597032
2020-06-21,cochabamba,2.2691621383354155e-05,5.374657310630049
2020-06-28,cochabamba,2.6079977476827777e-05,20.45950458235879
2020-07-05,cochabamba,2.7024768920381726e-05,27.435022378348073
2020-07-12,cochabamba,2.2932740405809115e-05,1.9659106487987188
2020-07-19,cochabamba,2.2498425238605955e-05,-14.862290851013604
2020-07-26,cochabamba,2.3373697743545333e-05,-9.098158572566994
2020-08-02,cochabamba,2.7938831551629074e-05,-2.1587847999180454
2020-08-09,cochabamba,3.591823401339494e-05,15.726203302829234
2020-08-16,cochabamba,3.6157653909519936e-05,10.570671313939961
2020-08-23,cochabamba,3.508672513667666e-05,-3.4517702246933624
2020-08-30,cochabamba,3.543109505046057e-05,-14.22684110964827
2020-09-06,cochabamba,3.56729957791726e-05,-25.03238577988043
2020-09-13,cochabamba,3.7579002540079137e-05,-24.143504855721076
2020-09-20,cochabamba,3.9251724937963514e-05,-23.62108778207972
2020-09-27,cochabamba,4.035085973509506e-05,-26.077981499595992
2020-10-04,cochabamba,3.828533977591661e-05,-31.18498654150894
2020-10-11,cochabamba,2.8501467494990487e-05,-63.32431005718799
2020-10-18,cochabamba,2.6112025094217696e-05,-73.38566435068721
2020-10-25,cochabamba,2.483867488225012e-05,-76.94781254830562
2020-11-01,cochabamba,2.0684080462556133e-05,-87.21560830450699
2020-11-08,cochabamba,1.864578379827574e-05,-101.55402191087023
2020-11-15,cochabamba,1.9621548532651837e-05,-91.17595868559522
2020-11-22,cochabamba,2.0836147949453973e-05,-88.97197488627953
2020-11-29,cochabamba,2.0860639153448067e-05,-100.17595384540189
2020-12-06,cochabamba,1.9514197638005516e-05,-111.37336808168854
2020-12-13,cochabamba,1.8858885582891786e-05,-112.20774588297377
2020-12-20,cochabamba,1.844210287315909e-05,-109.86034467577142
2020-12-27,cochabamba,1.727357400709451e-05,-113.82370045783344
2021-01-03,cochabamba,1.7738756236286674e-05,-109.89341320677823
2021-01-10,cochabamba,1.7281617272919346e-05,-109.17268394965483
2021-01-17,cochabamba,1.7142319544366864e-05,-104.72680667825128
2021-01-31,cochabamba,1.6427585468691818e-05,-98.80634829136206
2021-02-07,cochabamba,1.70233749443175e-05,-98.42678887156247
2021-02-14,cochabamba,1.6646401967600792e-05,-85.04349743325417
2021-02-21,cochabamba,1.6426657840257323e-05,-86.44800935815127
2021-02-28,cochabamba,1.817772688590117e-05,-72.54478157840848
2021-03-07,cochabamba,1.8045490434516773e-05,-66.77391932284067
2021-03-14,cochabamba,1.9400016204254963e-05,-48.298013549419494
2021-03-21,cochabamba,1.830617705621095e-05,-43.448290784866295
2021-03-28,cochabamba,1.764164499074522e-05,-40.704978905365685
2021-04-04,cochabamba,1.7413186053581857e-05,-25.311055178326924
2021-04-11,cochabamba,1.7861218062216163e-05,-6.3032380831201
2021-04-18,cochabamba,1.7572388015914877e-05,12.655670590607215
2021-04-25,cochabamba,1.8325047888900407e-05,11.156208514163701
2021-05-02,cochabamba,2.262924293288346e-05,50.62602249619559
2021-05-09,cochabamba,2.6426179546228526e-05,50.4737049082852
2021-05-16,cochabamba,2.9935914320603266e-05,47.675701135062276
2021-05-23,cochabamba,3.207855202698559e-05,59.837778005311115
2021-05-30,cochabamba,2.8872931784236954e-05,36.80864893158571
2021-06-06,cochabamba,2.8342805408817053e-05,25.247126498442007
2021-06-13,cochabamba,2.6785460548428656e-05,25.24239512565618
2021-06-20,cochabamba,2.6373374520300734e-05,11.46173568786466
2021-06-27,cochabamba,2.6235110215046984e-05,20.401296450798156
2021-07-04,cochabamba,3.104442173408233e-05,53.60090288563839
2021-07-11,cochabamba,4.0499893677780846e-05,94.99664780854343
2021-07-18,cochabamba,4.6174522742396274e-05,148.35528061979133
2021-07-25,cochabamba,4.9541623304728095e-05,158.3381344361104
2021-08-01,cochabamba,4.7649870729016515e-05,158.2857528740016
2021-08-08,cochabamba,4.346159487833796e-05,143.40791270151067
2021-08-15,cochabamba,4.2605467256899266e-05,128.08247641355484
2021-08-22,cochabamba,4.7441278830508455e-05,123.05274517973731
2021-08-29,cochabamba,4.5282997386862395e-05,110.19253934083899
2021-09-05,cochabamba,4.219687870578378e-05,86.74500117430739
2021-09-12,cochabamba,4.0198173880504955e-05,66.47476490256032
2021-09-19,cochabamba,3.5426126661151e-05,42.11989553041917
2021-09-26,cochabamba,3.554685194903645e-05,30.968372611899042
2021-10-03,cochabamba,3.27451410011626e-05,19.200077179562136
2021-10-10,cochabamba,3.1199671855369486e-05,25.794969229045073
2021-10-17,cochabamba,2.67202923229131e-05,14.03910489385698
2021-10-24,cochabamba,2.500749460103442e-05,6.534838730655679
2021-10-31,cochabamba,2.548382798360767e-05,-9.197347878597206
2021-11-07,cochabamba,2.370084746497798e-05,-41.573427226987825
2021-11-14,cochabamba,2.3103185867738622e-05,-48.98196894389368
2021-11-21,cochabamba,2.2163633867653045e-05,-45.937002606876476
2021-11-28,cochabamba,1.9723601970375698e-05,-58.29051773598444
2021-12-05,cochabamba,1.9062451421793343e-05,-62.09229117631505
2021-12-12,cochabamba,1.790120804844104e-05,-64.86404707617517
2021-12-19,cochabamba,1.76299716892108e-05,-71.53784562301607
2022-01-02,cochabamba,1.8566425357030544e-05,-70.12472197739186
2022-01-09,cochabamba,1.827856186922879e-05,-76.44599064894919
2022-01-16,cochabamba,1.7697751814983427e-05,-84.49735160821703
2022-01-23,cochabamba,1.835726403826103e-05,-75.89261801207581
2022-01-30,cochabamba,1.808734096170895e-05,-57.21719181101044
2022-02-06,cochabamba,1.7183803502670413e-05,-43.885676730871204
2022-02-13,cochabamba,1.7633524736739983e-05,-34.26000047443569
2022-02-20,cochabamba,1.7365093690244487e-05,-23.884854826924773
2022-02-27,cochabamba,1.7456251118220856e-05,-16.870348234925814
2022-03-06,cochabamba,1.8092722826925605e-05,-2.5875384824340486
2022-03-13,cochabamba,1.948037244207412e-05,-4.7543565896580375
2022-03-20,cochabamba,1.9267697455919106e-05,-1.8198390502329076
2022-03-27,cochabamba,1.9339029316727925e-05,-9.143323039906015
2022-04-03,cochabamba,1.9815520644293363e-05,-10.283651963029428
2022-04-10,cochabamba,1.940797589107045e-05,-0.545817466056242
2022-04-17,cochabamba,1.9228073792937977e-05,-1.1304841142624866
2022-04-24,cochabamba,2.2483436152174992e-05,26.360104746501634
2022-05-01,cochabamba,2.567822315558522e-05,40.40930513441321
2022-05-08,cochabamba,2.8469751449397696e-05,56.89615849623575
2022-05-15,cochabamba,3.1606452182584754e-05,64.11671877116322
2022-05-22,cochabamba,3.373546947384129e-05,61.835274335056845
2022-05-29,cochabamba,3.3775572443854865e-05,54.64828834370792
2022-06-05,cochabamba,3.1854199609595844e-05,55.3926436567437
2022-06-12,cochabamba,3.4140694931017714e-05,61.53824392112224
2022-06-19,cochabamba,3.5382881454689594e-05,69.98993210952982
2022-06-26,cochabamba,3.3782947660660335e-05,62.303107980147665
2022-07-03,cochabamba,4.1569530414223666e-05,55.20955087296908
2022-07-10,cochabamba,4.136771918541236e-05,42.10709166957205
2022-07-17,cochabamba,3.9761654106220124e-05,28.38440757501761
2022-07-24,cochabamba,4.392688333302225e-05,29.863538609191842
2022-07-31,cochabamba,4.549124433727659e-05,45.46153355349727
2022-08-07,cochabamba,4.5681805592882664e-05,45.55276444436824
2022-08-14,cochabamba,4.967939811851442e-05,58.73636860883984
2022-08-21,cochabamba,4.819251743459506e-05,63.536885203270366
2022-08-28,cochabamba,4.844441896546498e-05,56.55128354016892
2022-09-04,cochabamba,4.7466446426183275e-05,38.35408037741335
2022-09-11,cochabamba,4.540516212644158e-05,12.066650492603515
2022-09-18,cochabamba,4.284475097017541e-05,-7.484505042628342
2022-09-25,cochabamba,3.66389821052044e-05,-30.170043263191104
2022-10-02,cochabamba,3.527344800758531e-05,-28.027377344802318
2022-10-09,cochabamba,3.226035363922131e-05,-30.591734335495424
2022-10-16,cochabamba,3.1108546473806224e-05,-30.3087657730595
2022-10-23,cochabamba,3.0109443399678877e-05,-45.4653854365235
2022-10-30,cochabamba,2.9036127769727772e-05,-43.24859086762576
2022-11-06,cochabamba,2.684705453980072e-05,-43.939577717789824
2022-11-13,cochabamba,2.489742424575313e-05,-44.55851720757611
2022-11-20,cochabamba,2.4671030058480036e-05,-33.65700750224594
2022-11-27,cochabamba,2.25640471897735e-05,-45.32566225425878
2022-12-04,cochabamba,2.0572328483952572e-05,-43.527628276758534
2022-12-11,cochabamba,1.968212655857642e-05,-46.05448837113428
2022-12-18,cochabamba,1.9135486433444565e-05,-44.874870376933806
2022-12-25,cochabamba,1.9681625031238863e-05,-27.483843740550462
2023-01-01,cochabamba,1.807770436995887e-05,-35.87245938358681
2023-01-08,cochabamba,1.909529997275419e-05,-28.173309313158867
2023-01-15,cochabamba,2.0261492096728622e-05,-21.881829934694785
2023-01-22,cochabamba,2.0901774639369477e-05,-8.362091385192727
2023-01-29,cochabamba,1.898240746227257e-05,-19.645789717385753
2023-02-05,cochabamba,1.9348332790635284e-05,-19.9151280342015
2023-02-12,cochabamba,1.914999205809662e-05,-14.615053072688156
2023-02-19,cochabamba,1.8930224490527377e-05,-12.45322157456794
2023-02-26,cochabamba,1.6487303901070846e-05,-8.391713003254253
2023-03-05,cochabamba,1.6664976308513213e-05,-11.712667081202355
2023-03-12,cochabamba,1.7851266019507104e-05,-3.87835208114371
2023-03-19,cochabamba,1.85103866499008e-05,1.2603124501179508
2023-03-26,cochabamba,1.665593856558497e-05,-9.479380460410702
2023-04-02,cochabamba,1.7326021667509136e-05,-5.781584251936067
2023-04-09,cochabamba,1.8718512792488274e-05,4.370366149056437
2023-04-16,cochabamba,2.0939643482533673e-05,16.112685705718732
2023-04-23,cochabamba,2.4982337767682315e-05,35.94695206038789
2023-04-30,cochabamba,2.7316559115608217e-05,44.124499433293174
2023-05-07,cochabamba,2.7651466859584717e-05,36.62806674937684
2023-05-14,cochabamba,2.9766583743559488e-05,40.684320783244665
2023-05-21,cochabamba,3.306435071222438e-05,48.364590976559185
2023-05-28,cochabamba,3.532470490268768e-05,59.88984647698903
2023-06-04,cochabamba,3.800174137989118e-05,63.78431711656685
2023-06-11,cochabamba,4.289779557795898e-05,66.13172702273059
2023-06-18,cochabamba,4.436418457094472e-05,56.69075099542926
2023-06-25,cochabamba,4.809450224796152e-05,53.282849205614546
2023-07-02,cochabamba,5.106710511528675e-05,49.97539615788096
2023-07-09,cochabamba,5.476579153096174e-05,57.37186015652043
2023-07-16,cochabamba,5.70221160521063e-05,49.405970746875916
2023-07-23,cochabamba,5.756443629310728e-05,60.069789584221844
2023-07-30,cochabamba,5.5563619658018084e-05,56.2835381661575
2023-08-06,cochabamba,5.357565119713705e-05,39.68994925791414
2023-08-13,cochabamba,5.1732480322273206e-05,43.18968310790172
2023-08-20,cochabamba,5.381306924758775e-05,34.21392801096559
2023-08-27,cochabamba,5.5328788553320856e-05,26.073598126924935
2023-09-03,cochabamba,5.0211631900663526e-05,22.824607816653675
2023-09-10,cochabamba,4.6927361194441374e-05,14.847667621688743
2023-09-17,cochabamba,4.339014703443534e-05,-1.3523459477926991
2023-09-24,cochabamba,3.944566514384124e-05,-12.817997676889803
2023-10-01,cochabamba,3.777024607406767e-05,-22.97135692984007
2023-10-08,cochabamba,3.5028204210736345e-05,-31.72300271340358
2023-10-15,cochabamba,3.35924252524576e-05,-33.90522712921271
2023-10-22,cochabamba,2.7665270396964056e-05,-56.91556146754593
2023-10-29,cochabamba,2.728756972227057e-05,-57.01919993265303
2023-11-05,cochabamba,2.353095077978175e-05,-66.61548076504306
2023-11-12,cochabamba,2.236377178526839e-05,-71.18796811605233
2023-11-19,cochabamba,1.7162265866445063e-05,-87.28740302135343
2023-11-26,cochabamba,1.8405766303835102e-05,-69.34592008287322
2023-12-03,cochabamba,1.5669242511475926e-05,-80.48793767373219
2023-12-10,cochabamba,1.5290151735209254e-05,-83.59215561090619
2023-12-17,cochabamba,1.4241986445433353e-05,-83.49951060203438
2023-12-24,cochabamba,1.4495235045278785e-05,-80.0019056942146
2023-12-31,cochabamba,1.4135273327888642e-05,-79.60588251736347
2024-01-07,cochabamba,1.5768421893330688e-05,-64.72409683459529
2024-01-14,cochabamba,1.6451379890259826e-05,-57.23293355696235
2024-01-21,cochabamba,1.8614262630260325e-05,-46.336131189308105
2024-01-28,cochabamba,1.801594551454098e-05,-50.14021994922686
2024-02-04,cochabamba,1.828684720030064e-05,-38.67469477961425
2024-02-11,cochabamba,1.712618168253266e-05,-40.34555680592735
2024-02-18,cochabamba,1.6290824838698406e-05,-41.024547842174286
2024-02-25,cochabamba,1.632635663974653e-05,-40.789050741855526
2024-03-03,cochabamba,1.619124021378001e-05,-39.77399222489968
2024-03-10,cochabamba,1.4790762372397453e-05,-43.68845153096945
2024-03-17,cochabamba,1.63845403572507e-05,-18.337271352215012
2024-03-24,cochabamba,1.75726951847846e-05,-8.519825228480293
2024-03-31,cochabamba,1.8243844137873562e-05,-7.585774532697087
2024-04-07,cochabamba,1.826779023225296e-05,-1.6917215770824612
2024-04-14,cochabamba,2.0495712800238663e-05,6.6896838354333354
2024-04-21,cochabamba,2.105133433926015e-05,-1.9194438245108358
2024-04-28,cochabamba,2.6047329456559852e-05,30.17792836197497
2024-05-05,cochabamba,2.8636130213733467e-05,42.082479280296425
2024-05-12,cochabamba,3.221593129447675e-05,58.173636422040786
2024-05-19,cochabamba,3.2071963290300654e-05,66.53812645380572
2024-05-26,cochabamba,3.343313055391225e-05,68.84977810203611
2024-06-02,cochabamba,4.068482042493693e-05,78.75230452777764
2024-06-09,cochabamba,4.318053098579295e-05,89.36224377465666
2024-06-16,cochabamba,4.939907355498096e-05,97.04186470224397
2024-06-23,cochabamba,4.8931358746722605e-05,86.95269947062218
2024-06-30,cochabamba,4.907528171475392e-05,70.7077999055885
2024-07-07,cochabamba,4.811785415897166e-05,56.61602172561491
2024-07-14,cochabamba,4.496793859321581e-05,41.39769453057589
2024-07-21,cochabamba,4.945998377158386e-05,38.469485928956004
2024-07-28,cochabamba,4.5692162511905926e-05,25.734420979246053
2024-08-04,cochabamba,4.363486399791347e-05,9.14308956428318
2024-08-11,cochabamba,4.67945813780545e-05,8.227027783067697
2024-08-18,cochabamba,4.7801792511500264e-05,3.3533959889423315
2024-08-25,cochabamba,4.6678388955417166e-05,-4.570295542674785
2024-09-01,cochabamba,4.8764799793350806e-05,-12.244860314728001
2024-09-08,cochabamba,4.7023558738980654e-05,-16.875829933416497
2024-09-15,cochabamba,4.378758027101476e-05,-25.643847714859014
2024-09-22,cochabamba,4.417376076112017e-05,-22.939769953000955
2024-09-29,cochabamba,3.929654646937761e-05,-31.66739972170678
2024-10-06,cochabamba,3.854442928241838e-05,-29.42742470545685
2024-10-13,cochabamba,3.31912617102131e-05,-48.25782157768774
2024-10-20,cochabamba,3.3691076840698104e-05,-46.82833403621878
2024-10-27,cochabamba,2.992033695555053e-05,-61.29870131472739
2024-11-03,cochabamba,2.9700537423476042e-05,-53.599180616676634
2024-11-10,cochabamba,2.502257156688735e-05,-65.19685678713128
2024-11-17,cochabamba,2.2513383402534153e-05,-66.22413152815554
2024-11-24,cochabamba,2.0965656740228463e-05,-72.42521321089174
2024-12-01,cochabamba,2.0154199908735996e-05,-67.15114600999357
2024-12-08,cochabamba,1.8338641961997524e-05,-71.33453123119313
2024-12-15,cochabamba,1.6839502192425766e-05,-84.38961326643533
2024-12-22,cochabamba,1.771984412700218e-05,-72.74909862424863
2024-12-29,cochabamba,2.0582925881592207e-05,-50.32576330931118
2025-01-05,cochabamba,2.094495854350755e-05,-37.36355327682439
2025-01-12,cochabamba,2.0910640513046452e-05,-27.991970540311506
2025-01-19,cochabamba,2.109053428361963e-05,-25.928753756381262
2025-01-26,cochabamba,2.1938526127573063e-05,-12.28163512681757
2025-02-02,cochabamba,2.2686639265945913e-05,5.6950579567814685
2025-02-09,cochabamba,2.042368435904862e-05,2.4609759946233822
2025-02-16,cochabamba,1.8895899793242005e-05,8.084163458167382
2025-02-23,cochabamba,1.8606764790458483e-05,1.086121141089258
2025-03-02,cochabamba,1.698266228657283e-05,10.498401443199334
2025-03-09,cochabamba,1.5416972953526593e-05,5.804622705884732
2025-03-16,cochabamba,1.4325911093879431e-05,4.4181702979607
2025-03-23,cochabamba,1.573808443278191e-05,5.627867100055717
2025-03-30,cochabamba,1.4808518304946464e-05,-6.280674944867393
2025-04-06,cochabamba,1.4031809521532563e-05,-15.908249663921481
2025-04-13,cochabamba,1.6434262762842516e-05,-12.434782990792215
2025-04-20,cochabamba,1.8287278925181637e-05,1.1281586999263737
2025-04-27,cochabamba,1.9764229036453776e-05,17.881916190963132
2025-05-04,cochabamba,2.298920274886805e-05,32.45998967221038
2025-05-11,cochabamba,2.4093414941288358e-05,42.88168795276572
2025-05-18,cochabamba,2.7906785517834874e-05,55.14803229245935
2025-05-25,cochabamba,3.0396179759741775e-05,54.79706473114714
2025-06-01,cochabamba,3.414510242067052e-05,62.67914463751403
2025-06-08,cochabamba,3.859772741453862e-05,68.77910839869337
2025-06-15,cochabamba,3.699420852776378e-05,55.92295719281708
2025-06-22,cochabamba,3.645226531453181e-05,46.96847889253721
2025-06-29,cochabamba,3.2786263735994985e-05,23.047080440352374
2025-07-06,cochabamba,3.7856178172951685e-05,15.900972823536996
2025-07-13,cochabamba,4.3423868513349876e-05,29.00219156025745
2025-07-20,cochabamba,4.498843165901134e-05,26.792757145385337
2025-07-27,cochabamba,4.724539380716317e-05,20.827611938228863
2025-08-03,cochabamba,4.3971415801507506e-05,7.722242876519303
2025-08-10,cochabamba,4.042458897415024e-05,-17.322406176799987
2025-08-17,cochabamba,4.5179338514872826e-05,-8.873432009984228
2025-08-24,cochabamba,4.3710731852279754e-05,-10.94168902191921
2025-08-31,cochabamba,4.291789712045304e-05,-17.47895123509906
2025-09-07,cochabamba,3.785128069663331e-05,-21.695334528600796
2025-09-14,cochabamba,3.6245205617985e-05,-21.23751022434348
2025-09-21,cochabamba,3.417352148310051e-05,-36.97128154205185
2025-09-28,cochabamba,3.196166842748496e-05,-35.738946139826666
2025-10-05,cochabamba,3.402267455318791e-05,-22.70842846951382
2025-10-12,cochabamba,3.427397828877788e-05,-24.96525102565439
2025-10-19,cochabamba,3.059623424088179e-05,-41.95209833598614
2025-10-26,cochabamba,3.0479596509697012e-05,-38.03140261554159
2025-11-09,cochabamba,2.704538189530571e-05,-58.29774199794393
2025-11-16,cochabamba,2.46518609989949e-05,-64.51026737720049
2025-11-23,cochabamba,2.2164734928032365e-05,-77.73253813317157
2025-11-30,cochabamba,1.8507301435263947e-05,-99.71278576380449
2025-12-07,cochabamba,1.812861336919893e-05,-97.97021780803057
2025-12-14,cochabamba,1.815537043819864e-05,-92.19645399872877
2025-12-21,cochabamba,1.8893960712729825e-05,-83.29693309367592
2025-12-28,cochabamba,1.8287727853171176e-05,-88.8592273564976
2026-01-04,cochabamba,1.7552601819535833e-05,-92.2928774117425
2026-01-11,cochabamba,1.7747936387256177e-05,-80.46746722467705
2026-01-18,cochabamba,1.7839324727944214e-05,-79.20172939076693
2026-01-25,cochabamba,1.854313229242968e-05,-66.3556839663647
2026-02-01,cochabamba,1.678649707658915e-05,-70.68453980285128
2026-02-08,cochabamba,1.7968215307667486e-05,-53.094794334761986
2026-02-15,cochabamba,1.8167439779103793e-05,-48.06866147124591
2026-02-22,cochabamba,1.823615467923613e-05,-44.47652861063336
2026-03-01,cochabamba,1.7703186803168254e-05,-34.6211255580398
2026-03-08,cochabamba,1.9088175643720987e-05,-28.27324311411985
2026-03-15,cochabamba,2.0173714140935615e-05,-3.8505228830334914
2026-03-22,cochabamba,2.1693547186654254e-05,7.107332777120057
2026-03-29,cochabamba,2.3809461146184656e-05,17.53035329743131
2026-04-05,cochabamba,2.5119685462259088e-05,32.88264893544923
2026-04-12,cochabamba,2.350910184240006e-05,29.68889596193911
2026-04-19,cochabamba,2.316898246871927e-05,11.83525301674706
2026-04-26,cochabamba,2.2100586314435037e-05,4.821296017760446
2026-05-03,cochabamba,2.0484009695295967e-05,-2.9179760763884843
2026-05-10,cochabamba,2.3585694308669276e-05,4.077132554782281
2026-05-17,cochabamba,2.470616266868622e-05,13.12977773200732
2026-06-07,cochabamba,2.5980099760461866e-05,26.739628656046577
2026-06-14,cochabamba,2.954917841653509e-05,44.750276800208155
2026-06-21,cochabamba,3.30301654100765e-05,60.09835108275148
2026-06-28,cochabamba,3.498304233509885e-05,85.47450876428506
2026-07-05,cochabamba,3.786251514467159e-05,95.46948571284003
2026-07-12,cochabamba,4.0879661083063176e-05,97.21170828275518
2026-07-19,cochabamba,4.300094644001861e-05,109.40138366778723
2026-07-26,cochabamba,4.470140553846184e-05,104.99266983794033
2026-08-02,cochabamba,4.401376207415005e-05,87.82966820024481
2026-08-09,cochabamba,4.765220672282866e-05,85.68314090625879
2026-08-16,cochabamba,4.493560452134392e-05,68.96704924717571
2026-08-23,cochabamba,4.3133197436903464e-05,67.18365270258957
2018-07-15,sucre,1.5525088537270422e-05,
2018-07-22,sucre,1.3314472689132453e-05,
2018-07-29,sucre,1.2430995034024676e-05,
2018-08-05,sucre,1.1285326245636158e-05,
2018-08-12,sucre,1.2604705626420604e-05,
2018-08-19,sucre,1.2356394454540124e-05,
2018-08-26,sucre,1.4622642163391495e-05,
2018-09-02,sucre,1.8436109148616212e-05,
2018-09-09,sucre,1.9150275884887338e-05,
2018-09-16,sucre,1.9126063443343863e-05,
2018-09-23,sucre,1.9025458364005847e-05,
2018-09-30,sucre,1.7105410251409575e-05,
2018-10-07,sucre,1.778166639762726e-05,
2018-10-14,sucre,1.6667828224522776e-05,
2018-10-21,sucre,1.5647858633902742e-05,
2018-10-28,sucre,1.6019571786694364e-05,
2018-11-04,sucre,1.5560117714373436e-05,
2018-11-11,sucre,1.4319338097336721e-05,
2018-11-18,sucre,1.3191940795288752e-05,
2018-11-25,sucre,1.223492572477611e-05,
2018-12-02,sucre,1.1271972251239029e-05,
2018-12-09,sucre,1.0980031566674205e-05,
2018-12-16,sucre,9.80773279405244e-06,
2018-12-23,sucre,9.717238422216032e-06,
2018-12-30,sucre,9.52231567885779e-06,
2019-01-06,sucre,8.904376397587645e-06,
2019-01-13,sucre,8.278228626483733e-06,
2019-01-20,sucre,7.911645684237157e-06,
2019-01-27,sucre,8.364253029274802e-06,
2019-02-03,sucre,8.492293600477625e-06,
2019-02-10,sucre,8.692293016598487e-06,
2019-02-17,sucre,8.832539427295063e-06,
2019-02-24,sucre,9.762536806635727e-06,
2019-03-03,sucre,8.702174593639128e-06,
2019-03-10,sucre,7.97397074286833e-06,
2019-03-17,sucre,7.630113887852248e-06,
2019-03-24,sucre,7.664104809316477e-06,
2019-03-31,sucre,7.423659226078151e-06,
2019-04-07,sucre,7.682927335735423e-06,
2019-04-14,sucre,8.298340500018046e-06,
2019-04-21,sucre,7.784670691673976e-06,
2019-04-28,sucre,6.9933902325610144e-06,
2019-05-05,sucre,6.651339188703241e-06,
2019-05-12,sucre,6.13220221767801e-06,
2019-05-19,sucre,7.656889714379183e-06,
2019-05-26,sucre,9.560065755096214e-06,
2019-06-02,sucre,1.1350704080709277e-05,
2019-06-09,sucre,1.3783134511804917e-05,
2019-06-16,sucre,1.4193123500688816e-05,
2019-06-23,sucre,1.5491224476821335e-05,
2019-06-30,sucre,1.707953414857317e-05,
2019-07-07,sucre,1.585733010632766e-05,
2019-07-14,sucre,1.7701447684881342e-05,
2019-07-21,sucre,1.607405587025253e-05,
2019-07-28,sucre,1.5979833505828807e-05,
2019-08-04,sucre,1.6067685868075114e-05,
2019-08-11,sucre,1.5187640586858886e-05,
2019-08-18,sucre,1.5230944976250993e-05,
2019-08-25,sucre,1.7238764344852564e-05,
2019-09-01,sucre,1.9712064638003948e-05,
2019-09-08,sucre,1.973880499220435e-05,
2019-09-15,sucre,2.1944984975702927e-05,
2019-09-22,sucre,2.1031391037875165e-05,
2019-09-29,sucre,2.0225969461556572e-05,
2019-10-06,sucre,1.8371240292003865e-05,
2019-10-13,sucre,1.6494811168875158e-05,
2019-10-20,sucre,1.3579874418881795e-05,
2019-10-27,sucre,1.0246151442691898e-05,-41.555516461443176
2019-11-03,sucre,7.337722964722365e-06,-59.40417431719158
2019-11-10,sucre,7.094771387727042e-06,-62.71866646280486
2019-11-17,sucre,7.07229206636044e-06,-56.40083298674554
2019-11-24,sucre,6.295063875539009e-06,-62.836259246560644
2019-12-01,sucre,6.1104390202258415e-06,-68.187816575462
2019-12-08,sucre,5.765712392682669e-06,-75.84154659457721
2019-12-15,sucre,6.247865508453107e-06,-69.52502772118461
2019-12-22,sucre,7.003601911777432e-06,-58.15853300492151
2019-12-29,sucre,6.724675508630458e-06,-79.10926648316021
2020-01-05,sucre,7.4946638031781375e-06,-90.01199208458618
2020-01-12,sucre,8.423073111345996e-06,-79.97109057821189
2020-01-19,sucre,9.733048194496342e-06,-69.86744639215718
2020-01-26,sucre,1.0649058776697804e-05,-59.807178207580414
2020-02-02,sucre,1.0910955067989295e-05,-56.12846464299377
2020-02-09,sucre,1.0943837168953457e-05,-56.54198182311738
2020-02-16,sucre,1.1478792675515502e-05,-51.13327116964044
2020-02-23,sucre,1.2231367922365666e-05,-37.30319357455674
2020-03-01,sucre,1.1262421077102151e-05,-46.114718624735396
2020-03-08,sucre,1.0789654886773972e-05,-42.95894548855319
2020-03-15,sucre,8.443179312381002e-06,-62.903757401977245
2020-03-22,sucre,8.515186185344884e-06,-58.01576655735534
2020-03-29,sucre,8.068119253694969e-06,-53.90973625479738
2020-04-05,sucre,6.777099367447282e-06,-59.270941055599025
2020-04-12,sucre,6.739492602478743e-06,-54.5133032081079
2020-04-19,sucre,6.022092752823376e-06,-62.73564231245654
2020-04-26,sucre,6.508092125292977e-06,-40.061770643433725
2020-05-03,sucre,5.6864582678483035e-06,-44.62163755389401
2020-05-10,sucre,5.838833847284102e-06,-41.0324204131113
2020-05-17,sucre,6.185424593240143e-06,-24.614015888964325
2020-05-24,sucre,6.011048134859473e-06,-34.55599851954503
2020-05-31,sucre,5.3710982435997965e-06,-45.985115114467234
2020-06-07,sucre,5.318636214955299e-06,-57.4393615743503
2020-06-14,sucre,6.2577438414924865e-06,-36.19519361766148
2020-06-21,sucre,7.237998089490776e-06,-6.98207578661183
2020-06-28,sucre,7.984957197137243e-06,4.10117051318295
2020-07-05,sucre,9.707102174676697e-06,23.38571625080821
2020-07-12,sucre,9.385274164414462e-06,12.867067048363268
2020-07-19,sucre,9.791763054519529e-06,22.938502358532098
2020-07-26,sucre,9.83087787202988e-06,35.37370044483907
2020-08-02,sucre,9.926738742400485e-06,40.04137832277195
2020-08-09,sucre,1.0634894728040728e-05,52.579962470006336
2020-08-16,sucre,1.1548434964904767e-05,41.56628693241977
2020-08-23,sucre,1.211716995563711e-05,27.21938743227721
2020-08-30,sucre,1.46480966177003e-05,29.075203986694298
2020-09-06,sucre,1.6382143292826443e-05,19.199052261963168
2020-09-13,sucre,1.7650391286640813e-05,19.021201422684264
2020-09-20,sucre,1.7829017171770026e-05,17.114019826533777
2020-09-27,sucre,1.8785417012485446e-05,16.151329780403145
2020-10-04,sucre,1.8949582611673082e-05,10.559885715948347
2020-10-11,sucre,1.8121679758414577e-05,14.138986999545722
2020-10-18,sucre,1.4772434505219909e-05,-16.350094686650962
2020-10-25,sucre,1.3397436244439006e-05,-18.804153449828398
2020-11-01,sucre,1.2366916918422126e-05,-23.526823222073467
2020-11-08,sucre,8.939728055276222e-06,-58.249995670631805
2020-11-15,sucre,8.40813889892944e-06,-67.09705669295101
2020-11-22,sucre,8.4294824035479e-06,-45.091839756649144
2020-11-29,sucre,7.85736700024046e-06,-66.18776489375958
2020-12-06,sucre,7.680290936478948e-06,-71.4394557686326
2020-12-13,sucre,7.0448832143729685e-06,-89.48590208151418
2020-12-20,sucre,8.244745319254022e-06,-84.61818023805722
2020-12-27,sucre,8.437083045381246e-06,-86.82177571021121
2021-01-03,sucre,7.744136601001051e-06,-91.38186617059549
2021-01-10,sucre,8.29207794943367e-06,-89.54467306754879
2021-01-17,sucre,8.736888158544996e-06,-92.0984558170808
2021-01-24,sucre,8.486640766707053e-06,-93.84292229044355
2021-01-31,sucre,8.346433260220365e-06,-93.00094632493074
2021-02-07,sucre,9.313282111867924e-06,-80.96309677926232
2021-02-14,sucre,8.724790007820326e-06,-85.86007709020613
2021-02-21,sucre,8.540952911810887e-06,-76.59138304495431
2021-02-28,sucre,9.66971814413448e-06,-57.64075375653821
2021-03-07,sucre,9.423846519969735e-06,-50.843432703163316
2021-03-14,sucre,9.263668035007756e-06,-33.50249350638492
2021-03-21,sucre,9.114885770850457e-06,-16.400725230605673
2021-03-28,sucre,8.584302525359028e-06,-1.7664477231685183
2021-04-04,sucre,8.448695091869604e-06,6.301186765610467
2021-04-11,sucre,7.924336705392765e-06,11.572638669548496
2021-04-18,sucre,6.515471631926459e-06,3.441378518433069
2021-04-25,sucre,5.278607907772786e-06,-8.826630897996068
2021-05-02,sucre,6.283778732233562e-06,-10.845306706041669
2021-05-09,sucre,5.946112314883301e-06,-12.304605927192647
2021-05-16,sucre,6.447938675882938e-06,-15.534217991523747
2021-05-23,sucre,7.035555786413355e-06,-23.452313172646733
2021-05-30,sucre,7.515626815738579e-06,-36.714295343902315
2021-06-06,sucre,7.783592178885372e-06,-34.23297072845273
2021-06-13,sucre,8.071153703936277e-06,-41.57073590504403
2021-06-20,sucre,9.416626063026509e-06,-15.455378142904763
2021-06-27,sucre,8.52518716737511e-06,-2.8414284876129514
2021-07-04,sucre,1.0268430334545399e-05,15.926064563040399
2021-07-11,sucre,1.1717697132364151e-05,51.899157926794004
2021-07-18,sucre,1.1187623652159854e-05,54.56208622415026
2021-07-25,sucre,1.1696906286980327e-05,62.34261306374265
2021-08-01,sucre,9.998072428188279e-06,44.20237066503372
2021-08-08,sucre,1.0075898581820391e-05,53.183346621813854
2021-08-15,sucre,1.0026722425083266e-05,48.18923820037604
2021-08-22,sucre,1.3511675324694401e-05,79.1203533113638
2021-08-29,sucre,1.435116991900555e-05,93.44281040894612
2021-09-05,sucre,1.5035819706165349e-05,109.73422807915529
2021-09-12,sucre,1.4924912002478645e-05,92.2375428176533
2021-09-19,sucre,1.3957768322059793e-05,68.7200477861527
2021-09-26,sucre,1.5891554709228564e-05,76.872678850531
2021-10-03,sucre,1.6112404502656814e-05,60.14915837576371
2021-10-10,sucre,1.4889119774516053e-05,45.79938974927682
2021-10-17,sucre,1.3513329247986232e-05,38.79760442023379
2021-10-24,sucre,1.0193674660635772e-05,2.5746786822331558
2021-10-31,sucre,6.838261412752009e-06,-39.762392896975385
2021-11-07,sucre,5.809374759303578e-06,-53.57590488855255
2021-11-14,sucre,5.2721237625830495e-06,-67.56811415884947
2021-11-21,sucre,5.558809829669216e-06,-73.02560154474627
2021-11-28,sucre,5.578203049602267e-06,-72.76832365050439
2021-12-05,sucre,6.4523343974961345e-06,-63.58641445646054
2021-12-12,sucre,7.17285644345038e-06,-61.21464741914391
2021-12-19,sucre,6.968670144762873e-06,-67.57707436770542
2021-12-26,sucre,7.161757777258714e-06,-74.8403726659296
2022-01-02,sucre,7.591991756940604e-06,-76.90979424718947
2022-01-09,sucre,8.22389936177549e-06,-76.37134808486081
2022-01-16,sucre,9.15001936106323e-06,-65.53109075606116
2022-01-23,sucre,9.397842908736707e-06,-66.51241783590116
2022-01-30,sucre,1.0143091736993804e-05,-61.628802128894655
2022-02-06,sucre,1.0031522883549248e-05,-64.24893302567742
2022-02-13,sucre,1.0029524477199816e-05,-63.465223349940736
2022-02-20,sucre,9.811993663585488e-06,-59.83939370765352
2022-02-27,sucre,9.48756383353429e-06,-42.73601916268319
2022-03-06,sucre,8.167826068640725e-06,-49.55204627593908
2022-03-13,sucre,7.80144792689501e-06,-44.13198451814839
2022-03-20,sucre,7.580126910630971e-06,-40.38250605313589
2022-03-27,sucre,6.881431327750977e-06,-22.617685818888944
2022-04-03,sucre,6.732133699257858e-06,-27.086102258743594
2022-04-10,sucre,6.286220036710553e-06,-24.772614430643536
2022-04-17,sucre,5.603333496028307e-06,-31.52957410082884
2022-04-24,sucre,4.931509086686853e-06,-44.37988351116697
2022-05-01,sucre,5.324958985711767e-06,-43.63100452152633
2022-05-08,sucre,6.2166005213527126e-06,-27.42871727605678
2022-05-15,sucre,6.255257494092755e-06,-34.24017048506496
2022-05-22,sucre,8.031034708899312e-06,-3.0435951786492055
2022-05-29,sucre,7.936702989591864e-06,-13.002326633592176
2022-06-05,sucre,8.13929709883552e-06,-17.122648742116553
2022-06-12,sucre,9.574179633934382e-06,0.9235698539070469
2022-06-19,sucre,9.420155499065499e-06,8.087916280217655
2022-06-26,sucre,9.725693269753598e-06,20.783457805606886
2022-07-03,sucre,1.0495649751366018e-05,47.67812622631116
2022-07-10,sucre,1.0270667940422771e-05,60.31095331941909
2022-07-17,sucre,8.663228465168941e-06,29.76434065309963
2022-07-24,sucre,1.0377672030120552e-05,55.49018520195457
2022-07-31,sucre,1.1815753568962633e-05,59.40279061956222
2022-08-07,sucre,1.1849210062369578e-05,48.26446722823423
2022-08-14,sucre,1.4306129869577913e-05,59.338291993898906
2022-08-21,sucre,1.3556374155219372e-05,51.31376772999712
2022-08-28,sucre,1.4720427041657181e-05,51.515801690390894
2022-09-04,sucre,1.614685196548556e-05,53.821855312825306
2022-09-11,sucre,1.7224165432629292e-05,73.8144213112493
2022-09-18,sucre,1.7865471451015345e-05,49.75173653925005
2022-09-25,sucre,1.6277710289444144e-05,37.742468460130496
2022-10-02,sucre,1.4066088351209141e-05,23.695794838288897
2022-10-09,sucre,1.3647708949220555e-05,14.100811709936067
2022-10-16,sucre,1.309737624999233e-05,27.0019606654186
2022-10-23,sucre,1.2138698343916421e-05,18.62522663294186
2022-10-30,sucre,1.2108538632300995e-05,18.86571044138492
2022-11-06,sucre,1.12964274890749e-05,-15.743265234936743
2022-11-13,sucre,9.070096025399068e-06,-47.74510361141058
2022-11-20,sucre,8.67614611668983e-06,-56.91170222134456
2022-11-27,sucre,8.110358280760322e-06,-59.75041386704856
2022-12-04,sucre,8.222635716461711e-06,-59.61409588365587
2022-12-11,sucre,8.612171424278203e-06,-50.26955484128184
2022-12-18,sucre,7.944894611823266e-06,-56.350668705457
2022-12-25,sucre,7.607114710378833e-06,-69.17290125689294
2023-01-01,sucre,7.01927437536938e-06,-88.17678606203731
2023-01-08,sucre,6.880949854323432e-06,-85.08327387001344
2023-01-15,sucre,6.689981052257894e-06,-80.00196878503925
2023-01-22,sucre,6.4275106629795155e-06,-74.74850788867312
2023-01-29,sucre,7.1154511874250724e-06,-53.95143077042359
2023-02-05,sucre,7.416733948881214e-06,-31.80286049567993
2023-02-12,sucre,8.061807244660256e-06,10.030544758553361
2023-02-19,sucre,8.121525496495376e-06,21.54380029042464
2023-02-26,sucre,7.814904394541104e-06,31.44028681020039
2023-03-05,sucre,7.59430927615875e-06,27.95505357680259
2023-03-12,sucre,6.3234877391121524e-06,12.540422298825504
2023-03-19,sucre,6.053226046765489e-06,-6.781867540961706
2023-03-26,sucre,6.249510410789725e-06,-13.780083707750457
2023-04-02,sucre,6.966260456738032e-06,-0.7010183879323506
2023-04-09,sucre,6.854826066592891e-06,-13.966791882184637
2023-04-16,sucre,6.911766766389447e-06,-28.05307076045125
2023-04-23,sucre,7.451094882099368e-06,-32.91331365874601
2023-04-30,sucre,6.941240223681907e-06,-41.40164243673308
2023-05-07,sucre,7.384991240258389e-06,-30.186897759775988
2023-05-14,sucre,7.528428464666443e-06,-22.782548977467698
2023-05-21,sucre,7.892386548020192e-06,-10.411353122989198
2023-05-28,sucre,8.241032458224904e-06,7.82832452706419
2023-06-04,sucre,9.693712337628913e-06,33.38034023480798
2023-06-11,sucre,1.0203732876105176e-05,39.835731940167385
2023-06-18,sucre,9.817571021683179e-06,49.98585116451171
2023-06-25,sucre,1.0865022154881962e-05,76.20412858184338
2023-07-02,sucre,1.1564502538896721e-05,69.620900009304
2023-07-09,sucre,1.2713441570510918e-05,74.33915370438856
2023-07-16,sucre,1.3284161392868659e-05,76.91641299891181
2023-07-23,sucre,1.3267644677919702e-05,50.626191590584924
2023-07-30,sucre,1.2177661981831793e-05,40.97119175231487
2023-08-06,sucre,1.45293570383547e-05,59.91721269985657
2023-08-13,sucre,1.5714043897138815e-05,53.71512342001008
2023-08-20,sucre,1.741782685899972e-05,61.5857178799871
2023-08-27,sucre,1.869343489439949e-05,66.25026137941586
2023-09-03,sucre,1.8077012071894008e-05,55.6893430829323
2023-09-10,sucre,1.7641925149257532e-05,47.95672931574
2023-09-17,sucre,1.536519366577193e-05,49.40187602658099
2023-09-24,sucre,1.597084090125745e-05,52.8942823838392
2023-10-01,sucre,1.5928091778942896e-05,46.24472120732772
2023-10-08,sucre,1.5205015938443903e-05,23.918099425218564
2023-10-15,sucre,1.3421342071984729e-05,4.94593822970959
2023-10-22,sucre,1.314490854281177e-05,-6.353584341360374
2023-10-29,sucre,1.1365535903864064e-05,-20.458598120187688
2023-11-05,sucre,9.42718700534195e-06,-43.366440973652765
2023-11-12,sucre,9.611064495572384e-06,-48.897711228148566
2023-11-19,sucre,8.930642654497063e-06,-67.27555561885393
2023-11-26,sucre,8.039486801027305e-06,-76.80303109222208
2023-12-03,sucre,7.3166945682652445e-06,-89.27112164964583
2023-12-10,sucre,7.199862799453466e-06,-86.69606368861338
2023-12-17,sucre,5.963071931239591e-06,-93.72536903287684
2023-12-24,sucre,6.146200366573896e-06,-77.73284204938378
2023-12-31,sucre,6.5071291255898005e-06,-69.38378349436611
2024-01-07,sucre,5.493225389183887e-06,-82.92722338716754
2024-01-14,sucre,5.524008180367379e-06,-87.89120256496297
2024-01-21,sucre,6.280094822995103e-06,-64.37136139758834
2024-01-28,sucre,6.192222160391815e-06,-60.11925100625479
2024-02-04,sucre,5.059266012951899e-06,-62.847714426018975
2024-02-11,sucre,5.231919718473691e-06,-52.864035742135584
2024-02-18,sucre,5.728421161994515e-06,-41.51374804639971
2024-02-25,sucre,6.288768178623825e-06,-34.75317461749281
2024-03-03,sucre,5.8146096298359e-06,-34.65171523107333
2024-03-10,sucre,5.773083764959164e-06,-37.121334597510014
2024-03-17,sucre,7.119071558683023e-06,-13.564619874436623
2024-03-24,sucre,8.114534034677857e-06,10.24050099733973
2024-03-31,sucre,6.68728670508494e-06,0.28977727775796325
2024-04-07,sucre,6.224808600355506e-06,-5.958293476882481
2024-04-14,sucre,6.3430774902163625e-06,-2.2619142267476633
2024-04-21,sucre,6.068487336809424e-06,-28.172599940897314
2024-04-28,sucre,6.06233281566492e-06,-26.008287012883358
2024-05-05,sucre,7.314285325014324e-06,-9.59535668793734
2024-05-12,sucre,9.64176702609776e-06,34.5117933587348
2024-05-19,sucre,1.0211386249459513e-05,49.46149147069452
2024-05-26,sucre,1.0883404668054405e-05,47.4704996107528
2024-06-02,sucre,1.1972554780571504e-05,55.76639892826769
2024-06-09,sucre,1.2158083685340204e-05,56.47689848091737
2024-06-16,sucre,1.3839511709598742e-05,61.916668283527976
2024-06-23,sucre,1.4631265472706366e-05,73.19557211392134
2024-06-30,sucre,1.304317367955192e-05,55.183278191833196
2024-07-07,sucre,1.5069667144446802e-05,63.09187819040076
2024-07-14,sucre,1.31498863857607e-05,50.46542221616548
2024-07-21,sucre,1.2565869527075607e-05,26.795772082928337
2024-07-28,sucre,1.2962845394957859e-05,24.224148536868384
2024-08-04,sucre,1.0222464541918827e-05,0.5170688267904566
2024-08-11,sucre,1.0819938644479963e-05,-6.846656257556205
2024-08-18,sucre,1.2187487949395345e-05,4.064434028596864
2024-08-25,sucre,1.331530459958895e-05,0.5836552423733821
2024-09-01,sucre,1.4911427271333106e-05,10.33718654567437
2024-09-08,sucre,1.684020208883297e-05,23.844066892037752
2024-09-15,sucre,1.5337514845534836e-05,19.213481602966453
2024-09-22,sucre,1.4171998919518085e-05,2.2970449121597625
2024-09-29,sucre,1.4262798281133191e-05,-11.136128029849601
2024-10-06,sucre,1.3617194819554759e-05,-27.8067728982915
2024-10-13,sucre,1.3952526659071322e-05,-25.199712968083077
2024-10-20,sucre,1.3883983041137654e-05,-25.53265916629268
2024-10-27,sucre,1.4356993506158686e-05,-17.810341260969764
2024-11-03,sucre,1.2934676771644404e-05,-25.889845040831894
2024-11-10,sucre,1.1451440015481089e-05,-26.882100806864706
2024-11-17,sucre,1.0785363626962275e-05,-41.25138978142662
2024-11-24,sucre,9.536937518512978e-06,-51.93014051451552
2024-12-01,sucre,8.375394675935546e-06,-58.83231584410815
2024-12-08,sucre,7.3487561850873795e-06,-74.063486508323
2024-12-15,sucre,6.34836312852659e-06,-74.14292918899915
2024-12-22,sucre,6.478388289332384e-06,-70.57620155176494
2024-12-29,sucre,6.425986830300674e-06,-55.627656679023474
2025-01-05,sucre,6.9101284986670765e-06,-50.90741715657785
2025-01-12,sucre,6.864937607464129e-06,-48.59729256857204
2025-01-19,sucre,6.29419032964648e-06,-40.397071138350604
2025-01-26,sucre,6.3248921843678976e-06,-42.603797880123295
2025-02-02,sucre,8.350014006570028e-06,-9.095389956136124
2025-02-09,sucre,8.988526835319713e-06,4.822759256374987
2025-02-16,sucre,9.743956247951763e-06,22.45809786922006
2025-02-23,sucre,1.0073657575336998e-05,36.43871434079404
2025-03-02,sucre,9.413582696206161e-06,33.21587531306118
2025-03-09,sucre,8.290471439569612e-06,24.30989626140505
2025-03-16,sucre,7.1442007821335405e-06,8.466248970311874
2025-03-23,sucre,5.8247277004494785e-06,-3.5893325929912123
2025-03-30,sucre,5.254342432824679e-06,-18.225445991554423
2025-04-06,sucre,4.164328273502496e-06,-28.968893699962095
2025-04-13,sucre,4.6012618402267126e-06,-21.35800756425521
2025-04-20,sucre,5.055618919588416e-06,-17.20985077399302
2025-04-27,sucre,6.474050464703846e-06,1.9313378089336197
2025-05-04,sucre,6.762700878542427e-06,29.649770053068636
2025-05-11,sucre,7.363168502218853e-06,25.10503892799214
2025-05-18,sucre,8.623235416182112e-06,37.84788602017617
2025-05-25,sucre,9.11477308320483e-06,36.6959658478061
2025-06-01,sucre,9.946504642234712e-06,20.95709412579172
2025-06-08,sucre,9.650275159045292e-06,34.476568831439636
2025-06-15,sucre,8.65062163553665e-06,22.43099623706346
2025-06-22,sucre,7.942481577070686e-06,26.591860266302625
2025-06-29,sucre,7.583105420018538e-06,25.31227356136103
2025-07-06,sucre,9.011712448887623e-06,27.464964452296492
2025-07-13,sucre,1.0739168242675042e-05,18.56230736109321
2025-07-20,sucre,1.1848768860269977e-05,21.260804693338997
2025-07-27,sucre,1.4208795628578334e-05,26.96812112857252
2025-08-03,sucre,1.3712274733320305e-05,20.164813959324768
2025-08-10,sucre,1.3888714647302954e-05,10.51028668125209
2025-08-17,sucre,1.3805897307558572e-05,1.1198748265787373
2025-08-24,sucre,1.369511638910622e-05,0.8263506446345659
2025-08-31,sucre,1.3739933851659101e-05,-3.7515849608283247
2025-09-07,sucre,1.3124882003138507e-05,-1.5106255455869189
2025-09-14,sucre,1.3659103130984503e-05,-9.084563619679287
2025-09-21,sucre,1.4556651997403149e-05,11.03241464785718
2025-09-28,sucre,1.3162394905977008e-05,6.873686426525261
2025-10-05,sucre,1.3777001866484583e-05,2.619196602398155
2025-10-12,sucre,1.367219831168375e-05,5.327723175245325
2025-10-19,sucre,1.3881146747923305e-05,27.78677188008647
2025-10-26,sucre,1.3561009004710691e-05,28.235941449530877
2025-11-09,sucre,1.110267192189714e-05,3.973972414069138
2025-11-16,sucre,1.0657977546990168e-05,-1.6040100559342463
2025-11-23,sucre,1.0341022891296958e-05,-10.815725385169905
2025-11-30,sucre,9.63504004319667e-06,-16.12352706993967
2025-12-07,sucre,8.977095860260988e-06,-28.947857791450282
2025-12-14,sucre,8.266011109816941e-06,-48.20564903353368
2025-12-21,sucre,7.421894952061517e-06,-68.732438607522
2025-12-28,sucre,7.4008663560270645e-06,-75.18188829244875
2026-01-04,sucre,7.596435031742587e-06,-77.92348996364194
2026-01-11,sucre,8.257020922114082e-06,-60.69215197373019
2026-01-18,sucre,8.707911561333523e-06,-56.64562848096413
2026-01-25,sucre,8.703084459178188e-06,-48.759061239722534
2026-02-01,sucre,8.102457239040184e-06,-55.69147276193789
2026-02-08,sucre,8.688669901690173e-06,-48.94770845363752
2026-02-15,sucre,9.210502343059977e-06,-40.94218718797151
2026-02-22,sucre,9.791360044107773e-06,-36.30682038694566
2026-03-01,sucre,9.37632267370975e-06,-45.44085329328649
2026-03-08,sucre,9.034500989031849e-06,-44.86328540572373
2026-03-15,sucre,8.93390162500663e-06,-30.036823145801606
2026-03-22,sucre,7.622601050399796e-06,-39.88949616618118
2026-03-29,sucre,6.9276506838775885e-06,-39.413994098960536
2026-04-05,sucre,7.093535293257489e-06,-20.85395167236772
2026-04-12,sucre,7.107594474441228e-06,-12.018795555201756
2026-04-19,sucre,6.428396651585609e-06,-3.6443504885514955
2026-04-26,sucre,6.051162643490116e-06,-2.2653701723433173
2026-05-03,sucre,6.016097912126199e-06,-12.960712448062317
2026-05-10,sucre,7.125964100236866e-06,12.794819184729356
2026-05-17,sucre,9.131168226692357e-06,29.583406214054442
2026-06-07,sucre,9.744985688718164e-06,14.010238348790338
2026-06-14,sucre,1.1210977902106369e-05,13.908240355250179
2026-06-21,sucre,1.1739975850732961e-05,15.920967023530785
2026-06-28,sucre,1.1495861585866426e-05,19.996530363654408
2026-07-05,sucre,1.089945731715046e-05,17.55235071766368
2026-07-12,sucre,1.1944316438841143e-05,69.31686722608904
2026-07-19,sucre,1.2179244981518414e-05,85.7272574415708
2026-07-26,sucre,1.4181487380875799e-05,110.82967042146628
2026-08-02,sucre,1.4879601202781319e-05,107.94909460703401
2026-08-09,sucre,1.6325348809126565e-05,98.36359114783394
2026-08-16,sucre,1.6137707383370424e-05,91.61376481415537
2026-08-23,sucre,1.635624494192439e-05,89.84792523204686
2018-07-15,oruro,7.356388291323737e-06,
2018-07-22,oruro,6.765093785246091e-06,
2018-07-29,oruro,6.399509479214569e-06,
2018-08-05,oruro,6.170053749860793e-06,
2018-08-12,oruro,7.770574844270356e-06,
2018-08-19,oruro,8.076733669114326e-06,
2018-08-26,oruro,9.679788249019337e-06,
2018-09-02,oruro,1.2073593794985251e-05,
2018-09-09,oruro,1.3194168243901674e-05,
2018-09-16,oruro,1.2940061727927442e-05,
2018-09-23,oruro,1.195524068401566e-05,
2018-09-30,oruro,1.1114521449141108e-05,
2018-10-07,oruro,9.813928700654721e-06,
2018-10-14,oruro,7.744164952372156e-06,
2018-10-21,oruro,6.963854747531646e-06,
2018-10-28,oruro,7.297240221581776e-06,
2018-11-04,oruro,7.762387522530248e-06,
2018-11-11,oruro,7.605640080939691e-06,
2018-11-18,oruro,6.818156608503604e-06,
2018-11-25,oruro,7.879074866006915e-06,
2018-12-02,oruro,8.236193877608418e-06,
2018-12-09,oruro,9.041468671610712e-06,
2018-12-16,oruro,8.849811952912225e-06,
2018-12-23,oruro,8.29855611057137e-06,
2018-12-30,oruro,7.90800172651447e-06,
2019-01-06,oruro,7.448969326866766e-06,
2019-01-13,oruro,7.482620205540174e-06,
2019-01-20,oruro,8.137048281837104e-06,
2019-01-27,oruro,8.10729490460587e-06,
2019-02-03,oruro,7.809550254565936e-06,
2019-02-10,oruro,6.9701711507460306e-06,
2019-02-17,oruro,7.529193546403664e-06,
2019-02-24,oruro,7.554531143661268e-06,
2019-03-03,oruro,7.215916181575687e-06,
2019-03-10,oruro,6.359391448308343e-06,
2019-03-17,oruro,6.4531432179602995e-06,
2019-03-24,oruro,6.846008360138064e-06,
2019-03-31,oruro,6.912340727442854e-06,
2019-04-07,oruro,6.85563163317571e-06,
2019-04-14,oruro,6.8669478954591775e-06,
2019-04-21,oruro,7.51598889156012e-06,
2019-04-28,oruro,7.641060207387444e-06,
2019-05-05,oruro,7.215247227348443e-06,
2019-05-12,oruro,6.715221965340081e-06,
2019-05-19,oruro,7.485139354293768e-06,
2019-05-26,oruro,6.275008878388737e-06,
2019-06-02,oruro,6.1262993326710456e-06,
2019-06-09,oruro,7.364358249398488e-06,
2019-06-16,oruro,7.550871463359701e-06,
2019-06-23,oruro,8.171282596253949e-06,
2019-06-30,oruro,9.257112672179483e-06,
2019-07-07,oruro,9.00625618699104e-06,
2019-07-14,oruro,9.683782372025183e-06,
2019-07-21,oruro,9.593189385579921e-06,
2019-07-28,oruro,9.283562019375562e-06,
2019-08-04,oruro,1.010757274859182e-05,
2019-08-11,oruro,9.813247038904748e-06,
2019-08-18,oruro,1.0570563505315139e-05,
2019-08-25,oruro,1.3830310814120074e-05,
2019-09-01,oruro,1.3641460541665009e-05,
2019-09-08,oruro,1.3786501361368257e-05,
2019-09-15,oruro,1.457543366490919e-05,
2019-09-22,oruro,1.5404614764414322e-05,
2019-09-29,oruro,1.4288269353980207e-05,
2019-10-06,oruro,1.3577622314629704e-05,
2019-10-13,oruro,1.1994739647224005e-05,
2019-10-20,oruro,1.0314899046858492e-05,
2019-10-27,oruro,8.24616889733722e-06,
2019-11-03,oruro,5.130441295770428e-06,
2019-11-10,oruro,4.8963243043298856e-06,
2019-11-17,oruro,4.856274771638325e-06,
2019-11-24,oruro,4.342332012490392e-06,-52.71575571410381
2019-12-01,oruro,4.920429220124966e-06,-31.838035826800848
2019-12-08,oruro,5.034673706952362e-06,-35.523362369518985
2019-12-15,oruro,5.079672036232738e-06,-21.68932381107531
2019-12-22,oruro,5.230900983642417e-06,-22.18350866418657
2019-12-29,oruro,6.300516247318717e-06,-10.0379957004753
2020-01-12,oruro,6.685485485416025e-06,-21.286173159555943
2020-01-19,oruro,7.395712806002732e-06,-8.808706014882972
2020-01-26,oruro,7.171870159928309e-06,-15.56890777839044
2020-02-02,oruro,7.798539908955723e-06,-26.530302587042698
2020-02-09,oruro,7.83153519274155e-06,-31.027491055376366
2020-02-16,oruro,8.376041737805402e-06,-35.92091430420847
2020-02-23,oruro,8.551667186271952e-06,-39.395416320339116
2020-03-01,oruro,8.662128319983052e-06,-40.158470692572834
2020-03-08,oruro,8.451205511691384e-06,-42.493886463299724
2020-03-15,oruro,8.524737514475994e-06,-39.490332722046695
2020-03-22,oruro,8.06026580245115e-06,-45.695499867663436
2020-03-29,oruro,7.237758716627761e-06,-43.56386086019857
2020-04-05,oruro,6.24519368603128e-06,-38.53480848136872
2020-04-12,oruro,4.950793494491555e-06,-43.79236535220308
2020-04-19,oruro,3.952481433562297e-06,-64.10268095895155
2020-04-26,oruro,4.242324943647368e-06,-62.280955848702924
2020-05-03,oruro,3.3388230543156215e-06,-75.31603354307083
2020-05-10,oruro,3.563578161617308e-06,-80.65797998202112
2020-05-17,oruro,3.921630192964264e-06,-85.14182311263951
2020-05-24,oruro,3.541146709862371e-06,-78.94837279086637
2020-05-31,oruro,4.020871514148523e-06,-65.52998317952029
2020-06-07,oruro,3.923139430802902e-06,-70.58731177328443
2020-06-14,oruro,4.2834104583265735e-06,-51.31912494155291
2020-06-21,oruro,5.723521111795644e-06,-29.094372808782687
2020-06-28,oruro,5.79594524762953e-06,-25.936934440456305
2020-07-05,oruro,7.251804610866419e-06,12.253773357253195
2020-07-12,oruro,7.4881257912837565e-06,11.858661110166224
2020-07-19,oruro,8.06607271683926e-06,15.435838629472975
2020-07-26,oruro,7.911810278901251e-06,7.259772672985321
2020-08-02,oruro,9.873660640788054e-06,28.65019234801558
2020-08-09,oruro,1.188750066052464e-05,47.25996181026453
2020-08-16,oruro,1.103132099399065e-05,42.45421324451897
2020-08-23,oruro,1.0450876399878785e-05,43.35375573522331
2020-08-30,oruro,9.624095511750523e-06,29.514806191172127
2020-09-06,oruro,9.640435596325663e-06,42.939139404290394
2020-09-13,oruro,9.797562929560455e-06,45.41906259372315
2020-09-20,oruro,1.2310956281715131e-05,58.83773412046178
2020-09-27,oruro,1.4477381225174257e-05,72.76272656214431
2020-10-04,oruro,1.4327560207993293e-05,69.30179785047184
2020-10-11,oruro,1.4179941896895127e-05,61.58552032850402
2020-10-18,oruro,1.1323830054148787e-05,26.398173888734178
2020-10-25,oruro,1.011199882278171e-05,11.428391136606741
2020-11-01,oruro,8.126415829160257e-06,-14.72227107799533
2020-11-08,oruro,5.4371451588168656e-06,-58.20290088389051
2020-11-15,oruro,5.246013604343662e-06,-60.84353639030606
2020-11-22,oruro,5.218329038531533e-06,-54.921333807179984
2020-11-29,oruro,4.997525753023494e-06,-66.32293351009295
2020-12-06,oruro,4.713933914293423e-06,-76.2762134607243
2020-12-13,oruro,4.9649395606026335e-06,-68.13320872321
2020-12-20,oruro,4.9118643569722424e-06,-67.38505149110061
2020-12-27,oruro,3.979997899574058e-06,-97.67918186712592
2021-01-03,oruro,4.312081426077395e-06,-106.1585208007381
2021-01-10,oruro,4.621933734397944e-06,-102.5552450401019
2021-01-17,oruro,4.349911787636518e-06,-112.73681489654254
2021-01-24,oruro,4.458649867418307e-06,-113.40867581371282
2021-01-31,oruro,5.942652390811032e-06,-84.38329638354034
2021-02-07,oruro,6.221895187513929e-06,-81.08664546003403
2021-02-14,oruro,6.339674759736252e-06,-79.39813913048432
2021-02-21,oruro,7.070647039837771e-06,-77.10354783432453
2021-02-28,oruro,7.778280592975481e-06,-65.77927818869824
2021-03-07,oruro,7.746847091333274e-06,-57.44416162381434
2021-03-14,oruro,6.544211327992964e-06,-73.0860744017491
2021-03-21,oruro,6.613057178331966e-06,-67.03922954732278
2021-03-28,oruro,6.289931163757557e-06,-61.32126103223641
2021-04-04,oruro,7.251936780489636e-06,-47.31383783770777
2021-04-11,oruro,6.525948677923734e-06,-34.1891609048071
2021-04-18,oruro,6.8178074440913945e-06,-6.281695259495912
2021-04-25,oruro,5.941156279539213e-06,10.945840329049616
2021-05-02,oruro,5.892844707476888e-06,24.414094851959867
2021-05-09,oruro,6.0760712361121e-06,18.800958974799364
2021-05-16,oruro,6.435912599328214e-06,23.664694936066688
2021-05-23,oruro,7.258549448478244e-06,12.57859614827499
2021-05-30,oruro,7.3541668227841754e-06,6.573486780836468
2021-06-06,oruro,7.23179713454794e-06,-8.428595116406257
2021-06-13,oruro,7.249641430427351e-06,-14.442344680797525
2021-06-20,oruro,7.230484448713268e-06,-18.06544175309881
2021-06-27,oruro,6.183188030622662e-06,-37.09489287360768
2021-07-04,oruro,6.467163362111468e-06,-6.5343924916808405
2021-07-11,oruro,8.471841768902689e-06,20.956362720571065
2021-07-18,oruro,9.271601267580489e-06,56.00971212123653
2021-07-25,oruro,1.006659972813859e-05,102.47134114293495
2021-08-01,oruro,1.0279846339842963e-05,86.85644942633371
2021-08-08,oruro,9.54279724024311e-06,94.89712903619872
2021-08-15,oruro,9.87051258348167e-06,105.94026588838474
2021-08-22,oruro,1.0871786027572916e-05,105.78740504259176
2021-08-29,oruro,1.1332008119492614e-05,106.38052215529576
2021-09-05,oruro,1.0964626589231913e-05,101.69941871733332
2021-09-12,oruro,1.0077880510998718e-05,92.66512552817846
2021-09-19,oruro,1.10942541216723e-05,97.91474371150545
2021-09-26,oruro,1.1118891940490998e-05,94.6420946302922
2021-10-03,oruro,1.1802443315307964e-05,78.02533270226118
2021-10-10,oruro,1.0783575789727688e-05,62.984575565013046
2021-10-17,oruro,1.0293863288416886e-05,57.88701808564447
2021-10-24,oruro,7.830977911514078e-06,9.383383963860581
2021-10-31,oruro,5.881160242791382e-06,-25.4017985720564
2021-11-07,oruro,5.724555744182617e-06,-35.87243627475569
2021-11-14,oruro,5.59750529195479e-06,-34.603560022329916
2021-11-21,oruro,5.589185417959191e-06,-58.19960913717157
2021-11-28,oruro,5.415022786333009e-06,-62.73545361515662
2021-12-05,oruro,6.6174742485241376e-06,-59.662120598087576
2021-12-12,oruro,7.010095974362264e-06,-55.687978965883644
2021-12-19,oruro,7.260262920706168e-06,-44.143089735523766
2021-12-26,oruro,6.801776424889002e-06,-46.488314997859526
2022-01-02,oruro,6.544565134556027e-06,-50.921349388549686
2022-01-09,oruro,7.691812289445985e-06,-22.411347887237554
2022-01-16,oruro,7.9155533014263e-06,-17.908297905916015
2022-01-23,oruro,7.160120451734274e-06,-32.03207939817876
2022-01-30,oruro,6.630649572552684e-06,-45.02312130094985
2022-02-06,oruro,6.312486067538789e-06,-66.79600330264267
2022-02-13,oruro,6.900788699888153e-06,-73.0724292345597
2022-02-20,oruro,6.579447247209515e-06,-76.86845473361873
2022-02-27,oruro,6.512003442937606e-06,-77.81812661497227
2022-03-06,oruro,5.920429602225977e-06,-61.120761308296956
2022-03-13,oruro,5.418864758318236e-06,-50.453520789683814
2022-03-20,oruro,5.137317570060611e-06,-44.695120097587804
2022-03-27,oruro,4.745936503310567e-06,-36.76775460409463
2022-04-03,oruro,3.800882217007559e-06,-30.767066126507814
2022-04-10,oruro,3.2719342733975503e-06,-47.208714377439875
2022-04-17,oruro,3.979813810268264e-06,-22.344925785535885
2022-04-24,oruro,4.611067346510434e-06,-2.2063426648676554
2022-05-01,oruro,4.024103223537255e-06,-21.009903989102163
2022-05-08,oruro,5.2014900032303645e-06,26.766383207466582
2022-05-15,oruro,5.5457753590206655e-06,4.204803456853234
2022-05-22,oruro,6.693577241744738e-06,5.617876829827573
2022-05-29,oruro,8.364956880578434e-06,21.348895747814645
2022-06-05,oruro,7.719559967361697e-06,1.1499220478496497
2022-06-12,oruro,8.548105508766749e-06,9.84237468106457
2022-06-19,oruro,7.483931400837212e-06,10.472997586568589
2022-06-26,oruro,6.795364074008455e-06,-6.755615890634026
2022-07-03,oruro,8.175901972659062e-06,17.919522616700156
2022-07-10,oruro,8.709373494962235e-06,35.246411834846825
2022-07-17,oruro,8.173396538326183e-06,28.369310438437978
2022-07-24,oruro,9.132781752569104e-06,56.71832547194047
2022-07-31,oruro,1.0009628869284365e-05,38.63083736882693
2022-08-07,oruro,9.207888162644957e-06,31.274073214414422
2022-08-14,oruro,1.0548390072584222e-05,38.8932902735867
2022-08-21,oruro,1.066559958560747e-05,37.74767118162323
2022-08-28,oruro,1.0817486338667485e-05,44.85993764146077
2022-09-04,oruro,1.1578103630251094e-05,45.99688398703794
2022-09-11,oruro,1.2159952433137608e-05,59.95140438988198
2022-09-18,oruro,1.2262284422021715e-05,72.67551978390384
2022-09-25,oruro,1.0930768123244105e-05,29.816940750296972
2022-10-02,oruro,1.0260208328537482e-05,21.460399173740008
2022-10-09,oruro,9.174438081355702e-06,-3.182144327521108
2022-10-16,oruro,8.401698384907576e-06,-18.07891120765852
2022-10-23,oruro,8.152989131436789e-06,-23.18006878246628
2022-10-30,oruro,8.412142496072515e-06,-13.59031700535649
2022-11-06,oruro,7.32101246522363e-06,-28.333918329693475
2022-11-13,oruro,6.945724168963504e-06,-49.29931237236964
2022-11-20,oruro,7.328924806072816e-06,-42.70828071859292
2022-11-27,oruro,6.799096086064354e-06,-50.41587371726877
2022-12-04,oruro,6.1990765662299715e-06,-48.59426337404713
2022-12-11,oruro,6.807601595809989e-06,-38.038715080955754
2022-12-18,oruro,7.2931906659649e-06,-42.17045108632007
2022-12-25,oruro,7.113947369086542e-06,-50.36455818589616
2023-01-01,oruro,7.690528984024892e-06,-35.31292156622765
2023-01-08,oruro,8.010210309545135e-06,-26.63245948451607
2023-01-15,oruro,9.871597474358143e-06,5.186050477458259
2023-01-22,oruro,8.724219647004262e-06,35.60268579225987
2023-01-29,oruro,8.642457889489703e-06,39.395633185935175
2023-02-05,oruro,8.339498645030624e-06,41.43071359720061
2023-02-12,oruro,8.752391643940425e-06,41.180801300037295
2023-02-19,oruro,7.819552834606324e-06,40.98687038599671
2023-02-26,oruro,7.666211811604657e-06,10.870667634822517
2023-03-05,oruro,7.38272200102054e-06,1.6726362281907825
2023-03-12,oruro,7.4619186850152445e-06,4.10570752897641
2023-03-19,oruro,6.02187662317786e-06,-12.798823089903877
2023-03-26,oruro,5.434305362420467e-06,-34.74247198779086
2023-04-02,oruro,5.602968548941441e-06,-34.55330409990793
2023-04-09,oruro,5.663439841304291e-06,-15.767132071667866
2023-04-16,oruro,5.501994821476015e-06,-21.60688509895614
2023-04-23,oruro,7.0045258058839245e-06,1.590695501907824
2023-04-30,oruro,8.277224905467402e-06,30.92883381295035
2023-05-07,oruro,8.498852093322403e-06,36.15220923255009
2023-05-14,oruro,8.840544500071091e-06,50.919748423455324
2023-05-21,oruro,9.457263502604884e-06,75.27070890806584
2023-05-28,oruro,9.056098205158145e-06,68.88161790327257
2023-06-04,oruro,9.746434238163696e-06,114.2553434450388
2023-06-11,oruro,1.114358839894992e-05,106.5301581911493
2023-06-18,oruro,1.1774744731059115e-05,95.77382921181403
2023-06-25,oruro,1.1576949891909e-05,113.99663443164059
2023-07-02,oruro,1.2485135320778744e-05,71.39601917507844
2023-07-09,oruro,1.4296280348648716e-05,84.70871556249513
2023-07-16,oruro,1.418073987708053e-05,56.11731187565869
2023-07-23,oruro,1.3429173786776902e-05,47.619972188263304
2023-07-30,oruro,1.4485677102164167e-05,61.51287753729893
2023-08-06,oruro,1.3179449825913773e-05,46.33286065706681
2023-08-13,oruro,1.2866420621040678e-05,62.658889849407906
2023-08-20,oruro,1.3635126851001253e-05,56.95617264910258
2023-08-27,oruro,1.2509588954705543e-05,37.01177407279417
2023-09-03,oruro,1.1208311350023691e-05,27.991205460695134
2023-09-10,oruro,1.171558657077691e-05,36.003558532417834
2023-09-17,oruro,1.1680003321291789e-05,24.60079309094514
2023-09-24,oruro,1.2808650024668621e-05,24.657320921994774
2023-10-01,oruro,1.2399389561063947e-05,29.758671677971726
2023-10-08,oruro,1.2036758817740229e-05,15.190154751967988
2023-10-15,oruro,1.0872022146432368e-05,5.038935674854805
2023-10-22,oruro,1.005985253035473e-05,-3.8236496630849715
2023-10-29,oruro,7.939497010630695e-06,-29.173080277872288
2023-11-05,oruro,6.441162428722752e-06,-65.55086940198649
2023-11-12,oruro,6.4677330715340095e-06,-63.13222930072939
2023-11-19,oruro,5.208002813811737e-06,-85.63317992811275
2023-11-26,oruro,6.136459262088075e-06,-64.63234331640547
2023-12-03,oruro,7.103941093984348e-06,-38.19296712674731
2023-12-10,oruro,6.659891266921045e-06,-43.21699863312709
2023-12-17,oruro,7.187779971108574e-06,-33.56075725934655
2023-12-24,oruro,6.6872510416151755e-06,-23.010556773896873
2023-12-31,oruro,6.986084295186838e-06,-18.45136614773697
2024-01-07,oruro,7.053226127164374e-06,-20.392463489778834
2024-01-14,oruro,6.286080134915016e-06,-27.10313834976983
2024-01-21,oruro,6.652544044224413e-06,-10.64397945479243
2024-01-28,oruro,6.737556637172827e-06,-11.354010975229656
2024-02-04,oruro,6.416008712478762e-06,-19.897221000775467
2024-02-11,oruro,6.871158988303371e-06,-4.149388416601596
2024-02-18,oruro,6.801263330898269e-06,0.9770615703878605
2024-02-25,oruro,6.686046135830603e-06,2.4318313915475898
2024-03-03,oruro,6.279373684651464e-06,-0.4581589340673986
2024-03-10,oruro,5.531831837930785e-06,-20.994887919249727
2024-03-17,oruro,5.300076046389894e-06,-31.739165443418926
2024-03-24,oruro,4.683005913619626e-06,-36.23747939115045
2024-03-31,oruro,3.498234410321208e-06,-80.45810897873729
2024-04-07,oruro,3.5562408911570896e-06,-93.04531461559407
2024-04-14,oruro,4.3540753334567445e-06,-74.41338927227825
2024-04-21,oruro,5.052529852047613e-06,-54.36388834832613
2024-04-28,oruro,7.118768523059278e-06,-15.826834983893256
2024-05-05,oruro,8.321404836836172e-06,-7.924826375406191
2024-05-12,oruro,9.100537111634658e-06,20.22936856424451
2024-05-19,oruro,8.800580094389178e-06,12.034765494260569
2024-05-26,oruro,7.85994050537367e-06,4.022360388357171
2024-06-02,oruro,8.113698329487964e-06,29.815484291255245
2024-06-09,oruro,8.372512207640121e-06,38.84906793575951
2024-06-16,oruro,9.995016589645415e-06,52.064475641283536
2024-06-23,oruro,1.0441696519405266e-05,65.85233979515017
2024-06-30,oruro,1.1497817430615111e-05,57.5495945113893
2024-07-07,oruro,1.236913439073545e-05,39.08280109064819
2024-07-14,oruro,1.1849630044034334e-05,30.391712211560318
2024-07-21,oruro,1.2370116083837323e-05,29.04235748295978
2024-07-28,oruro,1.11731765749449e-05,17.488050131547972
2024-08-04,oruro,8.990798806922612e-06,-8.069979936677107
2024-08-11,oruro,1.0175951778335763e-05,-9.083703320544068
2024-08-18,oruro,1.143327599968322e-05,-5.094658866384805
2024-08-25,oruro,1.201172199079932e-05,1.1754243264229913
2024-09-01,oruro,1.2740754474720141e-05,3.3935021737644178
2024-09-08,oruro,1.2081449048502762e-05,-1.46723699396194
2024-09-15,oruro,1.1760825084253894e-05,-19.52252877158127
2024-09-22,oruro,1.010847948835644e-05,-33.66300937080435
2024-09-29,oruro,9.932780195104711e-06,-31.320648408396323
2024-10-06,oruro,1.0129308581556289e-05,-29.893372365614113
2024-10-13,oruro,9.610671357736913e-06,-44.458889840972304
2024-10-20,oruro,1.0826667774017983e-05,-18.644908865169185
2024-10-27,oruro,1.0496854693580545e-05,-24.49704392759653
2024-11-03,oruro,1.0307358929048638e-05,-25.243674934245064
2024-11-10,oruro,1.0258446242961617e-05,-18.063924164997225
2024-11-17,oruro,9.11344959765197e-06,-23.52187213414947
2024-11-24,oruro,9.421793836509225e-06,-18.90582726551635
2024-12-01,oruro,8.139708300684404e-06,-34.86818555444735
2024-12-08,oruro,8.521614270724212e-06,-33.61376784240697
2024-12-15,oruro,7.421684960054382e-06,-55.92312022224828
2024-12-22,oruro,8.19512734655519e-06,-47.93004875763209
2024-12-29,oruro,9.117582248060864e-06,-30.744257789217855
2025-01-05,oruro,8.579301811854717e-06,-40.793307752191055
2025-01-12,oruro,8.05026896846636e-06,-40.22045249530635
2025-01-19,oruro,8.18462603326464e-06,-28.833884951715127
2025-01-26,oruro,7.525022524201269e-06,-13.321048777905808
2025-02-02,oruro,7.267336780768266e-06,-11.031318288775793
2025-02-09,oruro,6.862348098305437e-06,-1.7782666426745308
2025-02-16,oruro,6.816538914673821e-06,16.37708528932329
2025-02-23,oruro,6.533767823194408e-06,8.268434396926594
2025-03-02,oruro,6.4693132514320545e-06,9.950683823197082
2025-03-09,oruro,5.928434204758768e-06,8.727592250238025
2025-03-16,oruro,6.044794556317732e-06,-1.135642670350201
2025-03-23,oruro,6.379437779108184e-06,-8.18994164223934
2025-03-30,oruro,6.160165938961448e-06,-6.967528886828411
2025-04-06,oruro,6.318627295255828e-06,-9.337466252555693
2025-04-13,oruro,6.9547069563023526e-06,-5.126272753588346
2025-04-20,oruro,7.156270871369374e-06,2.4488961868195602
2025-04-27,oruro,7.447944208617301e-06,18.670781970799055
2025-05-04,oruro,8.428560787743233e-06,18.841762648648697
2025-05-11,oruro,8.026200154637878e-06,15.193136037902022
2025-05-18,oruro,9.704528757018819e-06,36.43670205359282
2025-05-25,oruro,1.0947908657283577e-05,48.36920048619664
2025-06-01,oruro,1.1950837569211038e-05,77.02823501148472
2025-06-08,oruro,1.1828541341623652e-05,84.49800551817629
2025-06-15,oruro,1.0216603767236157e-05,102.25066221093329
2025-06-22,oruro,9.142560840046582e-06,96.99313911869626
2025-06-29,oruro,7.080743860575612e-06,37.50797955141465
2025-07-06,oruro,8.201748836448941e-06,53.271798064279885
2025-07-13,oruro,1.113560406034888e-05,44.74127978143514
2025-07-20,oruro,1.2289049958188352e-05,36.30809162689559
2025-07-27,oruro,1.3166593096892173e-05,33.62098258354411
2025-08-03,oruro,1.2695256717343306e-05,37.42183721520682
2025-08-10,oruro,1.0777372948860893e-05,28.186025874472875
2025-08-17,oruro,1.2031865573995068e-05,49.68869958804909
2025-08-24,oruro,1.1815320983488332e-05,34.44430939764036
2025-08-31,oruro,1.0429636562193847e-05,3.6963026140522715
2025-09-07,oruro,1.0566931678411561e-05,0.9515179544989039
2025-09-14,oruro,9.92509017648908e-06,-17.011278130134322
2025-09-21,oruro,1.084128402670855e-05,-12.371728355242695
2025-09-28,oruro,1.1770895951188846e-05,-1.5926314293613686
2025-10-05,oruro,1.2429242366181324e-05,1.374749393558794
2025-10-12,oruro,1.1996239659411128e-05,-4.005958564877332
2025-10-19,oruro,1.0280869262682364e-05,-6.306123359712323
2025-10-26,oruro,1.151593753027261e-05,11.18679613820639
2025-11-09,oruro,1.0421668473620881e-05,17.765549828201088
2025-11-16,oruro,1.0401629592290156e-05,12.860102969277243
2025-11-23,oruro,1.044205751989691e-05,4.1391549264471195
2025-11-30,oruro,9.79343409598368e-06,-10.232277688872315
2025-12-07,oruro,9.64247829017867e-06,-20.998237569875222
2025-12-14,oruro,1.1050073493641012e-05,-6.801611423745868
2025-12-21,oruro,1.0224838653853161e-05,-17.664700263547672
2025-12-28,oruro,1.0821382642954035e-05,-16.328181821648435
2026-01-11,oruro,1.0591136217978314e-05,-19.987580601266686
2026-01-18,oruro,1.0328043086918976e-05,-19.006746380307327
2026-01-25,oruro,1.0441720229602461e-05,-11.896475840369014
2026-02-01,oruro,1.06049254784682e-05,4.794393605131297
2026-02-08,oruro,9.149171373679809e-06,-12.186712635930341
2026-02-15,oruro,8.04853005082619e-06,-19.802315106428026
2026-02-22,oruro,7.863927471232685e-06,-14.39649388124895
2026-03-01,oruro,7.63082674872004e-06,-19.525572121273704
2026-03-08,oruro,7.543470179790432e-06,-34.91254107808892
2026-03-15,oruro,7.461423976250661e-06,-36.217670484569275
2026-03-22,oruro,8.32361841560085e-06,-15.855210884032722
2026-03-29,oruro,8.131205012700994e-06,-19.053118705899585
2026-04-05,oruro,7.554025038746922e-06,-30.602085104785637
2026-04-12,oruro,7.5395196503497995e-06,-19.023618058373515
2026-04-19,oruro,7.41292644669036e-06,-22.461790923594904
2026-04-26,oruro,7.818353314903278e-06,-4.028038523387423
2026-05-03,oruro,7.761171291254956e-06,-4.583257641618843
2026-05-10,oruro,7.967469228879696e-06,-2.817284639593254
2026-05-17,oruro,9.06507436860163e-06,1.5688775130300314
2026-06-07,oruro,9.096798216071148e-06,4.183151695674958
2026-06-14,oruro,1.0085358917472033e-05,23.407686430852515
2026-06-21,oruro,1.05021942854211e-05,26.968450625153828
2026-06-28,oruro,1.0627468918453305e-05,41.602056246492225
2026-07-05,oruro,1.1261440650710064e-05,49.53348870869814
2026-07-12,oruro,1.157386456346138e-05,53.71395131503576
2026-07-19,oruro,1.135366565790351e-05,62.338130470174136
2026-07-26,oruro,1.1705860236217673e-05,57.98976159821958
2026-08-02,oruro,1.215302516885917e-05,67.25389786460329
2026-08-09,oruro,1.2217518981314755e-05,73.17957282515941
2026-08-16,oruro,1.0680246544762832e-05,42.908231656946505
2026-08-23,oruro,1.09976379565532e-05,50.23017050239389
2018-07-15,potosi,7.646346727937695e-06,
2018-07-22,potosi,6.563390794450116e-06,
2018-07-29,potosi,4.671565296016805e-06,
2018-08-05,potosi,4.4181522829529966e-06,
2018-08-12,potosi,5.487756194753615e-06,
2018-08-19,potosi,6.798521209126916e-06,
2018-08-26,potosi,7.670774206682458e-06,
2018-09-02,potosi,1.0204511161351445e-05,
2018-09-09,potosi,1.1009000029143389e-05,
2018-09-16,potosi,1.1273934298069055e-05,
2018-09-23,potosi,1.0939698693681684e-05,
2018-09-30,potosi,1.0284827851773342e-05,
2018-10-07,potosi,9.657790849774986e-06,
2018-10-14,potosi,8.800059896422305e-06,
2018-10-21,potosi,8.126604803431649e-06,
2018-10-28,potosi,8.448035813454891e-06,
2018-11-04,potosi,8.118564510971816e-06,
2018-11-11,potosi,6.98590842628846e-06,
2018-11-18,potosi,7.177865419738301e-06,
2018-11-25,potosi,6.837079006164338e-06,
2018-12-02,potosi,6.973372560332833e-06,
2018-12-09,potosi,7.23292629763529e-06,
2018-12-16,potosi,6.36893458274782e-06,
2018-12-23,potosi,6.123186903727178e-06,
2018-12-30,potosi,6.245145599627525e-06,
2019-01-06,potosi,5.928138910862358e-06,
2019-01-13,potosi,5.7879108750950725e-06,
2019-01-20,potosi,5.69727227766197e-06,
2019-01-27,potosi,5.922984296954822e-06,
2019-02-03,potosi,5.971031686615471e-06,
2019-02-10,potosi,6.508189105805868e-06,
2019-02-17,potosi,6.9318365466728996e-06,
2019-02-24,potosi,6.466490655839635e-06,
2019-03-03,potosi,6.811240213730971e-06,
2019-03-10,potosi,6.590895854460976e-06,
2019-03-17,potosi,6.438229260047784e-06,
2019-03-24,potosi,7.106005224007999e-06,
2019-03-31,potosi,6.702198086683344e-06,
2019-04-07,potosi,6.959055461418646e-06,
2019-04-14,potosi,7.0767311798878354e-06,
2019-04-21,potosi,8.137877324260564e-06,
2019-04-28,potosi,8.166372651564472e-06,
2019-05-05,potosi,7.200346742162009e-06,
2019-05-12,potosi,6.527725691646226e-06,
2019-05-19,potosi,6.966541183954989e-06,
2019-05-26,potosi,6.492460484629733e-06,
2019-06-02,potosi,5.383088082582299e-06,
2019-06-09,potosi,7.56434037636849e-06,
2019-06-16,potosi,7.847825469316167e-06,
2019-06-23,potosi,8.200026906432268e-06,
2019-06-30,potosi,8.954250588982752e-06,
2019-07-07,potosi,8.491829149326975e-06,
2019-07-14,potosi,8.53124652442908e-06,
2019-07-21,potosi,8.826395199837965e-06,
2019-07-28,potosi,9.409778536319355e-06,
2019-08-04,potosi,9.653397191041342e-06,
2019-08-11,potosi,1.0402704183320692e-05,
2019-08-18,potosi,1.1627705941664294e-05,
2019-08-25,potosi,1.3795795697123576e-05,
2019-09-01,potosi,1.464000471637944e-05,
2019-09-08,potosi,1.4689062577951135e-05,
2019-09-15,potosi,1.5091053489093456e-05,
2019-09-22,potosi,1.539484564866961e-05,
2019-09-29,potosi,1.3759701124265657e-05,
2019-10-06,potosi,1.4054961590161007e-05,
2019-10-13,potosi,1.393118966369936e-05,
2019-10-20,potosi,1.3632141967695067e-05,
2019-10-27,potosi,1.2283436418797238e-05,
2019-11-03,potosi,9.151471647786725e-06,
2019-11-17,potosi,7.412117122500498e-06,
2019-11-24,potosi,6.2568945411929725e-06,
2019-12-01,potosi,5.556548742525824e-06,
2019-12-08,potosi,5.2368938445072845e-06,
2019-12-15,potosi,4.726721617270464e-06,
2019-12-22,potosi,4.346067256840813e-06,
2019-12-29,potosi,4.3317265654905635e-06,
2020-01-12,potosi,5.061065597085237e-06,
2020-01-19,potosi,6.0955796731538305e-06,
2020-01-26,potosi,7.029749527013299e-06,
2020-02-02,potosi,7.922054548249445e-06,
2020-02-09,potosi,8.082010866555353e-06,
2020-02-16,potosi,8.140829420269338e-06,
2020-02-23,potosi,8.207641046309603e-06,
2020-03-01,potosi,8.242982383709674e-06,
2020-03-08,potosi,7.830256665355839e-06,7.6704381124130805
2020-03-15,potosi,7.388237341417465e-06,23.06644153508568
2020-03-22,potosi,7.410624056280521e-06,49.074401053546524
2020-03-29,potosi,7.702478337543525e-06,33.16273805965171
2020-04-05,potosi,7.061827945092287e-06,28.57027776040173
2020-04-12,potosi,6.211280709027615e-06,-9.033801126615693
2020-04-19,potosi,6.142960531966491e-06,-14.806790006612403
2020-04-26,potosi,6.023034702727345e-06,-39.34409032315962
2020-05-03,potosi,4.635039592631062e-06,-88.22793353449256
2020-05-10,potosi,3.734203113858168e-06,-107.80498437577623
2020-05-17,potosi,3.6102368989542156e-06,-110.947735787434
2020-05-24,potosi,3.043262990757291e-06,-121.64174068573726
2020-05-31,potosi,3.420392932149876e-06,-96.47429100171382
2020-06-07,potosi,2.8125794717887996e-06,-104.41778088363414
2020-06-14,potosi,3.336202419475972e-06,-87.15614172002049
2020-06-21,potosi,4.617592152325537e-06,-45.31155237271918
2020-06-28,potosi,4.2622356150627446e-06,-47.478043499124745
2020-07-05,potosi,5.265840274426357e-06,-11.846959159159098
2020-07-12,potosi,4.504190156789321e-06,-25.689359710289494
2020-07-19,potosi,5.024434219700778e-06,-24.376432423856365
2020-07-26,potosi,5.45013568529693e-06,-16.55600121746783
2020-08-02,potosi,6.137634188379181e-06,-10.4134863565287
2020-08-09,potosi,9.097993411663361e-06,31.793381692668277
2020-08-16,potosi,8.905004434617306e-06,22.567318198025532
2020-08-23,potosi,9.315122891101553e-06,29.159544121406356
2020-08-30,potosi,1.0919102056758921e-05,39.231799559962255
2020-09-06,potosi,1.0798060064927682e-05,32.15305504836454
2020-09-13,potosi,1.1209879162902496e-05,36.74457936619788
2020-09-20,potosi,1.2628440735404207e-05,53.358218562728155
2020-09-27,potosi,1.3506540572780768e-05,69.93709945421394
2020-10-04,potosi,1.331517148266349e-05,69.1056193373038
2020-10-11,potosi,1.2600374104441715e-05,59.260764607742544
2020-10-18,potosi,1.252079593064884e-05,72.14782045930849
2020-10-25,potosi,1.1505310235646215e-05,57.21671101866033
2020-11-01,potosi,9.036328919930983e-06,47.82948864142185
2020-11-08,potosi,8.403826398275434e-06,18.223565006396747
2020-11-15,potosi,7.544361659304346e-06,-4.759490321858095
2020-11-22,potosi,6.963848782883951e-06,-24.298923397899053
2020-11-29,potosi,6.93464810626831e-06,-20.901084881853826
2020-12-13,potosi,6.103851400255293e-06,-33.389448752146755
2020-12-20,potosi,6.136135608622243e-06,-38.83260469154699
2020-12-27,potosi,5.920586702634924e-06,-31.478750768590125
2021-01-03,potosi,6.376526166698139e-06,-28.64809635329557
2021-01-17,potosi,5.665218551991702e-06,-41.912987534140456
2021-01-31,potosi,4.7723275008640814e-06,-54.69429733636577
2021-02-07,potosi,4.793456455132271e-06,-54.65682923069455
2021-02-14,potosi,5.492434904901506e-06,-49.56760979430239
2021-02-21,potosi,5.46969738280781e-06,-46.991980541358025
2021-02-28,potosi,7.263726134515255e-06,-30.658763785538845
2021-03-07,potosi,6.889009263138071e-06,-33.77358600899463
2021-03-14,potosi,6.947867692622926e-06,-41.90982628200146
2021-03-21,potosi,7.185302392473859e-06,-33.361166011069265
2021-03-28,potosi,7.952204843538193e-06,-26.861656095081443
2021-04-04,potosi,8.12928956516615e-06,-26.131689612572373
2021-04-11,potosi,6.9712580124492555e-06,-59.24878447092379
2021-04-18,potosi,6.623063504728091e-06,-73.49269373560094
2021-04-25,potosi,6.361079515155627e-06,-85.18308831033181
2021-05-02,potosi,6.25408313410807e-06,-88.08675321696775
2021-05-09,potosi,4.687509875245611e-06,-118.54137867204938
2021-05-16,potosi,5.207053948762311e-06,-97.17298767072506
2021-05-23,potosi,4.604161658481304e-06,-110.44603790564977
2021-05-30,potosi,4.49316527763166e-06,-96.51232746320684
2021-06-06,potosi,5.147372823057253e-06,-50.44819861007781
2021-06-13,potosi,5.88892109235208e-06,-1.0787635707526277
2021-06-20,potosi,6.017915377376794e-06,14.081253932563875
2021-06-27,potosi,4.783918952160714e-06,-5.631697837041827
2021-07-04,potosi,6.05779090960526e-06,-7.549439094120913
2021-07-11,potosi,7.3399344992484895e-06,-6.816958398484374
2021-07-18,potosi,6.513769264470831e-06,-12.852157052254753
2021-07-25,potosi,7.114973773405226e-06,-12.445619636699412
2021-08-01,potosi,7.249047120967738e-06,2.6646497926247292
2021-08-08,potosi,7.217838639505103e-06,-12.416459591167772
2021-08-15,potosi,7.256984018252577e-06,7.3453905943035025
2021-08-22,potosi,9.981873163527101e-06,42.27740750920734
2021-08-29,potosi,1.0675399404865154e-05,59.868289535944186
2021-09-05,potosi,1.2348027429875848e-05,118.90928263802358
2021-09-12,potosi,1.2387445817550333e-05,124.54529762718423
2021-09-19,potosi,1.1358751858716782e-05,119.25550870960979
2021-09-26,potosi,1.2810911718113206e-05,143.73669937398947
2021-10-03,potosi,1.1548958033020327e-05,113.1873437335953
2021-10-10,potosi,9.792879670748137e-06,106.10095481185589
2021-10-17,potosi,7.953197590912372e-06,113.78529043700408
2021-10-24,potosi,7.457157576749599e-06,68.8327182055577
2021-10-31,potosi,6.939867022647349e-06,63.97752395445071
2021-11-07,potosi,5.309953154995433e-06,5.2301039637534075
2021-11-14,potosi,4.174529742463563e-06,-9.571947758316846
2021-11-21,potosi,3.4333306414758215e-06,-35.60709770252615
2021-11-28,potosi,3.3139363706784032e-06,-46.31040104714632
2021-12-05,potosi,3.884701808935869e-06,-24.606824071634392
2021-12-12,potosi,4.296477868045126e-06,-16.57680503030292
2021-12-19,potosi,4.366453812384794e-06,0.005368418513285178
2021-12-26,potosi,4.858166100305045e-06,7.695982563838477
2022-01-02,potosi,4.265637591336647e-06,-22.373377718095888
2022-01-09,potosi,4.521010020740663e-06,-14.7047860467314
2022-01-16,potosi,4.270809009238385e-06,-23.034511954709203
2022-01-23,potosi,4.738253959839717e-06,-12.80804866773213
2022-01-30,potosi,5.271284649185023e-06,-6.425986040016163
2022-02-06,potosi,5.506598339903627e-06,1.0306566589925126
2022-02-13,potosi,5.334740974165571e-06,-15.755760871776658
2022-02-20,potosi,5.726737011707606e-06,-13.473977912090795
2022-02-27,potosi,5.493950971525784e-06,-44.08000556025424
2022-03-06,potosi,4.838536026652827e-06,-64.2668695641328
2022-03-13,potosi,5.4484944301134236e-06,-46.21775136865747
2022-03-20,potosi,5.632368957681316e-06,-46.87006943494936
2022-03-27,potosi,4.269221632488577e-06,-90.26933474316633
2022-04-03,potosi,5.001232966888798e-06,-77.6469003177219
2022-04-10,potosi,4.849007211791337e-06,-81.53142119448873
2022-04-17,potosi,4.94663965015589e-06,-85.53068229653692
2022-04-24,potosi,4.696109430129442e-06,-99.47505233870046
2022-05-01,potosi,6.616406958104063e-06,-71.38338229311626
2022-05-08,potosi,6.612423931145829e-06,-63.84406430650458
2022-05-15,potosi,6.476431685150556e-06,-41.995540260183084
2022-05-22,potosi,7.198730292308337e-06,-21.185744322684563
2022-05-29,potosi,5.945400963777171e-06,-23.818251075925545
2022-06-05,potosi,5.369848021220351e-06,-28.253149639987996
2022-06-12,potosi,6.787271150234189e-06,4.785898614775519
2022-06-19,potosi,7.098667821912991e-06,18.147158656580586
2022-06-26,potosi,6.4974431171868e-06,22.36697237245302
2022-07-03,potosi,8.930627425278915e-06,46.008407603639334
2022-07-10,potosi,8.017010185185335e-06,19.502651430470053
2022-07-17,potosi,7.070075430630518e-06,2.816141745539902
2022-07-24,potosi,8.128278621841037e-06,2.2831583691226953
2022-07-31,potosi,9.119131885138893e-06,10.131203565986802
2022-08-07,potosi,9.414798476888206e-06,36.58174963878569
2022-08-14,potosi,1.035555899669199e-05,48.732537861783065
2022-08-21,potosi,1.0124219933701591e-05,63.09537243938852
2022-08-28,potosi,9.855333976745051e-06,55.67628598623173
2022-09-04,potosi,1.0629840298154378e-05,74.74714467388867
2022-09-11,potosi,1.1124021342003245e-05,83.2272334793231
2022-09-18,potosi,1.2706307549817053e-05,90.36120745678211
2022-09-25,potosi,1.081936807691787e-05,70.42710862002295
2022-10-02,potosi,1.0248993297533218e-05,63.180070431185875
2022-10-09,potosi,8.796611492595832e-06,44.823241480509424
2022-10-16,potosi,8.610138955464377e-06,70.65600753096444
2022-10-23,potosi,7.0956436637564275e-06,4.356547949313239
2022-10-30,potosi,8.086793877092955e-06,18.019090879537814
2022-11-06,potosi,8.263993531328235e-06,20.117636183545073
2022-11-13,potosi,7.440593680568612e-06,-0.21601485262561226
2022-11-20,potosi,7.721448592119664e-06,19.200796319701396
2022-11-27,potosi,7.623234101730703e-06,5.4645151776885115
2022-12-04,potosi,7.195401592475781e-06,-1.2124481153891864
2022-12-11,potosi,6.945177383651191e-06,5.382387496178076
2022-12-18,potosi,7.67698697552466e-06,-0.27793165376603923
2022-12-25,potosi,6.914046919111771e-06,-22.596959256053495
2023-01-01,potosi,6.379345666313835e-06,-44.823767867497644
2023-01-08,potosi,6.458011213517443e-06,-42.43717462638106
2023-01-15,potosi,7.050749066353803e-06,-41.480811166379894
2023-01-22,potosi,6.6793540685030255e-06,-62.6654303378082
2023-01-29,potosi,5.7765328347217195e-06,-75.96926809252994
2023-02-05,potosi,4.915113086987817e-06,-95.78880872074862
2023-02-12,potosi,4.7350853786909365e-06,-90.93652062034909
2023-02-19,potosi,5.776258827009076e-06,-67.62323243080263
2023-02-26,potosi,4.9389459971936285e-06,-98.68909061748727
2023-03-05,potosi,5.718074525480544e-06,-70.29630920044845
2023-03-12,potosi,5.487889243340275e-06,-57.91118487786164
2023-03-19,potosi,6.830152452419412e-06,-22.73427308671625
2023-03-26,potosi,6.502686417758792e-06,-25.116931490572192
2023-04-02,potosi,6.639815238238354e-06,-1.5774178141660045
2023-04-09,potosi,6.920058248458498e-06,6.602034068776419
2023-04-16,potosi,6.320836344432679e-06,41.48498169602082
2023-04-23,potosi,6.851170961019281e-06,67.28503467992759
2023-04-30,potosi,7.285111338077291e-06,54.8384878551639
2023-05-07,potosi,7.788284291804283e-06,49.83335692032327
2023-05-14,potosi,7.040920017660309e-06,48.75425348158604
2023-05-21,potosi,7.327995472568281e-06,31.746167814163684
2023-05-28,potosi,6.545123396744943e-06,11.79954288203735
2023-06-04,potosi,6.476154433801598e-06,24.777185781220723
2023-06-11,potosi,8.044093828632118e-06,37.038763910721784
2023-06-18,potosi,8.044279786456703e-06,61.20108348849005
2023-06-25,potosi,9.167108977967752e-06,62.282060564856856
2023-07-02,potosi,1.0395996591107867e-05,74.2712301377555
2023-07-09,potosi,1.0115594111994422e-05,65.25228291464593
2023-07-16,potosi,1.0247902032561676e-05,44.97015765940944
2023-07-23,potosi,1.0796591504356691e-05,43.41639222400975
2023-07-30,potosi,1.001721049668094e-05,45.45057358316864
2023-08-06,potosi,9.123818458897258e-06,31.381202997724778
2023-08-13,potosi,9.749125738485175e-06,39.190852392552245
2023-08-20,potosi,8.687460556054521e-06,44.84264507764486
2023-08-27,potosi,9.494367689281094e-06,28.894562987472128
2023-09-03,potosi,1.0692472193303904e-05,46.11885504554909
2023-09-10,potosi,1.0664404137341156e-05,45.01798339509495
2023-09-17,potosi,1.0623883825365289e-05,24.016219720418874
2023-09-24,potosi,1.0485365605668756e-05,31.226165478840073
2023-10-01,potosi,1.1517927034146337e-05,43.883650455678236
2023-10-08,potosi,1.0769147365204083e-05,28.523442761144402
2023-10-15,potosi,1.006676968359527e-05,8.886246796944164
2023-10-22,potosi,1.0795064933714405e-05,18.864659629141123
2023-10-29,potosi,9.144228534294188e-06,-2.914499269356874
2023-11-05,potosi,7.430588966271166e-06,-35.067689718185946
2023-11-12,potosi,7.249706882229917e-06,-36.76561337873263
2023-11-19,potosi,4.9115555054443115e-06,-72.33398712519713
2023-11-26,potosi,4.457245233919022e-06,-81.75180436417531
2023-12-03,potosi,4.080609339386031e-06,-83.67415106683005
2023-12-10,potosi,3.8198688553836355e-06,-93.12836194615298
2023-12-17,potosi,3.1866006253617213e-06,-120.51256429359202
2023-12-24,potosi,3.54547305353879e-06,-107.21960980467173
2023-12-31,potosi,3.5104764262160306e-06,-109.22085986780203
2024-01-07,potosi,3.3180994097898835e-06,-116.36704597694117
2024-01-14,potosi,3.6300786263678223e-06,-110.33725161233114
2024-01-21,potosi,5.2782700161614856e-06,-81.78707025967267
2024-01-28,potosi,5.744802963658638e-06,-77.84220629737976
2024-02-04,potosi,6.913976202671298e-06,-58.21537329202773
2024-02-11,potosi,7.289200266805064e-06,-47.28667147019898
2024-02-18,potosi,7.369789948217994e-06,-46.381613189967474
2024-02-25,potosi,7.877762630434207e-06,-27.345468369469117
2024-03-03,potosi,8.107364342504289e-06,-23.127139560443055
2024-03-10,potosi,8.039599264625192e-06,-21.82289427772126
2024-03-17,potosi,8.024796571222627e-06,-16.13119267014813
2024-03-24,potosi,6.978054680165239e-06,-23.159641085712224
2024-03-31,potosi,7.148675333637195e-06,-0.052010210766617604
2024-04-07,potosi,6.714771736115893e-06,-3.1246501750455735
2024-04-14,potosi,6.923008567597866e-06,-10.721760725973617
2024-04-21,potosi,6.77688916126384e-06,-17.107524034824984
2024-04-28,potosi,8.324733996079227e-06,11.932778048367965
2024-05-05,potosi,8.030788235026811e-06,18.972999796303114
2024-05-12,potosi,8.24582694246487e-06,7.850654476213492
2024-05-19,potosi,6.208061499032547e-06,-12.51151358933491
2024-05-26,potosi,5.104388519928588e-06,-27.526795159749895
2024-06-02,potosi,5.870426627244311e-06,-20.39044454386527
2024-06-09,potosi,5.8027929471377204e-06,-15.785475826598194
2024-06-16,potosi,8.200723157403437e-06,52.43082173884002
2024-06-23,potosi,8.672631443601363e-06,40.64160447580765
2024-06-30,potosi,7.741545974647771e-06,39.5853364753604
2024-07-07,potosi,9.914757936871931e-06,43.30698057958049
2024-07-14,potosi,9.25801089819174e-06,35.327383321465256
2024-07-21,potosi,1.041942845725753e-05,40.92479972683236
2024-07-28,potosi,9.998614862164731e-06,43.47960680231573
2024-08-04,potosi,9.27910134131143e-06,30.417219538323614
2024-08-11,potosi,9.585942868819393e-06,24.69281497424305
2024-08-18,potosi,9.163713876090103e-06,16.26309508327779
2024-08-25,potosi,1.0332996461136815e-05,34.63263830243637
2024-09-01,potosi,9.7393260037375e-06,28.84358119018806
2024-09-08,potosi,1.035971065013291e-05,45.411486186089434
2024-09-15,potosi,1.0536025539934697e-05,43.1378808576131
2024-09-22,potosi,1.1843056922775724e-05,50.129597644207635
2024-09-29,potosi,1.1164904885252342e-05,35.5822693058375
2024-10-06,potosi,1.1116030042562137e-05,32.34269612064544
2024-10-13,potosi,1.0982089925853818e-05,21.886072210013197
2024-10-20,potosi,1.1065896334207994e-05,14.272907740780028
2024-10-27,potosi,1.03046264900104e-05,0.5699024195129354
2024-11-03,potosi,9.458048080106589e-06,-7.7988915562928085
2024-11-10,potosi,8.528152396146765e-06,-17.070546727720703
2024-11-17,potosi,7.42272006429609e-06,-30.1099506923304
2024-11-24,potosi,6.902890779470992e-06,-39.513272747137584
2024-12-01,potosi,6.631208047256793e-06,-45.22829524351124
2024-12-08,potosi,5.886203824977259e-06,-58.40025632592578
2024-12-15,potosi,4.821526113215488e-06,-80.3207021685621
2024-12-22,potosi,4.689418257556668e-06,-83.39219470048711
2024-12-29,potosi,4.2854684396026185e-06,-85.2240100781346
2025-01-05,potosi,5.02800672659015e-06,-68.91968173041025
2025-01-12,potosi,5.263106791855356e-06,-59.34287895643813
2025-01-19,potosi,5.955688408487761e-06,-44.22355407903975
2025-01-26,potosi,6.550980734602351e-06,-33.80834485482698
2025-02-02,potosi,6.751056826193141e-06,-36.74785536691232
2025-02-09,potosi,7.175779375455155e-06,-30.29955873968575
2025-02-16,potosi,7.616634406833898e-06,-26.987988068556845
2025-02-23,potosi,8.042426247997868e-06,-2.6436254761289746
2025-03-02,potosi,7.588439496199762e-06,-13.237116095012702
2025-03-16,potosi,7.627060536711653e-06,-16.67278159497183
2025-03-23,potosi,7.349112418951443e-06,-41.22496199177004
2025-03-30,potosi,7.1093478505324665e-06,-39.51553075423995
2025-04-06,potosi,7.520282497662556e-06,-34.930777607370445
2025-04-13,potosi,7.371750142634069e-06,-38.14760677316649
2025-04-20,potosi,7.350917793953463e-06,-35.515535779210516
2025-04-27,potosi,6.695330881998488e-06,-45.413831166883334
2025-05-04,potosi,6.638517154865133e-06,-52.78077437338471
2025-05-11,potosi,6.487253275039115e-06,-54.602857671770444
2025-05-18,potosi,7.729188250237415e-06,-37.09630997782902
2025-05-25,potosi,8.734618534828148e-06,-0.036158599925784074
2025-06-01,potosi,9.685843233406089e-06,46.46140209624754
2025-06-08,potosi,9.557361273406253e-06,78.77987025152251
2025-06-15,potosi,8.13530711782052e-06,91.0048705822053
2025-06-22,potosi,7.257606062982192e-06,71.07420480948736
2025-06-29,potosi,5.092919626033592e-06,3.1795595605412785
2025-07-06,potosi,6.572590311002708e-06,-5.06368813230349
2025-07-13,potosi,9.123928062196271e-06,10.079794154909472
2025-07-20,potosi,9.182177551744465e-06,13.472806326144848
2025-07-27,potosi,1.0856598439176378e-05,46.815845054889316
2025-08-03,potosi,9.259002846137507e-06,38.39137302831883
2025-08-10,potosi,7.01197478258067e-06,10.813840344744463
2025-08-17,potosi,7.145002361318438e-06,-2.3245563730140972
2025-08-24,potosi,6.421209639362773e-06,-22.64498518977387
2025-08-31,potosi,7.66074420199223e-06,-7.859216231675781
2025-09-07,potosi,8.053338792801926e-06,8.719709998409364
2025-09-14,potosi,9.241320274387216e-06,38.4961845520273
2025-09-21,potosi,1.0293281377256482e-05,63.258401693456356
2025-09-28,potosi,1.0998849263919706e-05,69.76428699109576
2025-10-05,potosi,1.1564933221110125e-05,68.5746411646436
2025-10-12,potosi,1.0368665575871176e-05,52.95806802055001
2025-10-19,potosi,9.725739025945277e-06,18.60485185033447
2025-10-26,potosi,8.73924948285216e-06,5.5001967368671245
2025-11-09,potosi,7.206462540445146e-06,-10.353524598780695
2025-11-16,potosi,7.59069635113125e-06,-11.704927389994602
2025-11-23,potosi,6.994152950926098e-06,-14.43678117891789
2025-11-30,potosi,6.093775045777234e-06,-23.93336401513384
2025-12-07,potosi,5.68615426728106e-06,-44.09135051335511
2025-12-14,potosi,7.099026181395369e-06,-31.579368842200317
2025-12-21,potosi,7.032536655573961e-06,-23.402485160308473
2025-12-28,potosi,7.484291906143912e-06,-21.268280809420226
2026-01-04,potosi,7.357152550806065e-06,-25.978763693619555
2026-01-11,potosi,7.236538466798612e-06,-32.40332132856345
2026-01-18,potosi,6.9419109875438355e-06,-37.335579642866
2026-01-25,potosi,7.459573652032401e-06,-33.41739228893861
2026-02-08,potosi,8.454301739600585e-06,-16.777117617606052
2026-02-15,potosi,7.0485404983957114e-06,-23.969744589736308
2026-02-22,potosi,8.41850438221517e-06,-12.380344559974965
2026-03-01,potosi,8.131942956233491e-06,-17.821952944789743
2026-03-08,potosi,7.81451312632351e-06,-20.43150788254806
2026-03-15,potosi,7.079945097265964e-06,-28.610404794749655
2026-03-22,potosi,7.964419743629867e-06,-19.153007833297586
2026-03-29,potosi,7.469393400851678e-06,-32.1654439555946
2026-04-05,potosi,7.928120009813059e-06,-23.38290196015045
2026-04-12,potosi,8.02809936494024e-06,-17.87372684848041
2026-04-19,potosi,6.850932049575583e-06,-40.49158667817441
2026-04-26,potosi,6.661786525272323e-06,-45.05156576644769
2026-05-03,potosi,6.975839883941097e-06,-47.43232369675763
2026-05-10,potosi,6.724864355999478e-06,-60.191136061081174
2026-05-17,potosi,6.288431545428146e-06,-54.359986664160864
2026-06-07,potosi,7.27096625423948e-06,-46.39068580618009
2026-06-14,potosi,8.508466251504958e-06,-20.48803763923157
2026-06-21,potosi,9.012357548044372e-06,-18.880142671706324
2026-06-28,potosi,9.380183319123368e-06,9.52265690876466
2026-07-05,potosi,9.6471059211032e-06,28.211258566729924
2026-07-12,potosi,1.0724492299740874e-05,48.07431288350834
2026-07-19,potosi,1.0808671718884084e-05,83.50402130182442
2026-07-26,potosi,1.1245858192311775e-05,80.49762716259377
2026-08-02,potosi,1.146554270970343e-05,65.92586959292852
2026-08-09,potosi,1.1948651895551837e-05,54.46201866555587
2026-08-16,potosi,1.1125447402079571e-05,32.893429534682284
2026-08-23,potosi,1.14693055565234e-05,35.494357517153574
2018-07-15,tarija,1.4458579002309998e-05,
2018-07-22,tarija,1.4036623544301082e-05,
2018-07-29,tarija,1.3990261849628961e-05,
2018-08-05,tarija,1.3109839819849459e-05,
2018-08-12,tarija,1.4247720375122995e-05,
2018-08-19,tarija,1.543982747101787e-05,
2018-08-26,tarija,1.5156245643126064e-05,
2018-09-02,tarija,1.656270299862474e-05,
2018-09-09,tarija,1.637318211100281e-05,
2018-09-16,tarija,1.5765830670953435e-05,
2018-09-23,tarija,1.6129237814107044e-05,
2018-09-30,tarija,1.601087288107175e-05,
2018-10-07,tarija,1.6845955116629814e-05,
2018-10-14,tarija,1.80240686687126e-05,
2018-10-21,tarija,1.737829604159559e-05,
2018-11-04,tarija,1.7852826828828882e-05,
2018-11-11,tarija,1.7051849723501407e-05,
2018-11-18,tarija,1.673897436389115e-05,
2018-11-25,tarija,1.6196331071571053e-05,
2018-12-02,tarija,1.5263686886214803e-05,
2018-12-09,tarija,1.2758873867587557e-05,
2018-12-16,tarija,1.1386903824527495e-05,
2018-12-23,tarija,9.926280140403147e-06,
2018-12-30,tarija,8.772650721985778e-06,
2019-01-06,tarija,8.247530414917101e-06,
2019-01-13,tarija,8.414017845260686e-06,
2019-01-20,tarija,8.820430077962037e-06,
2019-01-27,tarija,9.912658857402946e-06,
2019-02-03,tarija,1.0241943057388144e-05,
2019-02-10,tarija,9.908899328671602e-06,
2019-02-17,tarija,9.772370591182705e-06,
2019-02-24,tarija,9.694655020950753e-06,
2019-03-03,tarija,9.461679799181648e-06,
2019-03-10,tarija,9.3163489952629e-06,
2019-03-17,tarija,9.309101677790294e-06,
2019-03-24,tarija,8.757445259637088e-06,
2019-03-31,tarija,8.533560465162129e-06,
2019-04-07,tarija,9.528366948034308e-06,
2019-04-14,tarija,9.538246118465305e-06,
2019-04-21,tarija,9.883943138829355e-06,
2019-04-28,tarija,9.421768954827523e-06,
2019-05-05,tarija,1.0481664282679067e-05,
2019-05-12,tarija,1.1063911283691057e-05,
2019-05-19,tarija,1.0931119247628766e-05,
2019-05-26,tarija,1.159780136022413e-05,
2019-06-02,tarija,1.2027792459574695e-05,
2019-06-09,tarija,1.3247339616972057e-05,
2019-06-16,tarija,1.4029891347622364e-05,
2019-06-23,tarija,1.41060840584709e-05,
2019-06-30,tarija,1.3839607696438808e-05,
2019-07-07,tarija,1.3576732928849627e-05,
2019-07-14,tarija,1.5214899476079169e-05,
2019-07-21,tarija,1.54363719872925e-05,
2019-07-28,tarija,1.6343478972933946e-05,
2019-08-04,tarija,1.6826123703414836e-05,
2019-08-11,tarija,1.782524592147772e-05,
2019-08-18,tarija,1.8098520504102983e-05,
2019-08-25,tarija,1.8218487814317692e-05,
2019-09-01,tarija,1.8803414443934452e-05,
2019-09-08,tarija,1.8290239499694747e-05,
2019-09-15,tarija,1.7453558563353397e-05,
2019-09-22,tarija,1.7860267849653774e-05,
2019-09-29,tarija,1.7447036626447796e-05,
2019-10-06,tarija,1.7010090653805377e-05,
2019-10-13,tarija,1.5864034579203913e-05,
2019-10-20,tarija,1.557949708235649e-05,
2019-10-27,tarija,1.2546423429678002e-05,
2019-11-03,tarija,1.0030315314123174e-05,
2019-11-10,tarija,9.251721020634011e-06,
2019-11-17,tarija,9.417664615313601e-06,-42.09385697541155
2019-11-24,tarija,8.658043022115088e-06,-49.74535264191697
2019-12-01,tarija,8.843754857046433e-06,-46.108620681353685
2019-12-08,tarija,8.82903245279319e-06,-47.34186648851981
2019-12-15,tarija,8.792721609506093e-06,-46.44372159885801
2019-12-22,tarija,8.637128464939106e-06,-48.49795806383952
2019-12-29,tarija,8.253694036841865e-06,-46.27022173628834
2020-01-05,tarija,7.969537155872607e-06,-48.607488463926884
2020-01-12,tarija,7.83408843792451e-06,-62.58270561902197
2020-01-19,tarija,9.052523358349099e-06,-46.85077805917697
2020-01-26,tarija,9.26077630375505e-06,-51.339374725047016
2020-02-02,tarija,9.520632299334543e-06,-45.715158847221815
2020-02-09,tarija,1.039336285356593e-05,-49.814098405681584
2020-02-16,tarija,1.0987721727459707e-05,-41.119532202239384
2020-02-23,tarija,1.1712984013750354e-05,-38.09449775051075
2020-03-01,tarija,1.1873362705701463e-05,-34.62944446768539
2020-03-08,tarija,1.103725351586798e-05,-36.36433836209321
2020-03-15,tarija,1.0190215178465043e-05,-40.89867634325692
2020-03-22,tarija,1.0430278429309277e-05,-38.13129676335283
2020-03-29,tarija,1.0455988418304338e-05,-51.50620860611568
2020-04-05,tarija,1.0198358273751445e-05,-46.37150508895438
2020-04-12,tarija,9.463235949443276e-06,-61.86599438045839
2020-04-19,tarija,8.631870332781799e-06,-72.16369902437182
2020-04-26,tarija,8.047511627776813e-06,-73.81886161323443
2020-05-03,tarija,8.320244775623658e-06,-71.83625244890095
2020-05-10,tarija,7.604854399230488e-06,-69.66898211482011
2020-05-17,tarija,7.109135309358327e-06,-56.38778262745614
2020-05-24,tarija,6.423996084131732e-06,-32.872699897174584
2020-05-31,tarija,6.656432476601634e-06,-23.292351155371982
2020-06-07,tarija,6.6352146263731205e-06,-34.036911556567695
2020-06-14,tarija,6.934488618776608e-06,-39.35229660286339
2020-06-21,tarija,7.693053801547363e-06,-23.924125843279143
2020-06-28,tarija,7.578042301194076e-06,-25.099057972766836
2020-07-05,tarija,7.496743366107798e-06,-21.65238882101459
2020-07-12,tarija,7.4230055209804225e-06,-16.357941588048774
2020-07-19,tarija,7.919664119645856e-06,-18.492454811805104
2020-07-26,tarija,8.877128965268794e-06,-5.815102931216742
2020-08-02,tarija,1.0302779521738858e-05,9.889726279214628
2020-08-09,tarija,1.2257461305660656e-05,17.74499556851694
2020-08-16,tarija,1.3334207865750913e-05,16.957638542352882
2020-08-23,tarija,1.3329621231425345e-05,19.943010729943822
2020-08-30,tarija,1.6391207323221663e-05,38.64927636777917
2020-09-06,tarija,1.615251738387787e-05,24.66598013970156
2020-09-13,tarija,1.5561416021159066e-05,23.91955253567808
2020-09-20,tarija,1.6421671946512948e-05,23.106270540180418
2020-09-27,tarija,1.7549465524789487e-05,22.38333452250103
2020-10-04,tarija,1.6553505379114665e-05,15.762690255963996
2020-10-11,tarija,1.6976856160371604e-05,19.609889541486503
2020-10-18,tarija,1.657599545567126e-05,18.536575335540206
2020-10-25,tarija,1.5319369365112982e-05,9.377958677956144
2020-11-01,tarija,1.4673670961437208e-05,0.6157767636707945
2020-11-08,tarija,1.2664195868874098e-05,-15.3177375486651
2020-11-15,tarija,1.2871657712648844e-05,-13.787143705552296
2020-11-22,tarija,1.208538339861071e-05,-24.494923622710196
2020-11-29,tarija,1.0150191648412773e-05,-49.726675955306376
2020-12-06,tarija,1.0104652966597003e-05,-54.08613749022546
2020-12-13,tarija,9.569951306695879e-06,-60.65275440033524
2020-12-20,tarija,9.730852291208048e-06,-58.95727265384707
2020-12-27,tarija,9.149920383184192e-06,-65.33033731545518
2021-01-03,tarija,9.279248973549151e-06,-68.44079010853878
2021-01-10,tarija,9.306044884699322e-06,-67.17727158555303
2021-01-17,tarija,1.114533836502943e-05,-48.55506112773007
2021-01-24,tarija,1.0669886747557656e-05,-54.44846086541393
2021-01-31,tarija,9.773460275036263e-06,-62.669698004350494
2021-02-07,tarija,9.214670302580077e-06,-67.46395363717656
2021-02-14,tarija,9.309269262652151e-06,-62.06638131209612
2021-02-21,tarija,9.121463233278557e-06,-65.66959099504447
2021-02-28,tarija,8.882004989914746e-06,-71.1498251893774
2021-03-07,tarija,9.000626043374044e-06,-72.26892376874031
2021-03-14,tarija,7.590829472806327e-06,-81.2519409581503
2021-03-21,tarija,7.85285503736741e-06,-77.38399628144315
2021-03-28,tarija,7.6397799845341e-06,-74.75043323652866
2021-04-11,tarija,8.23825682787801e-06,-69.04590896847597
2021-04-18,tarija,7.798658772631708e-06,-71.35165199051858
2021-04-25,tarija,7.902016902120801e-06,-56.29496524691042
2021-05-02,tarija,7.338527185430156e-06,-41.608543135868814
2021-05-09,tarija,8.386203444242966e-06,-22.514282673498798
2021-05-16,tarija,1.0552173508643073e-05,13.152226797674338
2021-05-23,tarija,1.1686188018073739e-05,28.675098049613723
2021-05-30,tarija,1.1698800177266703e-05,28.144085397666174
2021-06-06,tarija,1.1397891826293027e-05,35.90434987003217
2021-06-13,tarija,9.859377650064642e-06,18.30800859463917
2021-06-20,tarija,9.90526755591849e-06,5.794334823819192
2021-06-27,tarija,1.0262460319215551e-05,10.270472894734617
2021-07-04,tarija,1.1582184756198293e-05,10.830070542586157
2021-07-11,tarija,1.2093753233960321e-05,3.1991086380431355
2021-07-18,tarija,1.3290835220133482e-05,14.398941165456058
2021-07-25,tarija,1.3849130737910568e-05,26.584342097147662
2021-08-01,tarija,1.2717000388115515e-05,22.25629859125622
2021-08-08,tarija,1.2504608988141447e-05,30.770797403436667
2021-08-15,tarija,1.1932391390157587e-05,36.558810150122056
2021-08-22,tarija,1.4109571068213219e-05,56.89433634706571
2021-08-29,tarija,1.4820585145128586e-05,72.28966861145435
2021-09-05,tarija,1.643726179425897e-05,89.61157077316582
2021-09-12,tarija,1.7112859067375546e-05,94.53041353652677
2021-09-19,tarija,1.616581880974142e-05,90.7384839674526
2021-09-26,tarija,1.6183863168050176e-05,89.16236301945588
2021-10-03,tarija,1.80429040837594e-05,95.62451700648128
2021-10-10,tarija,1.6564633795675077e-05,85.71633403945017
2021-10-17,tarija,1.4234531293498753e-05,59.384475740998255
2021-10-24,tarija,1.3199373466182772e-05,56.70224287487571
2021-10-31,tarija,1.1589990993000548e-05,48.23521091728402
2021-11-07,tarija,1.025197163953727e-05,31.3001333773256
2021-11-14,tarija,9.165692563382376e-06,16.271737522346363
2021-11-21,tarija,6.644992520983566e-06,-10.232649842450847
2021-11-28,tarija,7.30669418227165e-06,-13.232464933590116
2021-12-05,tarija,6.24767047946321e-06,-26.58242817406986
2021-12-12,tarija,6.737471532536339e-06,-21.91980599531327
2021-12-19,tarija,7.176692613535101e-06,-24.478645380926878
2021-12-26,tarija,6.754119933168605e-06,-29.164311776648333
2022-01-02,tarija,6.23309947352955e-06,-49.38473812144828
2022-01-09,tarija,5.448212923525018e-06,-64.6975704997125
2022-01-16,tarija,6.187873993471732e-06,-66.75513306321878
2022-01-23,tarija,6.355620139685542e-06,-65.67953549128819
2022-01-30,tarija,6.423380697127641e-06,-69.08571362277573
2022-02-06,tarija,7.155933428691676e-06,-61.060548457660246
2022-02-13,tarija,6.890798668442161e-06,-66.01457578732078
2022-02-20,tarija,6.964620958839358e-06,-64.91455341306659
2022-02-27,tarija,6.666879958100641e-06,-81.58110164513737
2022-03-06,tarija,7.865661956338576e-06,-75.35174040084397
2022-03-13,tarija,7.270411246897421e-06,-77.90914711711937
2022-03-20,tarija,6.107309400685479e-06,-93.5308202296861
2022-03-27,tarija,6.7692643909179935e-06,-91.08054661267974
2022-04-03,tarija,7.916748641028635e-06,-79.60428986050002
2022-04-10,tarija,8.293851441150806e-06,-69.95440557785511
2022-04-17,tarija,8.733121747633475e-06,-66.60195364430894
2022-04-24,tarija,9.736887114207173e-06,-52.430646963939154
2022-05-01,tarija,1.030128966458185e-05,-39.684890175703025
2022-05-08,tarija,1.0313968125353785e-05,-25.699088920960378
2022-05-15,tarija,1.0777565031454173e-05,-10.294584110253524
2022-05-22,tarija,1.106775283167854e-05,8.654314295245769
2022-05-29,tarija,1.1020243208606545e-05,13.945516877904929
2022-06-05,tarija,1.0394405178922593e-05,10.546512317596601
2022-06-12,tarija,1.0232750665564357e-05,9.781281213684423
2022-06-19,tarija,1.1942283165834795e-05,10.732794476454188
2022-06-26,tarija,1.255838321375806e-05,26.878104061531083
2022-07-03,tarija,1.440618864263608e-05,42.99781454059879
2022-07-10,tarija,1.5381897656611055e-05,58.27293057687388
2022-07-17,tarija,1.397397259901747e-05,50.626639014231856
2022-07-24,tarija,1.5437105401086345e-05,69.86971029343287
2022-07-31,tarija,1.4826773163680797e-05,63.91935892380669
2022-08-07,tarija,1.370581919823647e-05,62.46823350884956
2022-08-14,tarija,1.4655599851862654e-05,33.1724232229762
2022-08-21,tarija,1.4277705835278589e-05,21.293889369764152
2022-08-28,tarija,1.6135352535207004e-05,33.33967412005805
2022-09-04,tarija,1.7842216487408434e-05,43.91531237439015
2022-09-11,tarija,1.8291571676356903e-05,50.11910764958287
2022-09-18,tarija,1.7723037534118235e-05,58.61894582752516
2022-09-25,tarija,1.6823233356498792e-05,52.71324849511565
2022-10-02,tarija,1.4786176238884355e-05,33.548266698196905
2022-10-09,tarija,1.2983006331417887e-05,1.2367900885379868
2022-10-16,tarija,1.2819469875999724e-05,5.827604167386902
2022-10-23,tarija,1.2454678056574975e-05,-6.497841665780868
2022-10-30,tarija,1.3013713698373243e-05,-10.283235627477794
2022-11-06,tarija,1.3624668893564678e-05,5.623059527080976
2022-11-13,tarija,1.2646962697295644e-05,9.188302141926918
2022-11-20,tarija,1.2759835309552594e-05,2.6296111708022707
2022-11-27,tarija,1.2193287342674689e-05,-0.27956256353416364
2022-12-04,tarija,1.1940383962736915e-05,-8.370777854136335
2022-12-11,tarija,1.1460511668205285e-05,-15.468142807676877
2022-12-18,tarija,1.0436608398477747e-05,-30.15337026403362
2022-12-25,tarija,8.978075907129037e-06,-51.516781441168646
2023-01-01,tarija,9.697091224444659e-06,-42.419113579583545
2023-01-08,tarija,9.626961711342555e-06,-48.183023322940066
2023-01-15,tarija,8.43409837917803e-06,-66.7267998379545
2023-01-22,tarija,8.330158115686625e-06,-68.83595530284606
2023-01-29,tarija,8.582791190094382e-06,-60.98291358442953
2023-02-05,tarija,8.928574568632754e-06,-57.25332847407216
2023-02-12,tarija,9.711268054943062e-06,-59.9623775830624
2023-02-19,tarija,8.31748590284771e-06,-74.37319511925776
2023-02-26,tarija,8.315569588755096e-06,-64.77912259619262
2023-03-05,tarija,8.466182016480252e-06,-50.65653612441032
2023-03-12,tarija,8.358713503815445e-06,-43.091179390322054
2023-03-19,tarija,6.486169067729845e-06,-45.77979680546154
2023-03-26,tarija,5.116026073987251e-06,-52.297399216598706
2023-04-02,tarija,5.367990869166688e-06,-19.799041620285784
2023-04-09,tarija,5.048322532582529e-06,-28.86286946595007
2023-04-16,tarija,5.3312940044803456e-06,-23.655869287157394
2023-04-23,tarija,6.726795565791347e-06,3.431573207624794
2023-04-30,tarija,7.771159307990359e-06,21.9751848857193
2023-05-07,tarija,9.77169149225132e-06,41.95450148724209
2023-05-14,tarija,9.807709308747393e-06,31.287397008407147
2023-05-21,tarija,9.969287175689432e-06,42.786179507346134
2023-05-28,tarija,1.0925714158385633e-05,29.78427558435488
2023-06-04,tarija,1.0641109622977847e-05,33.202283004598065
2023-06-11,tarija,1.1349761290167461e-05,64.49797416777213
2023-06-18,tarija,1.261785645615057e-05,69.04783353186801
2023-06-25,tarija,1.4073528490426349e-05,54.588508315170614
2023-07-02,tarija,1.5137558429109617e-05,56.08713335207174
2023-07-09,tarija,1.5673810034408656e-05,50.97544161590424
2023-07-16,tarija,1.6737424973408517e-05,48.537813091153836
2023-07-23,tarija,1.731018107336676e-05,51.77957245566773
2023-07-30,tarija,1.6301844022693192e-05,41.3811570017824
2023-08-06,tarija,1.6554947351718497e-05,40.18163210470025
2023-08-13,tarija,1.5937892511820743e-05,32.83126417756623
2023-08-20,tarija,1.5663820520948548e-05,40.90084710558415
2023-08-27,tarija,1.5766527940932505e-05,33.06823278507096
2023-09-03,tarija,1.4741072467775348e-05,17.76940755719405
2023-09-10,tarija,1.5064580988466e-05,10.126223066095541
2023-09-17,tarija,1.5020707803938072e-05,-2.376157183859995
2023-09-24,tarija,1.6151976534644257e-05,14.484592895247594
2023-10-01,tarija,1.730549748663226e-05,15.637781736630707
2023-10-08,tarija,1.7053290120444234e-05,14.402974542077018
2023-10-15,tarija,1.697563907161194e-05,17.968687497363156
2023-10-22,tarija,1.79503774249317e-05,26.979063952694915
2023-10-29,tarija,1.7156573164424207e-05,13.87601452802798
2023-11-05,tarija,1.5362660693175143e-05,6.591833239035516
2023-11-12,tarija,1.4730320420046562e-05,3.2853898938979498
2023-11-19,tarija,1.282762262609426e-05,-26.609439686029468
2023-11-26,tarija,1.1390182091712219e-05,-44.88155976899524
2023-12-03,tarija,9.535932329275632e-06,-66.45062125299539
2023-12-10,tarija,8.939630173160645e-06,-71.260425268939
2023-12-17,tarija,7.4999357980378535e-06,-85.12670367023816
2023-12-24,tarija,7.108056904651441e-06,-89.54325223912906
2023-12-31,tarija,7.150242438523039e-06,-90.6553384125548
2024-01-07,tarija,6.474496531210316e-06,-98.73196063169996
2024-01-14,tarija,7.072509320953005e-06,-67.4926283761085
2024-01-21,tarija,7.650597854714856e-06,-52.885750131992815
2024-01-28,tarija,7.369491563812058e-06,-55.05125545412781
2024-02-04,tarija,6.665447438065409e-06,-64.5280780089438
2024-02-11,tarija,6.85161987822843e-06,-58.243138668094296
2024-02-18,tarija,5.8689760599547244e-06,-85.45440237883284
2024-02-25,tarija,5.931721203793941e-06,-70.35757149568589
2024-03-03,tarija,6.211451517708086e-06,-68.48597055772032
2024-03-10,tarija,6.09913174257217e-06,-71.79112360495327
2024-03-17,tarija,7.552024104668503e-06,-45.811064446665384
2024-03-24,tarija,8.666648389708555e-06,-14.798439644503425
2024-03-31,tarija,7.638980555411799e-06,-23.904322535071465
2024-04-07,tarija,8.35714145927814e-06,-4.414661938957032
2024-04-14,tarija,8.697148730102847e-06,12.54638579829006
2024-04-21,tarija,7.668884391796379e-06,-4.28043273991392
2024-04-28,tarija,1.1113910008501052e-05,15.048744983624474
2024-05-05,tarija,1.2113050210057555e-05,35.53180858973768
2024-05-12,tarija,1.3091979453768052e-05,43.59201456946682
2024-05-19,tarija,1.3180866004347073e-05,51.489894872233855
2024-05-26,tarija,1.4270127215471441e-05,77.6579741031716
2024-06-02,tarija,1.3815452866549498e-05,93.00842282507027
2024-06-09,tarija,1.3422167421590749e-05,97.78516089874856
2024-06-16,tarija,1.4857079476267586e-05,86.73633048261334
2024-06-23,tarija,1.6216436800688676e-05,80.07789616161531
2024-06-30,tarija,1.6565770801549566e-05,52.78489842941312
2024-07-07,tarija,1.7306957032077644e-05,53.941145339647534
2024-07-14,tarija,1.5981720890417746e-05,44.71087631821913
2024-07-21,tarija,1.6291619598078272e-05,38.59820359328161
2024-07-28,tarija,1.5543239203653325e-05,36.62728756439613
2024-08-04,tarija,1.6064881662768482e-05,26.08683657648534
2024-08-11,tarija,1.5451901563590867e-05,13.044711532056574
2024-08-18,tarija,1.5370135671996377e-05,1.853035466948505
2024-08-25,tarija,1.6109050479224507e-05,0.44382789643204745
2024-09-01,tarija,1.5924947031281854e-05,-2.9287439213717903
2024-09-08,tarija,1.7510821796963494e-05,0.027926559427093878
2024-09-15,tarija,1.905056722037615e-05,13.42748659847448
2024-09-22,tarija,2.012578977808476e-05,20.78529260931532
2024-09-29,tarija,2.1137331813816198e-05,25.123491003326492
2024-10-06,tarija,2.2487749718617493e-05,36.603202770477594
2024-10-13,tarija,2.1230190493141265e-05,27.706639110405895
2024-10-20,tarija,2.1341719166448698e-05,31.125727574338136
2024-10-27,tarija,2.0606151444344738e-05,30.78107304124771
2024-11-03,tarija,1.7847601041476802e-05,15.933510003694984
2024-11-10,tarija,1.690221661545912e-05,11.509841538758003
2024-11-17,tarija,1.5831488111955953e-05,6.171240670705558
2024-11-24,tarija,1.395349872835522e-05,-4.066487090577731
2024-12-01,tarija,1.1385102389581028e-05,-34.902018617464314
2024-12-08,tarija,1.034393054279796e-05,-46.99782609840781
2024-12-15,tarija,1.050618374435199e-05,-49.906021297116254
2024-12-22,tarija,1.026342545068402e-05,-54.81093626348876
2024-12-29,tarija,8.623866123026632e-06,-68.1809663776063
2025-01-05,tarija,7.898158183652254e-06,-78.10093173723001
2025-01-12,tarija,8.017851446396993e-06,-75.01088340130818
2025-01-19,tarija,9.319258483205428e-06,-65.23522132489586
2025-01-26,tarija,8.521788016612299e-06,-72.04573271356071
2025-02-02,tarija,7.948286460024625e-06,-74.26926913603307
2025-02-09,tarija,9.158612107898589e-06,-47.52133325250956
2025-02-16,tarija,9.73655128224612e-06,-35.16412627556402
2025-02-23,tarija,9.97019714026384e-06,-3.5670205569504176
2025-03-02,tarija,8.641264008029943e-06,2.166973560935581
2025-03-09,tarija,8.6918995355875e-06,14.7497043821474
2025-03-16,tarija,8.421293214850823e-06,16.953448894335743
2025-03-23,tarija,8.231161378079016e-06,12.8065173248757
2025-03-30,tarija,8.051157547507609e-06,15.618565787158545
2025-04-06,tarija,7.989419731093705e-06,15.232849722360697
2025-04-13,tarija,8.00146115505526e-06,9.06961623603042
2025-04-20,tarija,9.270578567015079e-06,19.22610573998611
2025-04-27,tarija,1.0115468206891264e-05,31.52496244214653
2025-05-04,tarija,1.0425942191586199e-05,38.47267094988123
2025-05-11,tarija,1.2046878506516839e-05,74.87925888846405
2025-05-18,tarija,1.2051140726082516e-05,70.8844897035961
2025-05-25,tarija,1.2270497802857249e-05,69.90514048647594
2025-06-01,tarija,1.2392694349769194e-05,48.75398709545102
2025-06-08,tarija,1.1923238139456154e-05,44.297051223473005
2025-06-15,tarija,1.0605673318737584e-05,32.25253567325961
2025-06-22,tarija,9.83768407478108e-06,18.262668149510475
2025-06-29,tarija,9.176849518693757e-06,0.24705442939421118
2025-07-06,tarija,1.1169142990646468e-05,37.59837320079633
2025-07-13,tarija,1.2006820606518985e-05,10.644832567069429
2025-07-20,tarija,1.4052132308975127e-05,14.849074886369706
2025-07-27,tarija,1.6172087736428627e-05,21.12869897049805
2025-08-03,tarija,1.771741925708715e-05,19.26316868553215
2025-08-10,tarija,1.7702788221864194e-05,24.050250521181127
2025-08-17,tarija,1.6144220163710786e-05,18.998478549581144
2025-08-24,tarija,1.4368999758044435e-05,-0.5246148677821694
2025-08-31,tarija,1.278809391375596e-05,-16.708857576068148
2025-09-07,tarija,1.2392989212801662e-05,-16.11345792035106
2025-09-14,tarija,1.440855683737194e-05,-11.885174152603106
2025-09-21,tarija,1.6280544660892254e-05,-4.822058518543315
2025-09-28,tarija,1.660734090219639e-05,1.631993525633746
2025-10-05,tarija,1.740630546461706e-05,8.633982210655766
2025-10-12,tarija,1.7241685159942084e-05,0.8194798143875914
2025-10-19,tarija,1.4753369075436887e-05,-9.07432661290244
2025-10-26,tarija,1.386236838537573e-05,-12.658008152062017
2025-11-09,tarija,1.2960943679558319e-05,-18.168526312782518
2025-11-16,tarija,1.2400086464422168e-05,-22.255514594785275
2025-11-23,tarija,1.1979571794304572e-05,-30.856207422407955
2025-11-30,tarija,9.321588285190057e-06,-55.84334468499055
2025-12-07,tarija,9.18117579664305e-06,-52.05767954662459
2025-12-14,tarija,9.23349152059682e-06,-54.04435140696933
2025-12-21,tarija,8.604317017973785e-06,-58.01623284326283
2025-12-28,tarija,9.457931099403197e-06,-52.137636929756326
2026-01-04,tarija,8.67989854168595e-06,-62.50736264269463
2026-01-11,tarija,8.469396549910211e-06,-60.3606023791146
2026-01-18,tarija,7.92584809272429e-06,-69.58629913863916
2026-01-25,tarija,8.969892231385207e-06,-61.24177991094086
2026-02-01,tarija,8.976303299985201e-06,-66.72938315548453
2026-02-08,tarija,8.942480135261897e-06,-76.72772497469663
2026-02-15,tarija,8.675826170635016e-06,-79.30619042283294
2026-02-22,tarija,1.0133929649559342e-05,-70.25240058412959
2026-03-01,tarija,9.617010086422411e-06,-75.2249907101147
2026-03-08,tarija,9.2819835869471e-06,-84.80011209141426
2026-03-15,tarija,8.966575152836419e-06,-91.33950618605091
2026-03-22,tarija,8.654206638737958e-06,-91.49385818698264
2026-03-29,tarija,7.99465821543665e-06,-94.75879012789932
2026-04-05,tarija,7.823393604596239e-06,-89.89002409324752
2026-04-12,tarija,8.010478831977327e-06,-75.4156774469516
2026-04-19,tarija,8.745174493718559e-06,-46.7228219908316
2026-04-26,tarija,8.653068371287568e-06,-37.20473271317868
2026-05-03,tarija,1.0186832028264657e-05,-8.887627696310574
2026-05-10,tarija,1.124108941739323e-05,6.761175117747165
2026-05-17,tarija,1.1086185505680802e-05,18.745053159082303
2026-06-07,tarija,1.1009459620976963e-05,33.21252778017456
2026-06-14,tarija,1.201956325338276e-05,26.62172246506742
2026-06-21,tarija,1.1955128470230512e-05,36.50403279223493
2026-06-28,tarija,1.2566538676006808e-05,45.80812549861495
2026-07-05,tarija,1.4646370399108913e-05,60.86652412893834
2026-07-12,tarija,1.672468430213269e-05,58.04031619051173
2026-07-19,tarija,1.8487609148864337e-05,63.14266364535648
2026-07-26,tarija,2.063688064846567e-05,87.05309284778212
2026-08-02,tarija,1.9483067330312806e-05,86.1618626376023
2026-08-09,tarija,1.900142858017308e-05,85.12068608573848
2026-08-16,tarija,1.901216468388637e-05,86.36403458477577
2026-08-23,tarija,1.8277325355214824e-05,82.6037070576339
2018-07-15,trinidad,1.5313555096058017e-05,
2018-07-22,trinidad,1.657314934037075e-05,
2018-07-29,trinidad,1.66895276056096e-05,
2018-08-05,trinidad,1.796844604147182e-05,
2018-08-12,trinidad,1.9129862101820462e-05,
2018-08-19,trinidad,2.3101841347760434e-05,
2018-08-26,trinidad,2.4309298908627417e-05,
2018-09-02,trinidad,3.0338447563359763e-05,
2018-09-09,trinidad,3.5998215048017e-05,
2018-09-16,trinidad,4.069862222409484e-05,
2018-09-23,trinidad,3.959237663059289e-05,
2018-09-30,trinidad,3.7905939170862096e-05,
2018-10-07,trinidad,3.455735756113307e-05,
2018-10-14,trinidad,2.8433491275671308e-05,
2018-10-21,trinidad,2.3766028534914726e-05,
2018-10-28,trinidad,2.1937560536927428e-05,
2018-11-04,trinidad,2.0694941356901194e-05,
2018-11-11,trinidad,1.6722322824056858e-05,
2018-11-18,trinidad,1.3467996461464122e-05,
2018-11-25,trinidad,1.225117927275376e-05,
2018-12-02,trinidad,1.0845795480760715e-05,
2018-12-09,trinidad,9.42438067000554e-06,
2018-12-16,trinidad,8.460821583509531e-06,
2018-12-23,trinidad,7.953733668175154e-06,
2018-12-30,trinidad,7.2076905864351505e-06,
2019-01-06,trinidad,7.210280830183265e-06,
2019-01-13,trinidad,7.294384413425097e-06,
2019-01-20,trinidad,8.410566454325998e-06,
2019-01-27,trinidad,8.51828607359253e-06,
2019-02-10,trinidad,9.447384931775687e-06,
2019-02-17,trinidad,8.58642136649409e-06,
2019-02-24,trinidad,9.177292042172897e-06,
2019-03-03,trinidad,9.600634811127951e-06,
2019-03-10,trinidad,9.021130849032844e-06,
2019-03-17,trinidad,8.400802802415727e-06,
2019-03-24,trinidad,7.358681708764559e-06,
2019-03-31,trinidad,7.37246526944078e-06,
2019-04-07,trinidad,7.176231776879596e-06,
2019-04-14,trinidad,6.518210593120552e-06,
2019-04-21,trinidad,6.220601720552199e-06,
2019-04-28,trinidad,5.794000055825899e-06,
2019-05-05,trinidad,5.778702225014264e-06,
2019-05-12,trinidad,6.828205155712673e-06,
2019-05-19,trinidad,7.709534944368953e-06,
2019-05-26,trinidad,7.568577317159573e-06,
2019-06-02,trinidad,7.392873656298532e-06,
2019-06-09,trinidad,7.985795582420604e-06,
2019-06-16,trinidad,8.017848268366639e-06,
2019-06-23,trinidad,8.265990469979659e-06,
2019-06-30,trinidad,8.44459614353553e-06,
2019-07-07,trinidad,1.0304537585171308e-05,
2019-07-14,trinidad,1.1906522301873395e-05,
2019-07-21,trinidad,1.2707803997947282e-05,
2019-07-28,trinidad,1.326322407289532e-05,
2019-08-04,trinidad,1.401273409806248e-05,
2019-08-11,trinidad,1.5321297312823566e-05,
2019-08-18,trinidad,1.8686107673589012e-05,
2019-08-25,trinidad,2.026383284594275e-05,
2019-09-01,trinidad,2.2714317862104483e-05,
2019-09-08,trinidad,2.554130659645972e-05,
2019-09-15,trinidad,2.9329768538939438e-05,
2019-09-22,trinidad,3.018236726365182e-05,
2019-09-29,trinidad,3.5852879977509475e-05,
2019-10-06,trinidad,3.649348410952963e-05,
2019-10-13,trinidad,3.67490124013323e-05,
2019-10-20,trinidad,3.534948838993726e-05,
2019-10-27,trinidad,3.317526572534149e-05,
2019-11-03,trinidad,2.9611248573480994e-05,
2019-11-10,trinidad,2.440802764475866e-05,
2019-11-17,trinidad,1.9937553298096676e-05,
2019-11-24,trinidad,1.651589837258535e-05,
2019-12-01,trinidad,1.4167664476855456e-05,
2019-12-08,trinidad,1.3106240835551652e-05,
2019-12-22,trinidad,1.1148397915236074e-05,
2019-12-29,trinidad,8.480798530196531e-06,
2020-01-05,trinidad,8.283645215331762e-06,
2020-01-12,trinidad,7.763555450477219e-06,
2020-01-19,trinidad,8.576157496985786e-06,
2020-01-26,trinidad,8.217562429078307e-06,
2020-02-02,trinidad,8.59648090767179e-06,
2020-02-09,trinidad,8.902909745303076e-06,
2020-02-16,trinidad,8.530809124792015e-06,
2020-02-23,trinidad,9.045065388075777e-06,
2020-03-01,trinidad,9.304491345081178e-06,
2020-03-08,trinidad,1.0089088024798086e-05,-45.3945140601153
2020-03-15,trinidad,8.889965480413446e-06,-57.50192566969723
2020-03-22,trinidad,8.758978384193538e-06,-64.31149921059483
2020-03-29,trinidad,8.630757021579116e-06,-63.65301928791638
2020-04-05,trinidad,8.72168116589946e-06,-60.31638313818117
2020-04-12,trinidad,8.041870428693212e-06,-81.42886923908677
2020-04-19,trinidad,7.987316190191332e-06,-82.69289260376098
2020-04-26,trinidad,7.195880332738841e-06,-109.37743724444769
2020-05-03,trinidad,6.963671071761133e-06,-122.17765001737746
2020-05-10,trinidad,6.606837208155998e-06,-139.54712255970492
2020-05-17,trinidad,6.322318863774116e-06,-156.83297549378707
2020-05-24,trinidad,6.080049937066687e-06,-174.9833964200011
2020-05-31,trinidad,6.1749461100743455e-06,-188.56940845252234
2020-06-07,trinidad,7.102552823875793e-06,-171.13675599229373
2020-06-14,trinidad,7.758860507531315e-06,-165.08780516465117
2020-06-21,trinidad,8.549127513926647e-06,-143.4406059633689
2020-06-28,trinidad,8.083827076929583e-06,-145.27550730227432
2020-07-05,trinidad,7.910006321289541e-06,-127.94391397133786
2020-07-12,trinidad,9.910676061524739e-06,-89.15502352985243
2020-07-19,trinidad,1.189546169334546e-05,-55.373233444204395
2020-07-26,trinidad,1.247831644577884e-05,-38.05214233282008
2020-08-02,trinidad,1.4803641051690562e-05,13.352722505301706
2020-08-09,trinidad,1.9024333321606206e-05,60.54479939332822
2020-08-16,trinidad,1.81418804450361e-05,70.95982812452668
2020-08-23,trinidad,2.0042462435425194e-05,88.90312111487279
2020-08-30,trinidad,2.3583370755127274e-05,122.68343522942953
2020-09-06,trinidad,2.786209780095898e-05,122.35176308120774
2020-09-13,trinidad,3.011364415077706e-05,125.52684551514997
2020-09-20,trinidad,3.0144595665211913e-05,119.64120393908377
2020-09-27,trinidad,3.308689999273615e-05,134.89553888396557
2020-10-04,trinidad,3.2274090131422036e-05,121.24355227630392
2020-10-11,trinidad,2.723395360330329e-05,128.59977476542514
2020-10-18,trinidad,2.1889521256312402e-05,108.82558899958177
2020-10-25,trinidad,1.971636860656186e-05,106.02464861682304
2020-11-01,trinidad,1.8383078124111062e-05,109.43433947370718
2020-11-08,trinidad,1.5464269821135202e-05,98.1709281111879
2020-11-15,trinidad,1.4654949147775657e-05,84.16250236896855
2020-11-22,trinidad,1.4318410928126309e-05,66.90522214894
2020-11-29,trinidad,1.6188902674664953e-05,76.03208746025061
2020-12-06,trinidad,1.613685791877713e-05,77.74845060852957
2020-12-13,trinidad,1.58228240836135e-05,79.59750242058483
2020-12-20,trinidad,1.3745563626035227e-05,61.08365193001344
2020-12-27,trinidad,1.3043202856531996e-05,49.06027328503324
2021-01-03,trinidad,1.2170447309847688e-05,37.242429618362216
2021-01-10,trinidad,1.2743890042671061e-05,46.338185424017375
2021-01-17,trinidad,1.3165356670630778e-05,50.532859343926795
2021-01-24,trinidad,1.2143718422922854e-05,38.780708008112974
2021-01-31,trinidad,1.0836757855054527e-05,29.255466405811603
2021-02-07,trinidad,1.0252740986498637e-05,6.6891662439800825
2021-02-14,trinidad,1.1118844275264813e-05,7.605701086563599
2021-02-21,trinidad,1.1200984338863794e-05,-0.01488144712773476
2021-02-28,trinidad,1.1489924565700768e-05,-3.561581593804952
2021-03-07,trinidad,1.122925985155477e-05,-11.895950810118983
2021-03-14,trinidad,1.0854470548130626e-05,-16.672025944490443
2021-03-21,trinidad,1.0782286047268311e-05,-20.709049120306666
2021-03-28,trinidad,1.0584735160456725e-05,-22.82252198135346
2021-04-04,trinidad,9.949014493378268e-06,-29.528915492732466
2021-04-11,trinidad,9.821837725413254e-06,-35.53582486940545
2021-04-18,trinidad,8.90044558269821e-06,-54.31425007643487
2021-04-25,trinidad,8.453843818172764e-06,-64.02524122457348
2021-05-02,trinidad,7.485047957605649e-06,-93.89084809532645
2021-05-09,trinidad,6.353906098907541e-06,-110.84707135041327
2021-05-16,trinidad,7.319239549197916e-06,-109.57208826277397
2021-05-23,trinidad,8.01991888996165e-06,-106.8657566006033
2021-05-30,trinidad,7.731285439429865e-06,-124.42226073776368
2021-06-06,trinidad,8.652439199721333e-06,-123.13523418841808
2021-06-13,trinidad,9.262594138601175e-06,-132.56476968568265
2021-06-20,trinidad,9.435338324034612e-06,-135.1418617305738
2021-06-27,trinidad,1.0949142973334543e-05,-120.47466706301239
2021-07-04,trinidad,1.1575985517185004e-05,-115.77222820593711
2021-07-11,trinidad,1.6633316718993573e-05,-69.03968747622571
2021-07-18,trinidad,1.830426448713871e-05,-48.102024373159935
2021-07-25,trinidad,2.152758221707799e-05,7.672995294579188
2021-08-01,trinidad,2.256689850597782e-05,27.118517831696742
2021-08-08,trinidad,2.689046324413058e-05,68.52401468216343
2021-08-15,trinidad,3.0757825278033585e-05,124.6480757551474
2021-08-22,trinidad,3.501910472331045e-05,147.37673668814165
2021-08-29,trinidad,3.544619413016054e-05,141.90299193904963
2021-09-05,trinidad,3.749076724559273e-05,147.2741773145044
2021-09-12,trinidad,3.740443322539002e-05,143.54110718538297
2021-09-19,trinidad,3.613694633695009e-05,138.50964381967827
2021-09-26,trinidad,3.496023986001024e-05,125.32040950724567
2021-10-03,trinidad,3.3276721686890476e-05,122.69130316243171
2021-10-10,trinidad,3.0465816372226653e-05,124.65260050562783
2021-10-17,trinidad,2.8512554488968745e-05,120.31530559579977
2021-10-24,trinidad,2.9944995675018457e-05,126.76035771798962
2021-10-31,trinidad,3.058710811613111e-05,135.6978981202726
2021-11-07,trinidad,2.82750799874208e-05,141.22930053552415
2021-11-14,trinidad,2.534361145427843e-05,125.7272398830569
2021-11-21,trinidad,2.497452531344723e-05,127.71495297541958
2021-11-28,trinidad,2.4524410738492803e-05,132.88699425157074
2021-12-05,trinidad,2.398368213690329e-05,126.5169820557496
2021-12-12,trinidad,2.197711889448545e-05,124.59158121908888
2021-12-19,trinidad,1.6810316835944464e-05,103.61401082184969
2021-12-26,trinidad,1.5681256839645663e-05,97.71743617194879
2022-01-02,trinidad,9.742170977366765e-06,41.61708795734054
2022-01-09,trinidad,9.63315633143748e-06,42.95698311751277
2022-01-16,trinidad,9.216853342863114e-06,19.87841116127509
2022-01-23,trinidad,9.324432556109877e-06,9.482046420019152
2022-01-30,trinidad,9.643865925384498e-06,13.849606383920232
2022-02-06,trinidad,9.301485238966293e-06,14.33184170929529
2022-02-13,trinidad,8.65111105020885e-06,8.955917687537962
2022-02-20,trinidad,9.783057113261968e-06,-4.373655189898429
2022-02-27,trinidad,9.252855132013398e-06,-25.36775673001692
2022-03-06,trinidad,8.250191702577316e-06,-41.375601691079744
2022-03-13,trinidad,8.674934227649012e-06,-36.71523714750258
2022-03-20,trinidad,8.486909531407129e-06,-51.80879343915521
2022-03-27,trinidad,7.927157765774568e-06,-69.69531675957725
2022-04-03,trinidad,8.377417596570352e-06,-81.37419321975602
2022-04-10,trinidad,9.085095036001176e-06,-73.9496747574659
2022-04-17,trinidad,8.231338540976939e-06,-97.43440699019139
2022-04-24,trinidad,7.79150576933426e-06,-117.37742434851164
2022-05-01,trinidad,7.055598072097454e-06,-140.81119875182998
2022-05-08,trinidad,7.328265258770964e-06,-142.14579399946263
2022-05-15,trinidad,7.076663050493579e-06,-152.70561851754218
2022-05-22,trinidad,7.666057790574966e-06,-143.9682639375354
2022-05-29,trinidad,7.638992833291605e-06,-138.9624427870297
2022-06-05,trinidad,7.850032843240913e-06,-128.19959188039095
2022-06-12,trinidad,9.170422817994945e-06,-93.29147189405856
2022-06-19,trinidad,8.75980842474452e-06,-81.12751490891803
2022-06-26,trinidad,8.853379923262199e-06,-61.81016528696954
2022-07-03,trinidad,1.1324979724360318e-05,-18.463076499798703
2022-07-10,trinidad,1.3493979699018635e-05,-15.992773527628223
2022-07-17,trinidad,1.5065326494325869e-05,-6.871012251196262
2022-07-24,trinidad,1.9649123165891377e-05,32.25409544324158
2022-07-31,trinidad,2.7637572130873293e-05,83.05203224966303
2022-08-07,trinidad,2.965157571461699e-05,87.92499976982349
2022-08-14,trinidad,3.342834528506031e-05,96.35572076450725
2022-08-21,trinidad,3.437431667394943e-05,117.57895831790589
2022-08-28,trinidad,3.513080086806782e-05,120.0609217406429
2022-09-04,trinidad,4.225136285534443e-05,130.62053423896867
2022-09-11,trinidad,3.943522464112908e-05,124.82182829907416
2022-09-18,trinidad,3.851350781662754e-05,114.47094735349967
2022-09-25,trinidad,4.437541730165435e-05,141.94919629571442
2022-10-02,trinidad,4.602680550898262e-05,146.98110712197393
2022-10-09,trinidad,4.577439988136952e-05,153.63764805934198
2022-10-16,trinidad,4.481669655402278e-05,155.54128418202123
2022-10-23,trinidad,4.0602582708775514e-05,156.36519572119988
2022-10-30,trinidad,3.437945757954846e-05,152.4551797608254
2022-11-06,trinidad,2.8989389074886997e-05,144.1603865624698
2022-11-13,trinidad,1.71014735030349e-05,84.34535373028086
2022-11-20,trinidad,1.6990134407647865e-05,69.90571619018394
2022-11-27,trinidad,1.5945793890602584e-05,72.32677241914764
2022-12-04,trinidad,1.3739194843652826e-05,40.40902418081096
2022-12-11,trinidad,1.3373437974012611e-05,36.728634498993706
2022-12-18,trinidad,1.2861634575213004e-05,30.978677953344658
2022-12-25,trinidad,1.2272579397574805e-05,14.520049448269923
2023-01-01,trinidad,1.1529994493144782e-05,-2.3340987903377908
2023-01-08,trinidad,9.348175907823614e-06,-27.476645882721584
2023-01-15,trinidad,9.947813961449174e-06,-30.724587361428135
2023-01-22,trinidad,7.928872280953024e-06,-78.66502266384944
2023-01-29,trinidad,8.141641203218716e-06,-81.0142283075196
2023-02-05,trinidad,7.895043459026777e-06,-93.22922936478494
2023-02-12,trinidad,7.653876264501873e-06,-101.57109181518908
2023-02-19,trinidad,7.176970134212119e-06,-111.2779216771182
2023-02-26,trinidad,7.483038905090224e-06,-113.75479109735966
2023-03-05,trinidad,7.063642128016658e-06,-131.2999453547464
2023-03-12,trinidad,6.904436951708922e-06,-137.61498498405373
2023-03-19,trinidad,6.963712647955361e-06,-143.98889762856618
2023-03-26,trinidad,6.720118590682195e-06,-154.09311019820927
2023-04-02,trinidad,6.805201025299327e-06,-155.44584987897457
2023-04-09,trinidad,6.406580288258884e-06,-169.85681296040642
2023-04-16,trinidad,7.182402240794435e-06,-159.6381987374503
2023-04-23,trinidad,7.841812215796063e-06,-156.36640326323015
2023-04-30,trinidad,7.5421565261585184e-06,-160.1281080280698
2023-05-07,trinidad,7.661254072185418e-06,-158.5948201313313
2023-05-14,trinidad,6.962427336953852e-06,-166.8449917348525
2023-05-21,trinidad,6.478757638394682e-06,-167.41650772664033
2023-05-28,trinidad,6.803817824864938e-06,-159.71224865773212
2023-06-04,trinidad,6.862363235430143e-06,-161.4669420767207
2023-06-11,trinidad,5.671064850069581e-06,-168.12283760429256
2023-06-18,trinidad,6.396146173740938e-06,-149.46488500228483
2023-06-25,trinidad,8.144716193353328e-06,-132.47206445854172
2023-07-02,trinidad,8.528709933406435e-06,-121.0708471681487
2023-07-09,trinidad,1.2489268878560643e-05,-69.29865320056408
2023-07-16,trinidad,1.440897364626912e-05,-48.80384750833642
2023-07-23,trinidad,1.7009589959788168e-05,8.131113298503934
2023-07-30,trinidad,1.91342741141213e-05,67.50171974052463
2023-08-06,trinidad,2.1697893630727965e-05,82.14620422722945
2023-08-13,trinidad,2.193701286438242e-05,87.95531480201753
2023-08-20,trinidad,2.2713612128698174e-05,85.77169931879408
2023-08-27,trinidad,2.571042985158816e-05,103.93802677948204
2023-09-03,trinidad,2.9341140337717253e-05,123.84106610805077
2023-09-10,trinidad,3.2645890622765915e-05,126.07868195058103
2023-09-17,trinidad,3.806111953269759e-05,147.8755532400548
2023-09-24,trinidad,3.985338695563173e-05,154.66824729738119
2023-10-01,trinidad,4.863182349385206e-05,175.11650644553941
2023-10-08,trinidad,4.766016089481135e-05,168.37065854631118
2023-10-15,trinidad,4.783821549566386e-05,169.16640277249007
2023-10-22,trinidad,4.8274897597134016e-05,181.94790306519852
2023-10-29,trinidad,4.724010272654899e-05,173.54246757929099
2023-11-05,trinidad,4.570335312523339e-05,181.1231701158059
2023-11-12,trinidad,4.044322806198968e-05,179.18318650767412
2023-11-19,trinidad,3.3509459283566366e-05,152.00889409535918
2023-11-26,trinidad,2.937033178004913e-05,133.84829987634515
2023-12-03,trinidad,2.5743895853551014e-05,126.39748929396416
2023-12-10,trinidad,2.0236820581323307e-05,95.12342328484974
2023-12-17,trinidad,1.5812898022206802e-05,72.7560171150655
2023-12-24,trinidad,1.4356870922108086e-05,60.37109218778376
2023-12-31,trinidad,1.3813121927421003e-05,44.7100719856385
2024-01-07,trinidad,1.2234154228747644e-05,28.824817327048713
2024-01-14,trinidad,9.693431156720591e-06,4.964259692797768
2024-01-21,trinidad,8.236440820826697e-06,6.188469601403135
2024-01-28,trinidad,7.807789495414422e-06,-4.282914177888131
2024-02-04,trinidad,7.801332070512625e-06,-26.152361185712714
2024-02-11,trinidad,6.937601509668989e-06,-46.78454769311582
2024-02-18,trinidad,7.361245282132831e-06,-54.685544263505115
2024-02-25,trinidad,6.9855916988475274e-06,-59.62666430886152
2024-03-03,trinidad,6.920627732770643e-06,-78.47919714508897
2024-03-10,trinidad,6.665482932711072e-06,-85.47399804619769
2024-03-17,trinidad,6.891704658575109e-06,-93.53678898863063
2024-03-24,trinidad,6.563837784555545e-06,-109.64572546914849
2024-03-31,trinidad,6.836523177398914e-06,-133.39082055753337
2024-04-07,trinidad,6.6994986379140155e-06,-148.95161553681433
2024-04-14,trinidad,7.007820142912663e-06,-151.1269934357868
2024-04-21,trinidad,6.440298229715413e-06,-165.65368920108733
2024-04-28,trinidad,7.562645260083639e-06,-154.3099364018529
2024-05-05,trinidad,8.051995642053085e-06,-165.77166436621695
2024-05-12,trinidad,7.871971625543226e-06,-158.77004768746713
2024-05-26,trinidad,7.173239133009564e-06,-175.27365511548058
2024-06-02,trinidad,7.788419869813954e-06,-178.24483350713933
2024-06-09,trinidad,8.600020896171692e-06,-165.71238250778234
2024-06-16,trinidad,8.311105524725531e-06,-160.78671261478004
2024-06-23,trinidad,8.529845623322117e-06,-142.2943778978757
2024-06-30,trinidad,9.41211509140373e-06,-124.56783234393747
2024-07-07,trinidad,1.0899687123301215e-05,-87.50910546878484
2024-07-14,trinidad,1.2901425972828204e-05,-28.18267837765447
2024-07-21,trinidad,1.7432980440679254e-05,12.752505791529778
2024-07-28,trinidad,2.2765631389404623e-05,41.95758800153673
2024-08-04,trinidad,2.8197020318159977e-05,74.59458109125698
2024-08-11,trinidad,2.8802162806875382e-05,75.87792179602957
2024-08-18,trinidad,3.402229173160605e-05,105.12337185027292
2024-08-25,trinidad,3.4228606991797e-05,121.09246985198058
2024-09-01,trinidad,3.6934451424210264e-05,131.17919337400554
2024-09-08,trinidad,3.8538499004685306e-05,147.6328265336555
2024-10-06,trinidad,4.081759124015893e-05,160.20505205366078
2024-10-13,trinidad,4.104205474738996e-05,161.29781479590602
2024-10-20,trinidad,4.208422955030562e-05,164.26812937969794
2024-10-27,trinidad,4.1229881153072356e-05,171.7042401611307
2024-11-03,trinidad,3.869883758349489e-05,162.0597342231635
2024-11-10,trinidad,3.516023382596688e-05,156.96173272161326
2024-11-17,trinidad,3.160374789289213e-05,142.6750259564635
2024-11-24,trinidad,2.6125571299160544e-05,124.62699714770586
2024-12-01,trinidad,1.872074346478238e-05,100.72825914449854
2024-12-08,trinidad,1.8102542591091212e-05,96.85129191818298
2024-12-15,trinidad,1.4550191293643784e-05,77.24983390582558
2024-12-22,trinidad,9.43773797309225e-06,31.371051436986797
2024-12-29,trinidad,8.340809052429016e-06,14.952631932059113
2025-01-05,trinidad,8.04383747521682e-06,11.993962970954364
2025-01-12,trinidad,7.40102322023887e-06,-5.7851693968718365
2025-01-19,trinidad,6.996477604258202e-06,-7.510132953692761
2025-01-26,trinidad,7.187885972720497e-06,3.0497550127050133
2025-02-02,trinidad,6.3408832583278295e-06,-5.769277628081326
2025-02-09,trinidad,6.349931270105656e-06,-6.407227148194394
2025-02-16,trinidad,6.995837285422607e-06,0.9757201045207609
2025-02-23,trinidad,7.021568081353375e-06,3.1502667041795718
2025-03-02,trinidad,7.304258501803861e-06,22.363673897033642
2025-03-16,trinidad,7.845724860280557e-06,33.82451715520389
2025-03-23,trinidad,8.775056601879183e-06,33.044414968418856
2025-03-30,trinidad,8.422173475843994e-06,12.377328748869054
2025-04-06,trinidad,8.558408381873274e-06,6.837638204514818
2025-04-13,trinidad,6.926816379462865e-06,-16.461563852261918
2025-04-20,trinidad,6.8630958423905325e-06,-33.99979076809352
2025-04-27,trinidad,6.328002939054477e-06,-67.98850909621751
2025-05-04,trinidad,6.038245212527896e-06,-79.89885953586118
2025-05-11,trinidad,6.493869750287814e-06,-91.49732605672405
2025-05-18,trinidad,6.345939382292646e-06,-105.13385712457026
2025-05-25,trinidad,6.931959531032656e-06,-102.95031003446091
2025-06-01,trinidad,7.193309269392175e-06,-110.36186529198685
2025-06-08,trinidad,9.012825446635399e-06,-87.20670603920126
2025-06-15,trinidad,8.50685383793022e-06,-101.24354906461957
2025-06-22,trinidad,8.040505268289327e-06,-112.1892728377725
2025-06-29,trinidad,8.466600870261667e-06,-124.28615241785099
2025-07-06,trinidad,9.891691917395035e-06,-119.40237817721649
2025-07-13,trinidad,1.0603549498545734e-05,-127.92724946932753
2025-07-20,trinidad,1.202889173176616e-05,-136.1759110311084
2025-07-27,trinidad,1.4780907700116618e-05,-117.07595198374233
2025-08-03,trinidad,1.524703747236313e-05,-114.34395873602448
2025-08-10,trinidad,1.8156915656186527e-05,-99.16494836498906
2025-08-17,trinidad,2.1468256286222135e-05,-70.1573002173646
2025-08-24,trinidad,2.312509769847916e-05,-56.24023088505972
2025-08-31,trinidad,2.6338594216835175e-05,-20.885673310448816
2025-09-07,trinidad,2.703306379803331e-05,4.886315714697531
2025-09-14,trinidad,3.1053813840716846e-05,67.48956923094144
2025-09-21,trinidad,3.1136506294320204e-05,83.89708977082276
2025-09-28,trinidad,3.258565618214466e-05,112.44301569747321
2025-10-05,trinidad,3.191383088745046e-05,140.49646962936092
2025-10-12,trinidad,3.401030611180393e-05,147.15417109883225
2025-10-19,trinidad,3.081715743173449e-05,137.37770969659522
2025-10-26,trinidad,3.0096858218231193e-05,135.54783427041423
2025-11-09,trinidad,2.680977770607848e-05,140.9177773467995
2025-11-16,trinidad,2.3943086977679878e-05,122.26756423829616
2025-11-23,trinidad,1.8157740288822026e-05,96.21940497484651
2025-11-30,trinidad,1.4762684260435514e-05,76.17841981428022
2025-12-07,trinidad,1.4051838530544293e-05,74.59187846461859
2025-12-14,trinidad,1.1219834444649216e-05,48.532662536428184
2025-12-21,trinidad,8.28460370698411e-06,20.51254700621108
2025-12-28,trinidad,7.539342390809808e-06,16.356517595363762
2026-01-04,trinidad,5.483567360486137e-06,-29.035110007435172
2026-01-11,trinidad,4.97665395954422e-06,-30.55516624982335
2026-01-18,trinidad,5.569450110737372e-06,-14.527852232680516
2026-01-25,trinidad,6.012193782145228e-06,-14.25874611795166
2026-02-01,trinidad,6.8435289712284405e-06,-9.991750106370745
2026-02-08,trinidad,8.011178469949605e-06,-1.4745387827494127
2026-02-15,trinidad,7.819657621508261e-06,-2.218790927174652
2026-02-22,trinidad,8.886692997974009e-06,11.875066989960636
2026-03-01,trinidad,9.260438479277895e-06,24.339937907068254
2026-03-08,trinidad,9.331914224141214e-06,17.793721794650708
2026-03-15,trinidad,9.146724759042047e-06,16.07578669144054
2026-03-22,trinidad,8.93642067479499e-06,13.525002377992301
2026-03-29,trinidad,8.374215830569123e-06,5.456744813655945
2026-04-05,trinidad,7.271610275114296e-06,-11.376332247053433
2026-04-12,trinidad,6.897933695592163e-06,-13.969976787774918
2026-04-19,trinidad,6.400102678892975e-06,-31.569028822514866
2026-04-26,trinidad,4.946638807703362e-06,-64.26301448033449
2026-05-03,trinidad,5.408682480057512e-06,-72.72446386725679
2026-05-10,trinidad,5.275451193948868e-06,-80.51992296347805
2026-05-17,trinidad,5.060320778701e-06,-93.59079694975972
2026-06-07,trinidad,6.030623600988053e-06,-96.77393043269227
2026-06-14,trinidad,5.814929648744329e-06,-109.13119540419717
2026-06-21,trinidad,5.884552364274012e-06,-116.27968339015524
2026-06-28,trinidad,7.225178810799706e-06,-111.83208292368133
2026-07-05,trinidad,9.521093966013977e-06,-91.31292906496391
2026-07-12,trinidad,1.1069308586762755e-05,-94.32287843260471
2026-07-19,trinidad,1.3155105773383896e-05,-90.87021937418811
2026-07-26,trinidad,1.4013087113373733e-05,-89.30700693978136
2026-08-02,trinidad,1.3985966668446154e-05,-101.31810047731324
2026-08-09,trinidad,1.115960541530877e-05,-130.22966672765025
2026-08-16,trinidad,1.3004263314642698e-05,-115.38860132006334
2026-08-23,trinidad,1.294176796564575e-05,-115.08118634028452
2018-07-22,cobija,1.1426796933782543e-05,
2018-07-29,cobija,1.2387861524849875e-05,
2018-08-05,cobija,1.2067374732024079e-05,
2018-08-12,cobija,1.1495327601003161e-05,
2018-08-19,cobija,1.3142439002359522e-05,
2018-08-26,cobija,1.544836632883585e-05,
2018-09-02,cobija,1.6848234622620315e-05,
2018-09-09,cobija,1.8546039583666804e-05,
2018-09-16,cobija,1.9478163544983107e-05,
2018-09-23,cobija,2.0120732598114182e-05,
2018-09-30,cobija,2.1423840341008345e-05,
2018-10-07,cobija,1.9802875733823966e-05,
2018-10-14,cobija,1.799762667314717e-05,
2018-10-21,cobija,1.6837119251007725e-05,
2018-10-28,cobija,1.476924503831605e-05,
2018-11-04,cobija,1.406235640329982e-05,
2018-11-11,cobija,1.331191389825594e-05,
2018-11-18,cobija,1.1753830703690215e-05,
2018-11-25,cobija,1.1162105116447204e-05,
2018-12-02,cobija,1.0910868546924514e-05,
2018-12-09,cobija,1.0153452601786538e-05,
2018-12-16,cobija,7.71368317150114e-06,
2018-12-23,cobija,7.3423811405138584e-06,
2018-12-30,cobija,6.4564862260288344e-06,
2019-01-06,cobija,6.222554381511679e-06,
2019-01-13,cobija,6.314817667560216e-06,
2019-01-20,cobija,6.719672243743215e-06,
2019-01-27,cobija,7.026760681174283e-06,
2019-02-03,cobija,7.237519829616227e-06,
2019-02-10,cobija,7.513144941162302e-06,
2019-02-17,cobija,7.5512665190328244e-06,
2019-02-24,cobija,7.903276810760125e-06,
2019-03-03,cobija,7.857977199431453e-06,
2019-03-10,cobija,8.266472796713159e-06,
2019-03-17,cobija,8.792218417505153e-06,
2019-03-24,cobija,8.15340839609184e-06,
2019-03-31,cobija,7.785948285583622e-06,
2019-04-07,cobija,7.614694310643021e-06,
2019-04-14,cobija,7.478000649143029e-06,
2019-04-21,cobija,7.264598225400169e-06,
2019-04-28,cobija,6.6844666391236235e-06,
2019-05-05,cobija,6.9695877452171785e-06,
2019-05-12,cobija,6.06350890696735e-06,
2019-05-19,cobija,5.049065575713035e-06,
2019-05-26,cobija,4.751098412465956e-06,
2019-06-02,cobija,4.756119965874265e-06,
2019-06-09,cobija,5.672788978853191e-06,
2019-06-16,cobija,5.983705184079745e-06,
2019-06-23,cobija,5.619821770436076e-06,
2019-06-30,cobija,6.138470887831676e-06,
2019-07-07,cobija,6.34166997556619e-06,
2019-07-14,cobija,6.658692203287045e-06,
2019-07-21,cobija,6.837564434483976e-06,
2019-07-28,cobija,7.4307313822245116e-06,
2019-08-04,cobija,9.761625403974592e-06,
2019-08-11,cobija,1.1624071606746944e-05,
2019-08-18,cobija,1.470997399594768e-05,
2019-08-25,cobija,1.5989427550039354e-05,
2019-09-01,cobija,1.698358159226995e-05,
2019-09-08,cobija,2.0124554989700297e-05,
2019-09-15,cobija,2.0661176450662242e-05,
2019-09-22,cobija,2.02669977979259e-05,
2019-09-29,cobija,2.062210614218276e-05,
2019-10-06,cobija,1.968489246874068e-05,
2019-10-13,cobija,1.9484131476478815e-05,
2019-10-20,cobija,1.9716814815780836e-05,
2019-10-27,cobija,1.9616291204460898e-05,
2019-11-03,cobija,1.7440777768134862e-05,
2019-11-10,cobija,1.59865598206521e-05,
2019-11-17,cobija,1.4573235888255402e-05,
2019-11-24,cobija,1.18755121649428e-05,
2019-12-01,cobija,1.0345733147880838e-05,
2019-12-08,cobija,9.64357707246055e-06,
2019-12-15,cobija,9.20468894764664e-06,
2019-12-22,cobija,7.775425218658076e-06,
2019-12-29,cobija,7.100380027297068e-06,
2020-01-05,cobija,7.347823494001506e-06,
2020-01-12,cobija,7.5056244315533e-06,
2020-01-19,cobija,8.010700205652003e-06,
2020-01-26,cobija,8.278071794813219e-06,
2020-02-02,cobija,8.387300104846736e-06,
2020-02-09,cobija,8.395189704738895e-06,
2020-02-16,cobija,8.380931599075735e-06,
2020-02-23,cobija,8.366145285207207e-06,
2020-03-01,cobija,7.80925865878733e-06,
2020-03-08,cobija,7.897773205946005e-06,
2020-03-15,cobija,7.758328865056495e-06,
2020-03-29,cobija,7.543874134797118e-06,
2020-04-05,cobija,8.013695099504898e-06,
2020-04-12,cobija,7.033906104921107e-06,
2020-04-19,cobija,6.966649349640424e-06,
2020-04-26,cobija,6.842695499720568e-06,
2020-05-03,cobija,6.539350996638812e-06,
2020-05-10,cobija,6.161499935265745e-06,
2020-05-17,cobija,6.038641774881759e-06,
2020-05-24,cobija,5.9131110048217514e-06,
2020-05-31,cobija,4.8027931452506345e-06,
2020-06-07,cobija,4.734250634547284e-06,
2020-06-14,cobija,4.118194899826092e-06,
2020-06-21,cobija,4.76547959409966e-06,
2020-06-28,cobija,4.604225880060909e-06,
2020-07-05,cobija,5.003903626790844e-06,
2020-07-12,cobija,5.224117717308111e-06,
2020-07-19,cobija,5.789477949410732e-06,-67.99190819270677
2020-07-26,cobija,6.917077158910931e-06,-59.1976530956714
2020-08-02,cobija,7.715404959951302e-06,-39.87216828579587
2020-08-09,cobija,1.045780375476904e-05,-22.84981419422092
2020-08-16,cobija,1.154244492594736e-05,-28.196364522118778
2020-08-23,cobija,1.2055962729086317e-05,-33.46865113018325
2020-08-30,cobija,1.4693059502421382e-05,-23.288102712857572
2020-09-06,cobija,1.5315249705515584e-05,-23.215645146867026
2020-09-13,cobija,1.673432109539431e-05,-15.183225400619094
2020-09-20,cobija,1.6976934582016565e-05,-13.86384653429733
2020-09-27,cobija,2.0167065503529367e-05,-5.656737668381595
2020-10-04,cobija,1.9220526419604656e-05,-7.243080525581469
2020-10-11,cobija,1.851022148961203e-05,5.1135769721803115
2020-10-18,cobija,1.808142877480171e-05,11.788155195654682
2020-10-25,cobija,1.7852868329070246e-05,15.584612479227644
2020-11-01,cobija,1.656732533255607e-05,17.261770578526914
2020-11-08,cobija,1.5935602426940363e-05,17.989633634400803
2020-11-15,cobija,1.4516008446664947e-05,26.048496462472315
2020-11-22,cobija,1.2133445013102364e-05,19.498852142037215
2020-11-29,cobija,1.1258695836686737e-05,15.636777138753644
2020-12-06,cobija,1.0009070298340352e-05,26.049592466467253
2020-12-13,cobija,8.848716426220593e-06,18.66092158330588
2020-12-20,cobija,8.007829914206173e-06,21.533456034983978
2020-12-27,cobija,7.050364330285061e-06,11.04558200666439
2021-01-03,cobija,6.599718684001861e-06,-1.801235560522052
2021-01-10,cobija,6.349880263030495e-06,-6.564438633138536
2021-01-17,cobija,6.077286086039094e-06,-17.47203538400086
2021-01-24,cobija,5.591105636414538e-06,-29.69307206901295
2021-01-31,cobija,6.011256915714017e-06,-25.355791651047
2021-02-07,cobija,6.014104786252116e-06,-29.1723290109406
2021-02-21,cobija,6.066689363256004e-06,-31.41053602043442
2021-02-28,cobija,6.333249775065042e-06,-26.639441521680496
2021-03-07,cobija,6.917251801709958e-06,-18.358546747328397
2021-03-14,cobija,7.2074684738452e-06,-12.331827149298924
2021-03-21,cobija,6.99254210219045e-06,-8.5235675361659
2021-03-28,cobija,6.493446905263191e-06,-14.117196342502147
2021-04-04,cobija,6.426916635810293e-06,-12.251809735481523
2021-04-11,cobija,6.3170011458891475e-06,-10.173161235033135
2021-04-18,cobija,6.566969868439475e-06,-1.773390377876538
2021-04-25,cobija,6.711100310883879e-06,-3.7793157697640467
2021-05-02,cobija,6.602145717511099e-06,5.937500082611713
2021-05-09,cobija,6.77444353820505e-06,12.859804213078618
2021-05-23,cobija,6.561181223198754e-06,25.583031846951876
2021-05-30,cobija,7.33349412421731e-06,39.151935080810674
2021-06-06,cobija,7.3165424044706406e-06,43.176203122191836
2021-06-13,cobija,8.278614200985532e-06,52.153675016672096
2021-06-20,cobija,8.307434472984528e-06,40.494828825125495
2021-06-27,cobija,8.80575537529764e-06,33.84730331919705
2021-07-04,cobija,8.970106971372633e-06,51.03222318387317
2021-07-11,cobija,1.02682399060425e-05,51.447995709986394
2021-07-18,cobija,1.1042161756738617e-05,55.457869612842536
2021-07-25,cobija,1.242015102198586e-05,57.95250769656075
2021-08-01,cobija,1.2667320512265988e-05,62.416954179077955
2021-08-08,cobija,1.61262273466541e-05,50.19880504547736
2021-08-15,cobija,1.801571048034192e-05,34.735394394886754
2021-08-22,cobija,1.8919858730900803e-05,25.168633011036157
2021-08-29,cobija,1.8614307578375657e-05,13.906281588310243
2021-09-05,cobija,1.8824705039025864e-05,15.036669507966316
2021-09-12,cobija,2.0804241021854855e-05,17.100319356478977
2021-09-19,cobija,2.1762744316776788e-05,5.262850005258102
2021-09-26,cobija,2.1624759231987028e-05,3.091496873217814
2021-10-03,cobija,2.0478373550321666e-05,0.9456410327461029
2021-10-10,cobija,1.7612637734029407e-05,-16.11342999850436
2021-10-17,cobija,1.7130887823358834e-05,-16.440892150124498
2021-10-24,cobija,1.689936052706708e-05,-12.703248528805666
2021-10-31,cobija,1.6601158543808398e-05,-16.012787911896353
2021-11-07,cobija,1.5648463848881905e-05,-22.59876493479709
2021-11-14,cobija,1.370448392622289e-05,-27.964267876235382
2021-11-21,cobija,1.2154166446417924e-05,-28.098945613815296
2021-11-28,cobija,9.501088025633972e-06,-40.64132022009943
2021-12-05,cobija,9.70446355902713e-06,-15.410554859699843
2021-12-12,cobija,1.0146921217387701e-05,-1.151954116877718
2021-12-19,cobija,9.515066899247768e-06,-5.985948179448464
2021-12-26,cobija,7.966310953257605e-06,-13.017566809654646
2022-01-02,cobija,7.795143177098152e-06,2.4432077708720357
2022-01-09,cobija,7.78838108475621e-06,5.822887250680431
2022-01-16,cobija,7.595741494941482e-06,1.1935096939300394
2022-01-23,cobija,7.348827850986607e-06,-5.85034431667335
2022-01-30,cobija,7.799294385155244e-06,-6.26727370360971
2022-02-06,cobija,7.213314545940237e-06,-16.844759044082735
2022-02-13,cobija,7.206718416070375e-06,-18.177132096141335
2022-02-20,cobija,7.211447372294355e-06,-17.21583060883365
2022-02-27,cobija,7.75645295064456e-06,-7.394061565146792
2022-03-06,cobija,7.2157199725368286e-06,-14.79312634780694
2022-03-13,cobija,6.869278685081268e-06,-13.064338163222367
2022-03-20,cobija,6.457417921382364e-06,-19.748691009984576
2022-03-27,cobija,6.823802927311694e-06,-15.76141917861964
2022-04-10,cobija,6.993927446596643e-06,-10.37246936385312
2022-04-17,cobija,6.0485438796988465e-06,-25.66113398398553
2022-04-24,cobija,6.480434280469649e-06,-12.450318421012696
2022-05-01,cobija,6.082299762558701e-06,-13.594509474027383
2022-05-08,cobija,6.548591111999343e-06,0.1412004548773993
2022-05-15,cobija,6.773584130022878e-06,10.510319006691127
2022-05-22,cobija,7.0059232396755505e-06,14.857685339484128
2022-05-29,cobija,6.454276904326746e-06,12.045790466493678
2022-06-05,cobija,6.6876565943911075e-06,17.82568459153744
2022-06-12,cobija,7.105216025658001e-06,19.353241021271117
2022-06-19,cobija,7.560312470397313e-06,46.80890682062362
2022-06-26,cobija,8.391612322715328e-06,64.17479815832081
2022-07-03,cobija,8.737730686963729e-06,66.03047987138915
2022-07-10,cobija,8.048224611309857e-06,44.955867512504
2022-07-17,cobija,7.732569450375336e-06,28.939908381447843
2022-07-24,cobija,6.372048746746217e-06,-6.729930730159239
2022-07-31,cobija,6.850277179318983e-06,-14.338029446044054
2022-08-07,cobija,7.633784233825494e-06,-8.838252263485735
2022-08-14,cobija,9.976622243096757e-06,-3.997395674240245
2022-08-21,cobija,1.0813728426778963e-05,-7.818479802668499
2022-08-28,cobija,1.4763949430758592e-05,15.821424786427052
2022-09-04,cobija,1.8441731518345012e-05,22.724087424946582
2022-09-11,cobija,2.115943559423406e-05,23.462416750137116
2022-09-18,cobija,2.2763425848550886e-05,18.882503103082016
2022-09-25,cobija,2.535598944308623e-05,24.774285798830675
2022-10-02,cobija,2.4318937274564368e-05,24.575830684290167
2022-10-09,cobija,2.612628491109987e-05,36.80565152788464
2022-10-16,cobija,2.4523327593513696e-05,31.746062520009843
2022-10-23,cobija,2.236712513221514e-05,37.30653927552652
2022-10-30,cobija,2.0844897690138918e-05,36.185713195874314
2022-11-06,cobija,1.9307049189956558e-05,53.93294788995586
2022-11-13,cobija,1.7810488660530023e-05,65.63930341608888
2022-11-20,cobija,1.5790350275975942e-05,59.85000364490318
2022-11-27,cobija,1.2211888329604379e-05,46.77186209617581
2022-12-04,cobija,1.2088914078003104e-05,59.695184000964296
2022-12-11,cobija,1.2372417600234294e-05,63.88140486789933
2022-12-18,cobija,1.0941323615981249e-05,54.41108218278803
2022-12-25,cobija,1.0424282809324974e-05,59.241002420521305
2023-01-01,cobija,1.0746213758888848e-05,56.999525515954375
2023-01-08,cobija,1.0091978951112892e-05,57.227065524993215
2023-01-15,cobija,9.583635698237571e-06,46.05672961676177
2023-01-22,cobija,1.0514483112808986e-05,55.25842113317889
2023-01-29,cobija,1.0488264565208192e-05,43.51605930059179
2023-02-05,cobija,9.984416808959244e-06,36.700700617990734
2023-02-12,cobija,9.51203981266295e-06,27.744056845480358
2023-02-19,cobija,8.7966239088346e-06,22.952383402397736
2023-02-26,cobija,8.843829245343289e-06,26.46309694227611
2023-03-05,cobija,8.543681967976632e-06,28.469716330436512
2023-03-12,cobija,8.461568595172313e-06,29.22899762579476
2023-03-19,cobija,8.209917741680094e-06,20.300768889487664
2023-03-26,cobija,7.723684241118953e-06,14.052856520477874
2023-04-02,cobija,7.759151647996352e-06,18.691625754669516
2023-04-09,cobija,7.81699676554488e-06,17.512978420785075
2023-04-16,cobija,7.514012984740623e-06,5.2833399263199965
2023-04-23,cobija,7.558262431402061e-06,3.0189236179246848
2023-04-30,cobija,7.78961035404272e-06,0.9279612528954928
2023-05-07,cobija,7.913197425284371e-06,0.3193819209673876
2023-05-14,cobija,7.301564823498528e-06,-12.558690279299434
2023-05-21,cobija,7.68935833575319e-06,-18.35151016892329
2023-05-28,cobija,8.368234467409355e-06,-2.955430756828825
2023-06-04,cobija,8.137824823484573e-06,-5.711682257222073
2023-06-11,cobija,9.141364534716684e-06,1.4376921706855228
2023-06-18,cobija,8.62003335583295e-06,-8.260996115424568
2023-06-25,cobija,9.540763327376871e-06,-9.034942468023743
2023-07-02,cobija,9.852810054600415e-06,-15.144302784115027
2023-07-09,cobija,9.959143123759405e-06,-22.150674803344117
2023-07-16,cobija,8.651391218105824e-06,-46.503227807131786
2023-07-23,cobija,1.0045398243229887e-05,-50.465142084847336
2023-07-30,cobija,1.0844143794330453e-05,-52.146466610388664
2023-08-06,cobija,1.1816055893116424e-05,-45.44712341526438
2023-08-13,cobija,1.223672363267015e-05,-47.635443843090286
2023-08-20,cobija,1.498908205153236e-05,-36.6331569244279
2023-08-27,cobija,1.3903013970069995e-05,-43.18583479924438
2023-09-03,cobija,1.4673055529136893e-05,-30.000011435125984
2023-09-10,cobija,1.7044110720941016e-05,-0.5078407760885639
2023-09-17,cobija,1.8208571013599766e-05,7.4616635462883
2023-09-24,cobija,1.959618130182222e-05,22.382196557393463
2023-10-01,cobija,1.9824922240460715e-05,31.235454592975742
2023-10-08,cobija,2.144721275491727e-05,48.44281972799358
2023-10-15,cobija,2.2196650375683355e-05,62.6057333955643
2023-10-22,cobija,2.1586545341105373e-05,81.00106401322265
2023-10-29,cobija,1.9404246507127945e-05,63.42587140406071
2023-11-05,cobija,1.697025738034802e-05,68.64823732178458
2023-11-12,cobija,1.3979131446426217e-05,64.76450845881985
2023-11-19,cobija,1.1388152980454786e-05,36.337074279276926
2023-11-26,cobija,1.0371668527686901e-05,30.214728931507118
2023-12-03,cobija,1.013235669474318e-05,34.976270323786274
2023-12-10,cobija,8.893778221522281e-06,19.081113158606833
2023-12-17,cobija,9.61077736274877e-06,20.885184457369732
2023-12-24,cobija,8.376879771419389e-06,19.58506091742791
2023-12-31,cobija,7.3486003442733534e-06,1.0505593588067796
2024-01-07,cobija,7.30221754262361e-06,-6.034706071990392
2024-01-14,cobija,6.652627178386785e-06,-3.20472647589245
2024-01-21,cobija,6.975746945223549e-06,4.9485795757849615
2024-01-28,cobija,7.042798116598986e-06,3.8559603900774064
2024-02-04,cobija,7.506775920981384e-06,7.021205533272479
2024-02-11,cobija,7.715530642837706e-06,16.967865801760063
2024-02-18,cobija,7.549339413415105e-06,18.134325779916516
2024-02-25,cobija,7.332826822538981e-06,19.723925212661086
2024-03-03,cobija,8.10533869011692e-06,28.714006723403962
2024-03-10,cobija,8.051450753917511e-06,19.803767692752494
2024-03-17,cobija,7.1453935869026555e-06,5.864603081467834
2024-03-24,cobija,6.552650270579415e-06,1.5126592267014516
2024-03-31,cobija,6.155725678029701e-06,-9.14251603232863
2024-04-07,cobija,5.644331712296411e-06,-27.342932907063044
2024-04-14,cobija,5.294066579834584e-06,-45.19132960504866
2024-04-21,cobija,5.92272836505272e-06,-31.149940743294735
2024-04-28,cobija,5.1573734806312415e-06,-45.18278309008679
2024-05-05,cobija,6.230106496171701e-06,-23.721607138794987
2024-05-12,cobija,5.8959473139587606e-06,-32.26639092028094
2024-05-19,cobija,5.878167254265344e-06,-31.464444612928055
2024-05-26,cobija,5.535753669343129e-06,-40.4872383302477
2024-06-02,cobija,5.909917365540994e-06,-29.111086773853323
2024-06-09,cobija,6.114354414534447e-06,-4.128185267573237
2024-06-16,cobija,6.1548694998948765e-06,-10.704555846964858
2024-06-23,cobija,5.197123008066466e-06,-67.99488901578208
2024-06-30,cobija,4.893290351652908e-06,-104.28588261240819
2024-07-07,cobija,5.490247237954484e-06,-121.16428251040591
2024-07-14,cobija,5.648932492421621e-06,-135.72098484868337
2024-07-21,cobija,8.165179625141205e-06,-112.04092214756791
2024-07-28,cobija,1.147032957374665e-05,-88.66466416309677
2024-08-04,cobija,1.2831553218861097e-05,-64.09832461883252
2024-08-11,cobija,1.395741154964145e-05,-47.158159175212866
2024-08-18,cobija,1.9137108663848725e-05,-2.8782522925004272
2024-08-25,cobija,1.8788029848284096e-05,0.1975013014977378
2024-09-01,cobija,2.02726876179529e-05,12.948700824507853
2024-09-08,cobija,2.0848691760775867e-05,19.620896279895383
2024-09-15,cobija,2.155331361448789e-05,24.66380177594356
2024-09-29,cobija,2.2013074294006342e-05,33.22375515042655
2024-10-06,cobija,2.3594796917258384e-05,65.86162876027561
2024-10-13,cobija,2.466963059425087e-05,70.60187310764121
2024-10-20,cobija,2.3842090643792158e-05,65.59829252327614
2024-10-27,cobija,2.219702500725459e-05,72.3864707832913
2024-11-03,cobija,1.7437401503094273e-05,52.01065006474348
2024-11-10,cobija,1.745558629509484e-05,58.62308072176372
2024-11-17,cobija,1.6097913510170478e-05,51.86326387526261
2024-11-24,cobija,1.402299916217209e-05,34.42363315543275
2024-12-01,cobija,1.1627176881882438e-05,13.508302103618952
2024-12-08,cobija,1.014579658996901e-05,3.963940146508982
2024-12-15,cobija,9.65844650549925e-06,10.373582982455964
2024-12-22,cobija,9.153703643690698e-06,4.856902499364679
2024-12-29,cobija,8.870189949172986e-06,9.722545148907713
2025-01-05,cobija,8.71443651398879e-06,11.933161976833517
2025-01-12,cobija,8.686578554655005e-06,14.48935301704708
2025-01-19,cobija,9.089558641144636e-06,12.450493553620134
2025-01-26,cobija,8.855670587936399e-06,11.841299346502154
2025-02-02,cobija,8.91026618006149e-06,13.533927575563354
2025-02-09,cobija,8.761270434293174e-06,11.755008128355016
2025-02-16,cobija,8.59305166325918e-06,16.28652459964055
2025-02-23,cobija,9.109799529111075e-06,15.018729682479659
2025-03-02,cobija,8.207971690842273e-06,4.221713731710786
2025-03-09,cobija,8.530580649547464e-06,3.8381680523251305
2025-03-16,cobija,8.857237044246079e-06,8.346216079397806
2025-03-23,cobija,8.529947872809855e-06,-6.922641651891404
2025-03-30,cobija,7.955559514170991e-06,-12.009186877134148
2025-04-13,cobija,7.176437328656601e-06,-15.820323510151013
2025-04-20,cobija,7.08097437074275e-06,-22.771652275807597
2025-04-27,cobija,6.723147704653906e-06,-33.62977625463106
2025-05-04,cobija,6.853750297448632e-06,-36.56259626917713
2025-05-11,cobija,6.323940834686057e-06,-46.42353885873316
2025-05-18,cobija,6.6798088744569054e-06,-38.92286287020141
2025-05-25,cobija,5.245047323131898e-06,-59.20577730225087
2025-06-01,cobija,5.6188940981634546e-06,-43.158527761869436
2025-06-08,cobija,6.621281118446095e-06,-38.589321388173836
2025-06-15,cobija,5.905054959563388e-06,-58.03942475795019
2025-06-22,cobija,6.729046871558613e-06,-48.77012935258627
2025-06-29,cobija,6.919106163650646e-06,-43.0384000118762
2025-07-06,cobija,7.281180955337451e-06,-44.4949273832588
2025-07-13,cobija,7.652456393123755e-06,-46.941487074469634
2025-07-20,cobija,1.0001191249305185e-05,-38.066804256947684
2025-07-27,cobija,1.1069022275520914e-05,-27.863465117913044
2025-08-03,cobija,1.102840036780688e-05,-28.553905749745212
2025-08-10,cobija,1.1439731805866734e-05,-39.871218966571575
2025-08-17,cobija,1.4015760092017544e-05,-29.386900898228774
2025-08-24,cobija,1.392539669689645e-05,-30.328641413453106
2025-08-31,cobija,1.6110255670637683e-05,-29.541209082820608
2025-09-07,cobija,1.5981435100886098e-05,-32.79506885414989
2025-09-14,cobija,1.7937888138227012e-05,-18.515508807822734
2025-09-21,cobija,1.8678871678084866e-05,-10.019583001425758
2025-09-28,cobija,2.0317126072319555e-05,12.126984682522313
2025-10-05,cobija,1.7578474764100446e-05,12.758905313628155
2025-10-12,cobija,1.7088627942423567e-05,29.16335461606856
2025-10-19,cobija,1.6790033623077755e-05,40.49183496895026
2025-10-26,cobija,1.586844962359541e-05,42.52549287049465
2025-11-09,cobija,1.4778381335147537e-05,37.74314559884502
2025-11-16,cobija,1.2317544730444055e-05,30.26775856768147
2025-11-23,cobija,1.1927851953008518e-05,29.200261523087967
2025-11-30,cobija,1.1660971090010716e-05,37.09731351162926
2025-12-14,cobija,1.040708158306986e-05,20.716941591561877
2025-12-21,cobija,1.0401324606306957e-05,36.36125002846615
2025-12-28,cobija,1.0652505902340738e-05,38.987355905615395
2026-01-04,cobija,8.436991001073085e-06,23.761388751080048
2026-01-11,cobija,8.030693414347972e-06,9.022083729176167
2026-01-18,cobija,8.15121968081001e-06,20.652306088254768
2026-01-25,cobija,8.022244624251205e-06,6.64121922530807
2026-02-01,cobija,8.243820292100684e-06,15.024097071831655
2026-02-08,cobija,7.230698108469771e-06,-9.424101953145048
2026-02-15,cobija,6.9131534888642286e-06,-5.893519300304284
2026-02-22,cobija,6.474518073530682e-06,-16.74510871429362
2026-03-01,cobija,6.456203250323913e-06,-14.970697362108787
2026-03-08,cobija,6.775565126868331e-06,-14.645094995018937
2026-03-15,cobija,6.927763395107302e-06,-3.093087680483819
2026-03-22,cobija,7.1593694393483645e-06,12.963252997536046
2026-03-29,cobija,7.29836010872258e-06,10.778009100518737
2026-04-05,cobija,6.875411013983562e-06,0.34351553983551497
2026-04-12,cobija,6.659511811321449e-06,0.24336281032315554
2026-04-19,cobija,6.730868963253962e-06,8.612730511221756
2026-04-26,cobija,6.813427393833883e-06,14.960011274799356
2026-05-03,cobija,6.780462736664931e-06,18.339354505110883
2026-05-10,cobija,7.020708131558252e-06,22.186037658500624
2026-05-17,cobija,7.204522704539692e-06,25.239788526345208
2026-06-07,cobija,7.880363119805553e-06,29.468074632276853
2026-06-14,cobija,6.953035969512369e-06,18.004004066793655
2026-06-21,cobija,6.646749891131257e-06,11.533078181864553
2026-06-28,cobija,6.573709607937932e-06,17.00319232893719
2026-07-05,cobija,6.590536382624509e-06,10.419776510211953
2026-07-12,cobija,7.511065307118325e-06,24.999411143892836
2026-07-19,cobija,7.490239256325238e-06,29.020511831512685
2026-07-26,cobija,8.516157049346326e-06,40.705432586608126
2026-08-02,cobija,8.643451662065853e-06,34.24158182214647
2026-08-09,cobija,8.803568772377041e-06,35.79136244696812
2026-08-16,cobija,1.0451043835815253e-05,55.54093449333841
2026-08-23,cobija,1.067840217081174e-05,59.81457494760711
2018-07-15,montero,1.2668533895849592e-05,
2018-07-22,montero,1.2106659981345586e-05,
2018-07-29,montero,1.1179302386348561e-05,
2018-08-05,montero,1.3602415108352363e-05,
2018-08-12,montero,1.6346326738307006e-05,
2018-08-19,montero,1.806469872635023e-05,
2018-08-26,montero,2.037673210243751e-05,
2018-09-02,montero,2.36076490217447e-05,
2018-09-09,montero,2.641674513902055e-05,
2018-09-16,montero,3.0050026006410077e-05,
2018-09-23,montero,3.175896148049651e-05,
2018-09-30,montero,3.208900191619026e-05,
2018-10-07,montero,3.056257418032819e-05,
2018-10-14,montero,3.213146888617886e-05,
2018-10-21,montero,3.064198814337565e-05,
2018-10-28,montero,2.907688577114388e-05,
2018-11-04,montero,2.3940969589348047e-05,
2018-11-11,montero,2.3599306194598667e-05,
2018-11-18,montero,2.0015226488727096e-05,
2018-11-25,montero,1.8955302197885548e-05,
2018-12-02,montero,1.7732576709176683e-05,
2018-12-09,montero,1.4806337545268034e-05,
2018-12-16,montero,1.3189358714135907e-05,
2018-12-23,montero,1.200271626326142e-05,
2018-12-30,montero,9.910013857636816e-06,
2019-01-06,montero,9.706303807622163e-06,
2019-01-20,montero,9.537060113793479e-06,
2019-01-27,montero,9.015610655092354e-06,
2019-02-03,montero,9.976146380359742e-06,
2019-02-10,montero,9.45005598665899e-06,
2019-02-17,montero,9.720532500961386e-06,
2019-02-24,montero,1.0666109031501417e-05,
2019-03-03,montero,1.0880738389849428e-05,
2019-03-10,montero,1.104371289431702e-05,
2019-03-24,montero,1.0619320757603766e-05,
2019-03-31,montero,1.0783160549674283e-05,
2019-04-07,montero,1.0005718567889576e-05,
2019-04-14,montero,9.385756155118543e-06,
2019-04-21,montero,9.523738674572188e-06,
2019-04-28,montero,9.395319511803367e-06,
2019-05-05,montero,9.217752104114278e-06,
2019-05-12,montero,9.317397434939931e-06,
2019-05-19,montero,8.911883133490709e-06,
2019-05-26,montero,8.6847558625888e-06,
2019-06-02,montero,8.780525990178281e-06,
2019-06-09,montero,9.253117766732317e-06,
2019-06-16,montero,9.864459701081698e-06,
2019-06-23,montero,1.0399315083172665e-05,
2019-06-30,montero,1.0432777719551183e-05,
2019-07-07,montero,1.0701564124623848e-05,
2019-07-14,montero,1.1002670148449372e-05,
2019-07-21,montero,1.052151945928443e-05,
2019-07-28,montero,1.1445661983232524e-05,
2019-08-04,montero,1.4205556873486089e-05,
2019-08-11,montero,1.6278938217199897e-05,
2019-08-18,montero,2.0366222094774698e-05,
2019-08-25,montero,2.3608487072127353e-05,
2019-09-01,montero,2.5534883494638593e-05,
2019-09-08,montero,2.7195429462208424e-05,
2019-09-15,montero,2.8950264324847074e-05,
2019-09-22,montero,2.9408431931131643e-05,
2019-09-29,montero,3.06187032624709e-05,
2019-10-06,montero,3.101710138682982e-05,
2019-10-13,montero,2.8950795910575953e-05,
2019-10-20,montero,2.7834173807259358e-05,
2019-10-27,montero,2.4532307432793143e-05,
2019-11-03,montero,2.184096847091592e-05,
2019-11-10,montero,2.1092578189101635e-05,
2019-11-17,montero,1.878901255312297e-05,
2019-11-24,montero,1.7655034806657688e-05,
2019-12-01,montero,1.4983187571372036e-05,
2019-12-08,montero,1.39908841830039e-05,
2019-12-15,montero,1.3348095133756263e-05,
2019-12-22,montero,1.2324383149583237e-05,
2019-12-29,montero,1.1869111913896852e-05,
2020-01-05,montero,1.1183421801388821e-05,
2020-01-12,montero,1.0814687399403302e-05,
2020-01-19,montero,1.094873446324671e-05,
2020-01-26,montero,1.16165016221775e-05,
2020-02-02,montero,1.1399890907233868e-05,
2020-02-09,montero,1.05041540684173e-05,
2020-02-16,montero,1.1377765122914837e-05,
2020-02-23,montero,1.1605580892679016e-05,
2020-03-01,montero,1.165419705562675e-05,-5.344049466406631
2020-03-08,montero,1.07224292234301e-05,-12.48845145657107
2020-03-15,montero,9.502957923468786e-06,-16.24609569122395
2020-03-22,montero,9.395989227999429e-06,-36.996443812212476
2020-03-29,montero,9.388029198865802e-06,-53.67058839074463
2020-04-05,montero,9.21956187708064e-06,-58.95775376137635
2020-04-12,montero,8.77527463967456e-06,-78.27833421278658
2020-04-19,montero,8.865092119120487e-06,-86.34103609044689
2020-04-26,montero,9.185593782415666e-06,-94.39344070626348
2020-05-03,montero,8.920861584094533e-06,-94.47334660793646
2020-05-10,montero,8.441670110427452e-06,-114.08179252326356
2020-05-17,montero,7.5146085776173245e-06,-139.06157249169837
2020-05-24,montero,6.810159298439108e-06,-156.0539035389537
2020-05-31,montero,7.308761430473078e-06,-143.0702369950188
2020-06-07,montero,7.557072790000354e-06,-144.73519709292935
2020-06-14,montero,7.687212729677873e-06,-131.31327691315934
2020-06-21,montero,8.86963883174451e-06,-97.92297460820353
2020-07-05,montero,9.015145726159366e-06,-80.05733518137212
2020-07-12,montero,9.115021866629382e-06,-70.14276498222323
2020-07-19,montero,1.092155249747686e-05,-35.70367223891342
2020-07-26,montero,1.0918580523934231e-05,-21.854044068981082
2020-08-02,montero,1.4191421507511688e-05,35.90919161746342
2020-08-09,montero,1.708089974478468e-05,67.4599623170403
2020-08-16,montero,1.77114571579895e-05,61.902645343968565
2020-08-23,montero,1.9365523797034672e-05,88.29757422457511
2020-08-30,montero,2.2025357406583655e-05,76.2031360099435
2020-09-06,montero,2.612926659532663e-05,98.88156105829592
2020-09-13,montero,2.7191533765651115e-05,93.58343317668485
2020-09-20,montero,2.7790550360374688e-05,93.69379805932692
2020-09-27,montero,2.76073397519431e-05,95.5406615436628
2020-10-04,montero,2.9015825494737402e-05,109.24213186627227
2020-10-11,montero,2.6050424723971128e-05,102.08408348527823
2020-10-18,montero,2.3952753984684065e-05,93.39035662734112
2020-10-25,montero,2.1587767784518704e-05,83.19152070116118
2020-11-01,montero,1.940141096823912e-05,77.98993311827846
2020-11-08,montero,1.7638325434132394e-05,69.76519480727887
2020-11-15,montero,1.5132972175668964e-05,55.50386929989202
2020-11-22,montero,1.4127391010281056e-05,45.06351194824987
2020-11-29,montero,1.4488831415931784e-05,45.96425323967992
2020-12-06,montero,1.430955626339383e-05,37.19892155425679
2020-12-13,montero,1.368913624334406e-05,26.893460119870838
2020-12-20,montero,1.3315624073269318e-05,23.028181501001477
2020-12-27,montero,1.2856912825470138e-05,18.221206531929113
2021-01-03,montero,1.2255135957196912e-05,13.167947280674674
2021-01-10,montero,1.1627680770309222e-05,10.887185059945814
2021-01-17,montero,1.1814473733864024e-05,12.867766774641254
2021-01-24,montero,1.1752400392948238e-05,-3.449606588258547
2021-01-31,montero,1.1474457904870457e-05,-11.517044728598513
2021-02-07,montero,9.777089092696406e-06,-37.35914162167706
2021-02-14,montero,9.452729871799114e-06,-47.50055043377728
2021-02-21,montero,9.161516632061282e-06,-56.065708753239285
2021-02-28,montero,8.731087119150757e-06,-76.4689716333466
2021-03-07,montero,7.897943332438655e-06,-94.21814509798239
2021-03-14,montero,7.412570961477195e-06,-114.60521585640163
2021-03-21,montero,7.43528186979256e-06,-116.19367141523841
2021-03-28,montero,7.819994206374248e-06,-118.33616838297675
2021-04-04,montero,8.004171085180904e-06,-122.30861332517674
2021-04-11,montero,7.876332883964294e-06,-127.77721436508588
2021-04-18,montero,7.728979526143261e-06,-133.9461732406349
2021-04-25,montero,7.8213934413253e-06,-133.83617985220047
2021-05-02,montero,8.331397835108885e-06,-129.7170643501927
2021-05-09,montero,9.047336179367162e-06,-124.21282598964893
2021-05-16,montero,1.0792275939806587e-05,-97.37862719664906
2021-05-23,montero,1.1203438762522665e-05,-91.04811132718176
2021-05-30,montero,1.0825665608245543e-05,-91.49721564314817
2021-06-06,montero,1.1028946568064655e-05,-83.19698618192568
2021-06-13,montero,1.1945336436067609e-05,-70.12372325994053
2021-06-20,montero,1.2388411100044632e-05,-61.20566384484292
2021-06-27,montero,1.3105844689933944e-05,-45.22456303372113
2021-07-04,montero,1.272618012357514e-05,-37.809753254249934
2021-07-11,montero,1.4129502563265143e-05,-8.270546278581037
2021-07-18,montero,1.4376588256375995e-05,-1.8858792122884438
2021-07-25,montero,1.479266168759421e-05,12.616429267634288
2021-08-01,montero,2.4922401911274118e-05,74.54803667407415
2021-08-08,montero,2.9696459432934203e-05,101.4142472301101
2021-08-15,montero,3.081321937498599e-05,107.65543307116926
2021-08-22,montero,3.573321328670327e-05,112.93779886863611
2021-08-29,montero,3.572649321288588e-05,114.22887345502488
2021-09-05,montero,3.913641729018513e-05,123.5392398989216
2021-09-12,montero,2.9243084456435726e-05,94.50338614595762
2021-09-19,montero,2.9398821055084638e-05,90.3651574022108
2021-09-26,montero,2.9369897977301336e-05,107.85456910299604
2021-10-03,montero,3.0224371430192088e-05,112.3253167036994
2021-10-10,montero,3.1741646811262584e-05,123.84649761404845
2021-10-17,montero,3.1529168527180135e-05,122.95855846771708
2021-10-24,montero,3.070558095261493e-05,127.77491138712378
2021-10-31,montero,3.02650009316161e-05,124.22806398608301
2021-11-07,montero,2.6643878320040124e-05,106.49230541130078
2021-11-14,montero,2.3553857894984106e-05,104.65018459367403
2021-11-21,montero,2.1267276945903366e-05,96.60130421013022
2021-11-28,montero,1.802350609411924e-05,89.36089988073306
2021-12-05,montero,1.7290118160968737e-05,88.13778735410747
2021-12-12,montero,1.5019752175546027e-05,69.17833490746742
2021-12-19,montero,1.4424855773028499e-05,70.04840285261392
2021-12-26,montero,1.4990960845696885e-05,68.54259417934384
2022-01-02,montero,1.3606947230027476e-05,57.1009079089567
2022-01-09,montero,1.2751316951090403e-05,34.168011089370864
2022-01-16,montero,1.289506009027237e-05,34.69204921895841
2022-01-23,montero,1.2470126252821924e-05,12.226438117274618
2022-01-30,montero,1.3097686884390468e-05,13.37963848808812
2022-02-06,montero,1.3566375004736553e-05,-6.848889578765416
2022-02-13,montero,1.3545484478239485e-05,-25.491069739220862
2022-02-20,montero,1.241287187964349e-05,-47.341312436677185
2022-02-27,montero,1.2757433528313544e-05,-52.507966278636964
2022-03-06,montero,1.1920688353186958e-05,-78.47806038837905
2022-03-13,montero,1.2153686134678249e-05,-77.6061110225994
2022-03-20,montero,1.0878454267833773e-05,-92.10891948900564
2022-03-27,montero,1.120331743530881e-05,-90.18717363868411
2022-04-03,montero,1.0630205135187223e-05,-101.37969040175463
2022-04-10,montero,9.952359856761865e-06,-103.49539452122585
2022-04-17,montero,8.50094305498792e-06,-108.83587551364542
2022-04-24,montero,6.6763472953370734e-06,-114.20247237352186
2022-05-01,montero,7.312263850284054e-06,-97.57928756879011
2022-05-08,montero,8.406450652299952e-06,-67.10890525359616
2022-05-15,montero,9.291205710656342e-06,-43.286090488928686
2022-05-22,montero,9.227093240935972e-06,-43.23722879271141
2022-05-29,montero,9.675620566194095e-06,-40.27059159669708
2022-06-05,montero,9.995723806418137e-06,-35.84219921794034
2022-06-12,montero,1.0583121648791977e-05,-28.412124785901582
2022-06-19,montero,1.1474485733898113e-05,-16.556996002042546
2022-06-26,montero,1.199472304808588e-05,-8.68905571520866
2022-07-03,montero,1.3793741982954261e-05,14.145994792198557
2022-07-10,montero,1.566871717429314e-05,31.15426745179022
2022-07-17,montero,1.609693656630626e-05,43.89297189546202
2022-07-24,montero,1.689080788190021e-05,60.16267973976159
2022-07-31,montero,1.6768191299077317e-05,65.25938277339414
2022-08-07,montero,1.7960433381205886e-05,76.55092611286136
2022-08-14,montero,2.0356330006876954e-05,96.25578441795551
2022-08-21,montero,2.1317139534354322e-05,105.32749317177607
2022-08-28,montero,2.5061880280337067e-05,117.9313144452502
2022-09-04,montero,2.6271839628014467e-05,120.04430799869237
2022-09-11,montero,2.9914932474305455e-05,129.896954945613
2022-09-18,montero,3.21246511237504e-05,141.2760955084181
2022-09-25,montero,3.515013720265525e-05,141.22850230430384
2022-10-02,montero,3.549435860011401e-05,136.69034016179822
2022-10-09,montero,3.40164827576514e-05,114.80145066340519
2022-10-16,montero,3.276100186681554e-05,107.30180769880224
2022-10-23,montero,2.998669628022099e-05,99.85317179467152
2022-10-30,montero,2.4217295799651204e-05,67.03056334447943
2022-11-06,montero,1.9066694420397436e-05,37.814946170203
2022-11-13,montero,1.638568114065181e-05,24.42215662286813
2022-11-20,montero,1.5370579894421124e-05,8.323957180285113
2022-11-27,montero,1.4835737496763265e-05,-2.0095025527810506
2022-12-04,montero,1.6654916320833044e-05,-40.30616267911
2022-12-11,montero,1.6544422705505872e-05,-57.9578879182991
2022-12-18,montero,1.6626387470821507e-05,-61.69527584348007
2022-12-25,montero,1.5603670291800508e-05,-79.34753054659024
2023-01-01,montero,1.3697755081767843e-05,-97.50873027399116
2023-01-08,montero,1.2460429452138306e-05,-113.5049100424931
2023-01-15,montero,1.1175670665049916e-05,-96.75800063574175
2023-01-22,montero,9.480926698689254e-06,-112.78542553112878
2023-01-29,montero,8.740215751030374e-06,-123.72054109979925
2023-02-05,montero,8.388122426124441e-06,-128.10459563265687
2023-02-12,montero,8.363263305344722e-06,-126.74871400765059
2023-02-19,montero,8.302733067777502e-06,-128.82367202000412
2023-02-26,montero,7.128602871426329e-06,-147.98949447988326
2023-03-05,montero,6.420307280724272e-06,-158.6814308278699
2023-03-12,montero,6.057356870282198e-06,-164.6438829329499
2023-03-19,montero,7.969609654971418e-06,-132.18134160278706
2023-03-26,montero,9.18753008581589e-06,-120.72055648320514
2023-04-02,montero,9.632963292507183e-06,-101.73685244901716
2023-04-09,montero,1.0771246072728472e-05,-78.24094412777089
2023-04-16,montero,1.0906932214753235e-05,-71.20101983811136
2023-04-23,montero,1.2126309152870444e-05,-51.30123337872039
2023-04-30,montero,1.1848643605195832e-05,-39.39152614993624
2023-05-14,montero,1.0938955802293309e-05,-31.703580181869384
2023-05-21,montero,1.0711006534249409e-05,-30.953960648187007
2023-05-28,montero,9.996723478768216e-06,-38.52828227238625
2023-06-04,montero,9.990722822343203e-06,-40.579046454087475
2023-06-11,montero,8.963612158504087e-06,-44.62123315215649
2023-06-18,montero,8.902259621035118e-06,-37.23970763967497
2023-06-25,montero,7.891603912316916e-06,-51.17575753907442
2023-07-02,montero,8.154542413609945e-06,-41.68670444757172
2023-07-09,montero,9.12608592036072e-06,-32.75056864629331
2023-07-16,montero,9.9757168781511e-06,-26.846785336103096
2023-07-23,montero,1.2086498517957311e-05,-12.316123090250564
2023-07-30,montero,1.3930170830093078e-05,-0.01497600500854901
2023-08-06,montero,1.718260985971585e-05,32.51638286765601
2023-08-13,montero,1.992160803550514e-05,47.885206762295596
2023-08-20,montero,2.189035250156791e-05,59.527373777884485
2023-08-27,montero,2.2157290105934072e-05,62.769875942959175
2023-09-03,montero,2.5544881643480056e-05,82.42270354924503
2023-09-10,montero,2.732010893350479e-05,98.2010091574395
2023-09-17,montero,2.923589875976935e-05,117.44094088858539
2023-09-24,montero,3.1155976234944766e-05,147.73971620613474
2023-10-01,montero,3.172613455655846e-05,154.7237597415709
2023-10-08,montero,3.0452984086893892e-05,142.6631070865584
2023-10-15,montero,2.988119617086556e-05,126.82300460196672
2023-10-22,montero,3.3499845480357437e-05,130.05042574442243
2023-10-29,montero,3.282047117573689e-05,125.0757572342394
2023-11-05,montero,3.093650403439096e-05,111.99243440165975
2023-11-12,montero,2.9249934166287654e-05,93.84791411807907
2023-11-19,montero,2.970380582802371e-05,94.43279276483274
2023-11-26,montero,2.911386157615724e-05,93.10884648611903
2023-12-03,montero,2.2343076988841083e-05,66.239247724765
2023-12-10,montero,1.847662243434357e-05,31.817878081418804
2023-12-17,montero,1.6787842638325195e-05,15.725479304996703
2023-12-24,montero,1.4419648061365812e-05,-6.695879712884967
2023-12-31,montero,1.3879445685229298e-05,-12.00434828193302
2024-01-07,montero,1.2551240668252868e-05,-30.214982853511607
2024-01-14,montero,1.2383433376298652e-05,-31.04100003387149
2024-01-21,montero,1.20089669517779e-05,-33.3830099933806
2024-01-28,montero,1.1635156624856642e-05,-43.41399347498065
2024-02-04,montero,1.1702764734777889e-05,-55.58348830430493
2024-02-11,montero,1.1645090990114663e-05,-66.76175838035867
2024-02-18,montero,1.1765259941396475e-05,-75.61968613903912
2024-02-25,montero,1.17754773170193e-05,-75.98308347970305
2024-03-03,montero,1.126399720741943e-05,-97.14685824553104
2024-03-10,montero,1.2048704815092597e-05,-94.36128510502382
2024-03-17,montero,1.1185839005308229e-05,-109.0738088370669
2024-03-24,montero,1.0869948842180279e-05,-117.12423406033227
2024-03-31,montero,1.0811346075116044e-05,-116.40076887843627
2024-04-07,montero,1.024281176615012e-05,-116.26626720748999
2024-04-14,montero,1.0933609982064966e-05,-106.38230121226862
2024-04-21,montero,1.0391993962329297e-05,-107.11030491209729
2024-04-28,montero,1.066163251257085e-05,-84.73852624181681
2024-05-05,montero,1.0034338779871798e-05,-72.92981519609168
2024-05-12,montero,9.43667025741136e-06,-66.81829693562787
2024-05-19,montero,9.532458268623803e-06,-63.0795925714148
2024-05-26,montero,9.724408563168313e-06,-51.711035960511076
2024-06-02,montero,9.435742271065634e-06,-48.795043801363214
2024-06-09,montero,9.033043662679508e-06,-49.61495939629277
2024-06-16,montero,9.156474434183651e-06,-56.25841264016138
2024-06-23,montero,9.23151894980535e-06,-56.914196863450606
2024-06-30,montero,9.236770992944815e-06,-62.731166179665365
2024-07-07,montero,9.951845948138676e-06,-50.829099199143
2024-07-14,montero,1.0021935199126816e-05,-50.46184760662484
2024-07-21,montero,1.371181914344039e-05,-16.59611838721151
2024-07-28,montero,1.729860039395923e-05,22.064460027713473
2024-08-04,montero,1.776785097305477e-05,26.01587424157792
2024-08-11,montero,2.0652593932295345e-05,49.69682765253918
2024-08-18,montero,2.6830686419538403e-05,92.36373028205165
2024-08-25,montero,2.970997940563198e-05,109.14545303915818
2024-09-01,montero,3.1610269299981644e-05,128.55471708111796
2024-09-08,montero,3.422304865606845e-05,141.87260612022357
2024-09-15,montero,3.6052995196144704e-05,151.51213992246753
2024-09-22,montero,3.9050558841553674e-05,156.12397842180545
2024-09-29,montero,4.15450996500718e-05,168.24329280739187
2024-10-06,montero,4.268552178910334e-05,182.66290382605152
2024-10-13,montero,4.235107844935934e-05,181.761516166552
2024-10-20,montero,4.030514736055636e-05,192.5635537041597
2024-10-27,montero,4.052364641534083e-05,187.24640852582547
2024-11-03,montero,3.5894777730946544e-05,138.39004992144552
2024-11-10,montero,3.0751607422754135e-05,115.39943483107749
2024-11-17,montero,2.180395773357828e-05,72.31126606234106
2024-11-24,montero,2.0261866726839816e-05,63.42993235834893
2024-12-01,montero,1.8698065058620474e-05,46.4995583677716
2024-12-15,montero,1.5331972993236924e-05,25.77269887198348
2024-12-22,montero,1.2763979905528017e-05,17.196352143751525
2024-12-29,montero,1.1820404399435231e-05,15.349679204970101
2025-01-05,montero,1.1814369454370257e-05,13.716650399307717
2025-01-12,montero,1.1926150286968624e-05,21.716495689395643
2025-01-19,montero,1.1141047225658785e-05,14.63490257406228
2025-01-26,montero,1.15113508313285e-05,34.436932730234204
2025-02-02,montero,1.2033580447195894e-05,41.400804217913745
2025-02-09,montero,1.215645793515387e-05,39.09441172770105
2025-02-16,montero,1.3141592003900849e-05,34.24235536087803
2025-02-23,montero,1.161153836467165e-05,-5.1088679395190795
2025-03-02,montero,1.1824912446523053e-05,-8.186719948380983
2025-03-09,montero,1.1406548572724275e-05,-19.98694245043442
2025-03-16,montero,1.0288151086189502e-05,-41.64831205018178
2025-03-23,montero,9.820854337553575e-06,-57.140205692736146
2025-03-30,montero,9.478678432845445e-06,-67.8729043398203
2025-04-06,montero,9.149120569166784e-06,-76.59252789550504
2025-04-13,montero,8.096263219098007e-06,-101.88038106165358
2025-04-20,montero,8.471734800850345e-06,-96.55531120599025
2025-04-27,montero,8.05965628227359e-06,-99.94252390284721
2025-05-04,montero,8.508559163671009e-06,-102.18893661137952
2025-05-11,montero,9.114423415280992e-06,-103.77994485520254
2025-05-18,montero,8.918002646078432e-06,-110.38032286666386
2025-05-25,montero,8.9035331174022e-06,-112.20203305605293
2025-06-01,montero,9.18012634833435e-06,-115.83145271329158
2025-06-08,montero,9.729531156286114e-06,-117.2575254097719
2025-06-15,montero,9.806943362742072e-06,-113.88000389203813
2025-06-22,montero,9.386702437278845e-06,-118.84754029743956
2025-06-29,montero,9.432221290333682e-06,-117.16299566207144
2025-07-06,montero,1.185749930356922e-05,-103.8580306257499
2025-07-13,montero,1.4255720474547225e-05,-77.3860529754545
2025-07-20,montero,1.736053164396196e-05,-55.02757758409054
2025-07-27,montero,1.8276886137246845e-05,-42.107457661149716
2025-08-03,montero,1.8896091889704704e-05,-31.078135602876067
2025-08-10,montero,1.8725288926821685e-05,1.3368678483118401
2025-08-17,montero,1.999438337083193e-05,27.00152661992803
2025-08-24,montero,2.192673536674645e-05,41.9114959989054
2025-08-31,montero,2.4836584961950756e-05,74.31025899876644
2025-09-07,montero,2.7061939355805066e-05,78.17687276007454
2025-09-14,montero,3.092100752820788e-05,98.0793150727587
2025-09-21,montero,3.242688483553756e-05,102.83249449271193
2025-09-28,montero,3.3781145645689574e-05,105.93806217118313
2025-10-05,montero,3.242118480578245e-05,101.58400722925035
2025-10-12,montero,3.189477356939e-05,99.59030431541595
2025-10-19,montero,3.165761873881467e-05,101.62505260775383
2025-10-26,montero,3.190192460912104e-05,95.30759043168331
2025-11-09,montero,2.9189402633563413e-05,88.10785251764628
2025-11-16,montero,2.4362033175569034e-05,71.95869618691884
2025-11-23,montero,2.1486981245266404e-05,65.83394411396472
2025-11-30,montero,1.718709572678984e-05,46.35627086134342
2025-12-07,montero,1.5252357347951933e-05,41.1755318422637
2025-12-14,montero,1.2798596345177661e-05,15.749397473990356
2025-12-21,montero,1.0546232771652729e-05,4.044190177485163
2025-12-28,montero,1.0274337102195511e-05,-1.2388017488174086
2026-01-04,montero,1.0767788373518813e-05,0.9907568651998488
2026-01-11,montero,9.30021555652454e-06,-5.6123285606700435
2026-01-18,montero,9.666597054090059e-06,-1.2265932963632764
2026-01-25,montero,1.0905080479370984e-05,14.472393186449395
2026-02-01,montero,1.0889464690328147e-05,8.194682634859873
2026-02-08,montero,1.112751708695122e-05,14.838827972823587
2026-02-15,montero,1.0861639262754295e-05,18.434787627839277
2026-02-22,montero,1.1443981222167873e-05,21.484033275672232
2026-03-01,montero,1.1810613612704219e-05,21.41819741219315
2026-03-08,montero,1.1156403660598856e-05,11.425559599477353
2026-03-15,montero,1.0067323432196067e-05,-12.328334327621882
2026-03-22,montero,1.0509037667918413e-05,-12.508885995449504
2026-03-29,montero,9.921406669506606e-06,-32.35634595072199
2026-04-05,montero,1.040735802406947e-05,-53.487764087830136
2026-04-12,montero,9.626717440499224e-06,-78.58744439273605
2026-04-19,montero,8.947166219888804e-06,-99.4905601465197
2026-04-26,montero,8.585983575799071e-06,-113.94151912450674
2026-05-03,montero,8.706723937955997e-06,-122.73874027098088
2026-05-10,montero,8.023882000071915e-06,-137.1059700968413
2026-05-17,montero,8.5296104825414e-06,-144.14462487313102
2026-06-07,montero,7.70655706746023e-06,-162.27856534219393
2026-06-14,montero,7.692073173173484e-06,-165.5753431054359
2026-06-21,montero,7.417324205390117e-06,-169.83982072941723
2026-06-28,montero,8.376353843275907e-06,-162.84470769919164
2026-07-05,montero,1.011520342607061e-05,-143.73035024647402
2026-07-12,montero,1.13969641229912e-05,-126.31321719305487
2026-07-19,montero,1.1982983404748372e-05,-112.09427517268686
2026-07-26,montero,1.2616414559056082e-05,-98.40284364223226
2026-08-02,montero,1.269602310776936e-05,-60.61352620646048
2026-08-09,montero,1.2774935492137035e-05,-46.12555465791566
2026-08-16,montero,1.3850888358084681e-05,-20.472926844922767
2026-08-23,montero,1.3983366740828164e-05,-15.16440737852367
2018-08-12,yacuiba,1.129232146922535e-05,
2018-08-19,yacuiba,1.4048414971767642e-05,
2018-08-26,yacuiba,1.3803870344074024e-05,
2018-09-02,yacuiba,1.6198275036393786e-05,
2018-09-09,yacuiba,1.8125193737616143e-05,
2018-09-16,yacuiba,1.8396901620077448e-05,
2018-09-23,yacuiba,1.948922650193057e-05,
2018-09-30,yacuiba,2.1324485253659664e-05,
2018-10-07,yacuiba,1.9275968533963457e-05,
2018-10-14,yacuiba,2.0621615811785986e-05,
2018-10-21,yacuiba,2.0204160669219105e-05,
2018-10-28,yacuiba,1.9543148809120827e-05,
2018-11-04,yacuiba,1.9226979934302816e-05,
2018-11-11,yacuiba,1.8971158232222127e-05,
2018-11-18,yacuiba,1.821355555301055e-05,
2018-11-25,yacuiba,1.7753526185947496e-05,
2018-12-09,yacuiba,1.7463370466437013e-05,
2018-12-16,yacuiba,1.643392005776109e-05,
2018-12-23,yacuiba,1.5335641248703468e-05,
2018-12-30,yacuiba,1.3289823319505495e-05,
2019-01-06,yacuiba,1.2712594830620216e-05,
2019-01-27,yacuiba,1.1529686558284041e-05,
2019-02-03,yacuiba,1.274079562792584e-05,
2019-02-10,yacuiba,1.2237733632813394e-05,
2019-02-17,yacuiba,1.1772645192710605e-05,
2019-02-24,yacuiba,1.1662628503850588e-05,
2019-03-03,yacuiba,1.0901507218527756e-05,
2019-03-10,yacuiba,1.066535496410473e-05,
2019-03-31,yacuiba,9.026289314538784e-06,
2019-04-07,yacuiba,9.33355291722435e-06,
2019-04-14,yacuiba,7.523372145986565e-06,
2019-04-28,yacuiba,6.617045841494947e-06,
2019-05-12,yacuiba,6.137117252287273e-06,
2019-05-19,yacuiba,5.538446820664206e-06,
2019-05-26,yacuiba,6.138223059441199e-06,
2019-06-02,yacuiba,6.210852716114008e-06,
2019-06-09,yacuiba,7.132501437039168e-06,
2019-06-16,yacuiba,7.91711792705123e-06,
2019-06-23,yacuiba,7.659850165962437e-06,
2019-06-30,yacuiba,8.296852243668255e-06,
2019-07-07,yacuiba,8.495226043925986e-06,
2019-07-14,yacuiba,9.263444934167185e-06,
2019-07-21,yacuiba,9.864754076443699e-06,
2019-07-28,yacuiba,1.0197345181126423e-05,
2019-08-04,yacuiba,8.763990640706118e-06,
2019-08-11,yacuiba,1.0492887170893497e-05,
2019-08-18,yacuiba,1.131163123517664e-05,
2019-08-25,yacuiba,1.2951517857833784e-05,
2019-09-01,yacuiba,1.4179096050679093e-05,
2019-09-08,yacuiba,1.5508442791881514e-05,
2019-09-15,yacuiba,1.7525952036883172e-05,
2019-09-22,yacuiba,1.8105695493422938e-05,
2019-09-29,yacuiba,1.8999448004382932e-05,
2019-10-06,yacuiba,1.9763205985036022e-05,
2019-10-13,yacuiba,1.938813527953806e-05,
2019-10-27,yacuiba,1.6094111031519088e-05,
2019-11-03,yacuiba,1.6918655695152023e-05,
2019-11-10,yacuiba,1.6087568389244244e-05,
2019-11-17,yacuiba,1.4227620276409811e-05,
2019-11-24,yacuiba,1.269304204462966e-05,
2019-12-01,yacuiba,1.1882585066417562e-05,
2019-12-08,yacuiba,1.1860136408301889e-05,
2019-12-15,yacuiba,9.657786676032361e-06,
2019-12-22,yacuiba,8.573451836775024e-06,
2019-12-29,yacuiba,8.634043705132973e-06,
2020-01-05,yacuiba,6.884410397250634e-06,
2020-01-12,yacuiba,6.2932247788725575e-06,
2020-01-19,yacuiba,7.610019750126693e-06,
2020-01-26,yacuiba,7.140680506237716e-06,
2020-02-02,yacuiba,7.190172440188714e-06,
2020-02-09,yacuiba,8.1549443091107e-06,
2020-02-16,yacuiba,8.37143672009849e-06,
2020-02-23,yacuiba,8.571104013419813e-06,
2020-03-01,yacuiba,8.331581128021838e-06,
2020-03-08,yacuiba,9.171080573848618e-06,
2020-03-15,yacuiba,8.216424429023928e-06,
2020-03-22,yacuiba,7.611432830081319e-06,
2020-03-29,yacuiba,7.692383116323485e-06,
2020-04-05,yacuiba,7.440259705597209e-06,
2020-04-12,yacuiba,7.255457507568837e-06,
2020-04-19,yacuiba,8.014618520594105e-06,
2020-04-26,yacuiba,6.906324800397556e-06,
2020-05-03,yacuiba,7.220786161538551e-06,
2020-05-10,yacuiba,6.728006336965673e-06,
2020-05-17,yacuiba,7.038717582936513e-06,
2020-05-24,yacuiba,6.403402269891834e-06,
2020-05-31,yacuiba,6.402041794660319e-06,
2020-06-07,yacuiba,7.84812343225762e-06,
2020-06-14,yacuiba,8.604276890329994e-06,
2020-06-21,yacuiba,8.700032833351573e-06,
2020-06-28,yacuiba,7.961988916441092e-06,
2020-07-05,yacuiba,7.612975649839423e-06,-33.425509739099724
2020-07-12,yacuiba,7.644597818640145e-06,-52.81736020700656
2020-07-19,yacuiba,7.461041521182966e-06,-63.281455744840365
2020-07-26,yacuiba,6.445901116924558e-06,-78.49231707503748
2020-08-02,yacuiba,6.735664456162456e-06,-87.2533422417117
2020-08-09,yacuiba,1.1230441610638307e-05,-44.97401902203002
2020-08-16,yacuiba,1.3337955274484854e-05,-34.529640841615716
2020-08-23,yacuiba,1.3840699161862572e-05,-28.032955491914713
2020-08-30,yacuiba,1.7716559847348633e-05,-18.535616813346856
2020-09-06,yacuiba,1.8346759319518324e-05,-3.534147074863725
2020-09-13,yacuiba,1.933382786003917e-05,-4.403225640248465
2020-09-20,yacuiba,1.9621552114153408e-05,2.0314062213815376
2020-09-27,yacuiba,2.2638143787296044e-05,25.953069068352796
2020-10-04,yacuiba,2.6679996223226535e-05,67.70783113150216
2020-10-11,yacuiba,2.900354829672845e-05,83.50081879566264
2020-10-18,yacuiba,3.021812208761406e-05,84.97549917572852
2020-10-25,yacuiba,3.0643604277810994e-05,97.57987836137562
2020-11-01,yacuiba,2.8960504773601512e-05,78.46037810522013
2020-11-08,yacuiba,2.6610796040007885e-05,81.55383633428013
2020-11-15,yacuiba,2.287671051239186e-05,68.65644323747446
2020-11-22,yacuiba,2.2313832504555653e-05,62.27730354373282
2020-11-29,yacuiba,1.9046678616090486e-05,69.4278933434303
2020-12-06,yacuiba,1.786710680498139e-05,68.28200593603012
2020-12-13,yacuiba,1.533444274719139e-05,84.04524354387775
2020-12-20,yacuiba,1.546600921287319e-05,85.5582181270389
2020-12-27,yacuiba,1.4808401631382772e-05,96.50967210310739
2021-01-03,yacuiba,1.4507842430426225e-05,91.13289790015227
2021-01-10,yacuiba,1.3433386592737743e-05,78.3207848722773
2021-01-17,yacuiba,1.2779455201103945e-05,64.32373506116846
2021-01-24,yacuiba,1.0664344014455748e-05,28.346552598001296
2021-01-31,yacuiba,9.59566358345307e-06,16.277037881588186
2021-02-07,yacuiba,8.937362738464756e-06,4.120992478688557
2021-02-14,yacuiba,8.786112218418116e-06,-5.2903684718110355
2021-02-21,yacuiba,7.5789864892983625e-06,-24.88295257390334
2021-02-28,yacuiba,8.757697052742852e-06,-10.72399500253347
2021-03-07,yacuiba,8.457852010477473e-06,-11.519445532171169
2021-03-14,yacuiba,8.765997629448315e-06,-14.924587204378525
2021-03-21,yacuiba,9.401802776086663e-06,-17.822146482883205
2021-03-28,yacuiba,8.904810197930755e-06,-23.923990677305618
2021-04-04,yacuiba,8.798493112985675e-06,-24.58478159012234
2021-04-11,yacuiba,9.050564264466386e-06,-31.981479585615347
2021-04-18,yacuiba,9.339629717412062e-06,-32.69463837380524
2021-04-25,yacuiba,9.696496194033449e-06,-33.775729543482846
2021-05-02,yacuiba,8.133402039944876e-06,-62.67643854578342
2021-05-09,yacuiba,7.985872530057163e-06,-74.53387461916688
2021-05-16,yacuiba,8.090301830794557e-06,-77.17914778171232
2021-05-23,yacuiba,7.901966974501177e-06,-82.91148443234064
2021-05-30,yacuiba,8.506185342772859e-06,-77.10912973454089
2021-06-06,yacuiba,8.639185460822862e-06,-82.75136223614687
2021-06-13,yacuiba,8.425072490921482e-06,-78.17887458551205
2021-06-20,yacuiba,8.516706941176853e-06,-80.93902211357822
2021-06-27,yacuiba,8.536746490621343e-06,-78.57123193940029
2021-07-04,yacuiba,9.169371063727777e-06,-56.474230768815836
2021-07-11,yacuiba,1.0065900721967694e-05,-51.045430290743
2021-07-18,yacuiba,9.96764584816103e-06,-40.72077642941636
2021-07-25,yacuiba,1.1134185917748423e-05,-16.35173237550962
2021-08-01,yacuiba,1.219424616574059e-05,-1.3663481225492546
2021-08-08,yacuiba,1.3363297028762179e-05,11.932902620582375
2021-08-15,yacuiba,1.3066669809654617e-05,34.25457936200562
2021-08-22,yacuiba,1.635774794345557e-05,67.32265494450047
2021-08-29,yacuiba,1.6990969578360235e-05,92.25868395840529
2021-09-05,yacuiba,1.8578829735821985e-05,85.67759783210818
2021-09-12,yacuiba,1.657319008047907e-05,84.19782535550091
2021-09-19,yacuiba,1.833756782926766e-05,79.11468273465286
2021-09-26,yacuiba,1.7723832467401876e-05,73.74966799699311
2021-10-03,yacuiba,1.7547517654393793e-05,65.79046312615162
2021-10-10,yacuiba,1.7298702003535847e-05,66.97349286721312
2021-10-17,yacuiba,1.5097688601259839e-05,49.848654208044074
2021-10-24,yacuiba,1.581593154201001e-05,65.48826273266482
2021-10-31,yacuiba,1.5145735297053207e-05,67.74883601823464
2021-11-07,yacuiba,1.5516322113444863e-05,71.03246860310897
2021-11-14,yacuiba,1.501411468500722e-05,69.13535955984464
2021-11-21,yacuiba,1.4067422883882579e-05,63.870145331039474
2021-11-28,yacuiba,1.4909272032740073e-05,62.071611424450346
2021-12-05,yacuiba,1.3857456174748908e-05,60.66718950717558
2021-12-12,yacuiba,1.3687536323263972e-05,67.9781756402626
2021-12-19,yacuiba,1.425496844206453e-05,68.01416749302973
2021-12-26,yacuiba,1.3003103959078637e-05,62.021951075522
2022-01-02,yacuiba,1.204556283962645e-05,53.72703709852189
2022-01-09,yacuiba,1.0360645365181152e-05,45.52263230652844
2022-01-16,yacuiba,9.425443180746808e-06,34.918138780879815
2022-01-23,yacuiba,9.261234840101224e-06,27.24600236507051
2022-01-30,yacuiba,9.684441223531543e-06,11.826120768442117
2022-02-06,yacuiba,8.235509723949398e-06,-11.645685488845992
2022-02-13,yacuiba,7.834066399046685e-06,-10.484508864144715
2022-02-20,yacuiba,8.11358505627507e-06,8.555301161602813
2022-02-27,yacuiba,7.031937999861147e-06,-10.72589788718279
2022-03-06,yacuiba,6.401806043459674e-06,-17.28719885781853
2022-03-13,yacuiba,5.978501822657947e-06,-22.152501332389818
2022-03-20,yacuiba,6.091751395891323e-06,-6.790942085453366
2022-03-27,yacuiba,6.5381821266251875e-06,0.9841839016187848
2022-04-03,yacuiba,6.669185043933545e-06,-19.85425043406064
2022-04-10,yacuiba,6.546662461050377e-06,-32.37398815719281
2022-04-17,yacuiba,6.478590789468319e-06,-51.82863817944234
2022-04-24,yacuiba,6.515114967774003e-06,-70.64558962741697
2022-05-01,yacuiba,6.962781336611207e-06,-68.25350449730382
2022-05-08,yacuiba,6.808550024636005e-06,-81.54920765281979
2022-05-15,yacuiba,7.065848584955115e-06,-86.21087717619372
2022-05-22,yacuiba,6.925559374785064e-06,-97.42341301098882
2022-05-29,yacuiba,6.800112098581743e-06,-102.89200405905365
2022-06-05,yacuiba,7.012025723114436e-06,-101.47371560769702
2022-06-12,yacuiba,7.612542503257704e-06,-94.68313434114731
2022-06-19,yacuiba,8.014323997028479e-06,-103.84058215053767
2022-06-26,yacuiba,8.406031726312575e-06,-109.23879942801662
2022-07-03,yacuiba,8.48665163857146e-06,-113.49431187091135
2022-07-10,yacuiba,1.099928340378024e-05,-96.95880519958564
2022-07-17,yacuiba,1.1364832446098563e-05,-98.71043250537532
2022-07-24,yacuiba,1.3610655771554358e-05,-76.24856897741682
2022-07-31,yacuiba,1.533009054435357e-05,-55.14994003951639
2022-08-07,yacuiba,1.5910261815104378e-05,-36.31550866405959
2022-08-14,yacuiba,1.627593685941541e-05,-23.96240940420231
2022-08-21,yacuiba,1.6436044952065724e-05,-3.8433203627276313
2022-08-28,yacuiba,1.802027536040534e-05,10.30538264851426
2022-09-04,yacuiba,1.878634018883621e-05,21.528374465380296
2022-09-11,yacuiba,2.201980960854848e-05,54.41036659413925
2022-09-18,yacuiba,2.5033852956394635e-05,90.79238790460309
2022-09-25,yacuiba,2.580635351844261e-05,98.93094356501102
2022-10-02,yacuiba,2.5388124131335424e-05,104.40409608344794
2022-10-09,yacuiba,2.5339432407996815e-05,117.50667292308296
2022-10-16,yacuiba,2.3279286891280706e-05,106.38319341472612
2022-10-23,yacuiba,2.2839545729979903e-05,94.02211930518422
2022-10-30,yacuiba,2.0870566142117654e-05,89.85158788370046
2022-11-06,yacuiba,2.0109027543152912e-05,75.34714737433302
2022-11-13,yacuiba,1.907010903492174e-05,71.38555305729977
2022-11-20,yacuiba,2.020896588370578e-05,83.04653088464508
2022-11-27,yacuiba,2.7098020935987e-05,122.17866501887525
2022-12-04,yacuiba,2.82552064366667e-05,121.02883765826621
2022-12-11,yacuiba,2.7636170784025754e-05,125.20137377782596
2022-12-18,yacuiba,2.836766546199046e-05,120.44563702220597
2022-12-25,yacuiba,2.61993992315607e-05,110.94281774070112
2023-01-01,yacuiba,2.657653383405471e-05,114.43855629229418
2023-01-08,yacuiba,2.4594679971845793e-05,105.81501960267144
2023-01-15,yacuiba,1.7538278766765812e-05,70.80207494207133
2023-01-22,yacuiba,1.5566823359753962e-05,48.59081115900672
2023-01-29,yacuiba,1.72646818811166e-05,57.50880608395814
2023-02-05,yacuiba,1.6310827594661646e-05,49.24847243568262
2023-02-12,yacuiba,1.55176623235714e-05,39.26530250173066
2023-02-19,yacuiba,1.435123757084778e-05,25.381599253696763
2023-02-26,yacuiba,1.1881521673801147e-05,-0.7729815293670228
2023-03-05,yacuiba,1.2153811291595758e-05,-9.48691141041138
2023-03-12,yacuiba,9.70083693393719e-06,-29.785253502660147
2023-03-19,yacuiba,8.583175021875526e-06,-58.183357605777886
2023-03-26,yacuiba,9.085205373246687e-06,-59.8633528836265
2023-04-02,yacuiba,8.812528921158033e-06,-69.54148536853388
2023-04-09,yacuiba,8.48814664135842e-06,-78.33520687700872
2023-04-16,yacuiba,8.564006490653673e-06,-77.6674247274439
2023-04-23,yacuiba,7.858644327266981e-06,-74.61722202435456
2023-04-30,yacuiba,7.329218380431643e-06,-87.27704103922669
2023-05-14,yacuiba,6.401246245587964e-06,-106.56488443635972
2023-05-21,yacuiba,5.7821001738381634e-06,-109.60332930680501
2023-05-28,yacuiba,6.105757033174284e-06,-108.98139425343807
2023-06-04,yacuiba,5.952098229184751e-06,-108.10292553060172
2023-06-11,yacuiba,5.8098453486965936e-06,-110.03340158734325
2023-06-18,yacuiba,6.347486150690652e-06,-87.68459767325271
2023-06-25,yacuiba,7.486837192389261e-06,-75.73150894883014
2023-07-02,yacuiba,8.365911824804627e-06,-64.12026164782301
2023-07-09,yacuiba,8.89072263007501e-06,-53.27106618378519
2023-07-16,yacuiba,8.703002984241177e-06,-54.53226009541776
2023-07-23,yacuiba,9.543311476773415e-06,-37.772799017135306
2023-07-30,yacuiba,9.474859001870917e-06,-38.018156995261165
2023-08-06,yacuiba,1.3237479877075164e-05,1.7864095736538133
2023-08-13,yacuiba,1.359264926957854e-05,5.237375519127951
2023-08-20,yacuiba,1.763156016568401e-05,50.62785442906126
2023-08-27,yacuiba,1.649693434151447e-05,65.76220560149383
2023-09-03,yacuiba,1.8576069778468878e-05,65.31967729307465
2023-09-10,yacuiba,1.8530647933663557e-05,60.81655609975787
2023-09-17,yacuiba,2.0641690169407015e-05,93.96351692328491
2023-09-24,yacuiba,2.0742944787387518e-05,97.05893074496146
2023-10-01,yacuiba,2.2347468463753613e-05,115.62507033163439
2023-10-08,yacuiba,2.448801166716672e-05,134.1603533240365
2023-10-15,yacuiba,2.116469536279388e-05,126.49389813820129
2023-10-22,yacuiba,2.2565549704442394e-05,128.88912999530166
2023-10-29,yacuiba,2.458412390336501e-05,134.19118341567557
2023-11-05,yacuiba,2.3246089666129523e-05,126.84777669447129
2023-11-12,yacuiba,2.3467687600632947e-05,127.66691074060734
2023-11-19,yacuiba,2.3551555527479106e-05,129.58905941066268
2023-11-26,yacuiba,2.453784861988813e-05,140.37332524141954
2023-12-03,yacuiba,2.3194051699914347e-05,124.45870828976257
2023-12-10,yacuiba,2.2321449525589165e-05,123.14232212591811
2023-12-17,yacuiba,2.19337580142105e-05,121.08074487446032
2023-12-24,yacuiba,2.1711903133303886e-05,125.37814729592718
2023-12-31,yacuiba,2.027981576798817e-05,109.14469153275945
2024-01-07,yacuiba,1.7037586724105684e-05,89.2408723739683
2024-01-14,yacuiba,1.4303601565707238e-05,74.35722661650566
2024-01-21,yacuiba,1.1985954512143434e-05,45.39382905752891
2024-01-28,yacuiba,9.731351425838219e-06,20.73757711819173
2024-02-04,yacuiba,9.182099238925096e-06,3.791473558863956
2024-02-11,yacuiba,1.0369403967549777e-05,-5.8970581586292425
2024-02-18,yacuiba,9.612445278265805e-06,-11.988130034535871
2024-02-25,yacuiba,8.59695421355221e-06,-33.5374210544904
2024-03-03,yacuiba,8.165040536727469e-06,-47.67189815908015
2024-03-10,yacuiba,8.345391712070434e-06,-48.91435028255362
2024-03-17,yacuiba,1.1167509020437412e-05,-27.30667946661285
2024-03-24,yacuiba,1.1270861317958222e-05,-33.80083700702077
2024-03-31,yacuiba,9.671287597145595e-06,-53.05492495712851
2024-04-07,yacuiba,9.66694096375211e-06,-52.556126618996046
2024-04-21,yacuiba,9.989318810415647e-06,-48.19829058084579
2024-04-28,yacuiba,1.0088607659408467e-05,-47.806011454519926
2024-05-05,yacuiba,9.953441414786507e-06,-52.17902003479509
2024-05-12,yacuiba,9.963055804316044e-06,-49.88521040779368
2024-05-26,yacuiba,9.969380188555167e-06,-55.21838101441663
2024-06-02,yacuiba,6.937873180994977e-06,-98.92982400577512
2024-06-09,yacuiba,8.439258986253953e-06,-94.82423694089536
2024-06-16,yacuiba,9.328453094718218e-06,-92.55458246625832
2024-06-23,yacuiba,1.0619980490267058e-05,-87.33059321233495
2024-06-30,yacuiba,1.0341015188460048e-05,-92.03509268396868
2024-07-07,yacuiba,1.1166948245010092e-05,-83.48308175239313
2024-07-14,yacuiba,1.110092785423447e-05,-82.50156765411134
2024-07-21,yacuiba,1.1911492248781389e-05,-65.09898260727347
2024-07-28,yacuiba,1.1937589032938855e-05,-65.1217795973862
2024-08-04,yacuiba,1.406144909615288e-05,-37.58473579404953
2024-08-11,yacuiba,1.3890831752231738e-05,-32.67811287263349
2024-08-18,yacuiba,1.6077413010240776e-05,-18.866949576479364
2024-08-25,yacuiba,1.679856134023465e-05,-18.483311332885854
2024-09-01,yacuiba,1.782995928513895e-05,-43.55284160461377
2024-09-08,yacuiba,1.715461195943435e-05,-48.81117184498773
2024-09-15,yacuiba,1.8402196114925255e-05,-43.27799449024479
2024-09-22,yacuiba,2.1634430715767004e-05,-21.359666666622168
2024-09-29,yacuiba,2.3377659731631406e-05,-2.5260176016251634
2024-10-06,yacuiba,2.596782373207214e-05,51.17162809660183
2024-10-13,yacuiba,2.750704703583903e-05,46.75339141173804
2024-10-20,yacuiba,3.0037921410007626e-05,60.123257056469726
2024-10-27,yacuiba,2.7912944791832032e-05,62.06004862797787
2024-11-03,yacuiba,2.394524334734739e-05,61.799269247945965
2024-11-10,yacuiba,2.290014707411037e-05,66.15537780803074
2024-11-17,yacuiba,1.787033488737346e-05,57.436525211683964
2024-11-24,yacuiba,1.596057570443516e-05,57.53594763897958
2024-12-01,yacuiba,1.3886259484111885e-05,48.109593068117995
2024-12-08,yacuiba,1.1735068112041267e-05,24.81440265883066
2024-12-15,yacuiba,1.0935997115084527e-05,18.032212000158587
2024-12-22,yacuiba,9.880586596943823e-06,11.439743219108855
2024-12-29,yacuiba,8.815337090183213e-06,7.911311798895859
2025-01-05,yacuiba,9.403979697156699e-06,24.92640944605089
2025-01-12,yacuiba,8.843416045715252e-06,32.31805352331634
2025-01-19,yacuiba,8.34699014163393e-06,33.8157210847049
2025-01-26,yacuiba,9.165682863838684e-06,47.65189942992638
2025-02-02,yacuiba,9.599710770018726e-06,37.33127631586228
2025-02-09,yacuiba,1.0309254557852777e-05,25.15316138129222
2025-02-16,yacuiba,1.1883096101026642e-05,34.11258238367587
2025-02-23,yacuiba,1.3095137530787734e-05,32.476484038994435
2025-03-02,yacuiba,1.2877603767084458e-05,16.75921964200562
2025-03-09,yacuiba,1.2340339061142798e-05,-7.01786960893962
2025-03-23,yacuiba,1.2183395989462864e-05,-8.905258147723494
2025-03-30,yacuiba,1.2039361393560713e-05,-9.671296983977129
2025-04-06,yacuiba,1.1943516981114077e-05,-13.679421554890325
2025-05-04,yacuiba,1.0865384781546137e-05,-22.201583047250395
2025-05-11,yacuiba,1.0514022266244038e-05,-33.680265886521354
2025-05-18,yacuiba,8.37539519573266e-06,-73.67949849423016
2025-05-25,yacuiba,8.03718124136726e-06,-76.50049244180775
2025-06-01,yacuiba,7.5124186771686664e-06,-81.37706581075719
2025-06-08,yacuiba,6.97838362135674e-06,-86.03572490744557
2025-06-15,yacuiba,6.863737099426113e-06,-87.18731870202222
2025-06-22,yacuiba,7.183333082744155e-06,-82.67451712901916
2025-06-29,yacuiba,7.108784687098224e-06,-98.99983440857537
2025-07-06,yacuiba,7.033624857637373e-06,-96.6325552555256
2025-07-13,yacuiba,7.024426681221855e-06,-104.36070018696846
2025-07-20,yacuiba,8.241320546219852e-06,-89.97433998935307
2025-07-27,yacuiba,9.322368417427411e-06,-87.4296328347759
2025-08-03,yacuiba,1.0012785731713974e-05,-86.35964169578952
2025-08-10,yacuiba,9.986474532752313e-06,-87.59153508661761
2025-08-17,yacuiba,1.0044540779083957e-05,-77.93491405684864
2025-08-24,yacuiba,1.0240236403686544e-05,-82.76847754388027
2025-08-31,yacuiba,1.1964380733249975e-05,-64.65108866946281
2025-09-07,yacuiba,1.1188079443501055e-05,-78.5367891046242
2025-09-14,yacuiba,1.3236523630331359e-05,-52.256812795963725
2025-09-21,yacuiba,1.757575713685286e-05,-14.310557716117067
2025-09-28,yacuiba,1.8309402337492353e-05,7.199282963772369
2025-10-05,yacuiba,2.0324957705999964e-05,30.287634771652172
2025-10-12,yacuiba,1.975925212279321e-05,41.84625599927614
2025-10-19,yacuiba,2.080670012051745e-05,67.61794063119702
2025-10-26,yacuiba,2.0662067479991108e-05,75.29467510806711
2025-11-09,yacuiba,1.9352545847854672e-05,68.56197804202182
2025-11-16,yacuiba,1.766586999346297e-05,64.96286992237081
2025-11-23,yacuiba,1.6158862436775607e-05,45.25492599012502
2025-11-30,yacuiba,1.3942764304040667e-05,42.489793190713065
2025-12-07,yacuiba,1.2963599974744556e-05,44.04359324356317
2025-12-14,yacuiba,1.1547897849702709e-05,3.3494834064359935
2025-12-21,yacuiba,1.1027942540477134e-05,-2.178846804206458
2025-12-28,yacuiba,9.801701281751953e-06,-11.204305808670512
2026-01-04,yacuiba,9.605331579346454e-06,-0.6843137230687191
2026-01-11,yacuiba,9.347901669072074e-06,-5.512137961000185
2026-01-18,yacuiba,8.171740321733765e-06,-19.72364623399656
2026-01-25,yacuiba,8.514109576349876e-06,-9.61913213444241
2026-02-01,yacuiba,8.602627194922317e-06,17.711449403991075
2026-02-08,yacuiba,9.05374422132351e-06,9.77020471749075
2026-02-15,yacuiba,9.723569634175963e-06,13.737717779017977
2026-02-22,yacuiba,1.0262816222969983e-05,6.502858425494296
2026-03-01,yacuiba,1.0636724398664195e-05,3.4238415243512677
2026-03-08,yacuiba,1.0704145826014658e-05,5.556655090934193
2026-03-15,yacuiba,1.0340356726295673e-05,-2.1992149201890854
2026-03-22,yacuiba,9.989742888703423e-06,-8.147762880853016
2026-03-29,yacuiba,9.977401222717537e-06,-10.884262476928086
2026-04-05,yacuiba,9.303038655615523e-06,-24.9351080080487
2026-04-19,yacuiba,8.504526659116693e-06,-40.604612137115836
2026-05-03,yacuiba,8.826683680847785e-06,-46.319969311392484
2026-05-10,yacuiba,8.36390261643385e-06,-48.298674395673835
2026-05-17,yacuiba,8.030670562614468e-06,-55.81358683082733
2026-06-07,yacuiba,7.91421251721075e-06,-61.175343572719854
2026-06-21,yacuiba,7.632668796955082e-06,-74.49778074252063
2026-06-28,yacuiba,7.347713914392792e-06,-80.84261362369212
2026-07-12,yacuiba,7.965137621888424e-06,-79.35863024974772
2026-07-19,yacuiba,9.211852791310374e-06,-64.20432404026269
2026-07-26,yacuiba,9.429357832985794e-06,-60.800418940349665
2026-08-02,yacuiba,1.103140969397567e-05,-50.35656565742528
2026-08-09,yacuiba,1.274126356215404e-05,-46.62404934994733
2026-08-16,yacuiba,1.462629043111224e-05,-46.89602301806861
2026-08-23,yacuiba,1.4620975970787311e-05,-46.805478844269466
