week_ending,roi,name,dept,altitude,no2_weekly_mean,n_valid_days,log_no2
2018-07-01,cobija,Cobija,Pando,lowland,,0.0,
2018-07-08,cobija,Cobija,Pando,lowland,1.3647920766294141e-05,4.0,-11.201923372749524
2018-07-15,cobija,Cobija,Pando,lowland,1.0763492681938332e-05,5.0,-11.43935045720824
2018-07-22,cobija,Cobija,Pando,lowland,9.57080557684076e-06,3.0,-11.556793178733788
2018-07-29,cobija,Cobija,Pando,lowland,1.4035400823822445e-05,7.0,-11.173927789682383
2018-08-05,cobija,Cobija,Pando,lowland,,1.0,
2018-08-12,cobija,Cobija,Pando,lowland,7.681680060863727e-06,3.0,-11.776672276803755
2018-08-19,cobija,Cobija,Pando,lowland,2.0719151448598768e-05,5.0,-10.784452094664555
2018-08-26,cobija,Cobija,Pando,lowland,3.159744847683139e-05,3.0,-10.362434185035482
2018-09-02,cobija,Cobija,Pando,lowland,2.2110732794367e-05,4.0,-10.719447420524872
2018-09-09,cobija,Cobija,Pando,lowland,2.1693781823373122e-05,7.0,-10.738484890399995
2018-09-16,cobija,Cobija,Pando,lowland,1.8286599042465627e-05,3.0,-10.909342059135653
2018-09-23,cobija,Cobija,Pando,lowland,1.5596056274213714e-05,3.0,-11.068492478603849
2018-09-30,cobija,Cobija,Pando,lowland,1.7467337782573953e-05,5.0,-10.955177833377071
2018-10-07,cobija,Cobija,Pando,lowland,1.611709432341692e-05,4.0,-11.035630090023066
2018-10-14,cobija,Cobija,Pando,lowland,,2.0,
2018-10-21,cobija,Cobija,Pando,lowland,1.1105571846012591e-05,3.0,-11.40806360748059
2018-10-28,cobija,Cobija,Pando,lowland,6.032069654183882e-06,4.0,-12.018420379881013
2018-11-04,cobija,Cobija,Pando,lowland,,2.0,
2018-11-11,cobija,Cobija,Pando,lowland,,1.0,
2018-11-18,cobija,Cobija,Pando,lowland,,2.0,
2018-11-25,cobija,Cobija,Pando,lowland,,2.0,
2018-12-02,cobija,Cobija,Pando,lowland,,1.0,
2018-12-09,cobija,Cobija,Pando,lowland,,1.0,
2018-12-16,cobija,Cobija,Pando,lowland,5.7654118685114895e-06,4.0,-12.063633963861701
2018-12-23,cobija,Cobija,Pando,lowland,4.452873845330145e-06,3.0,-12.321960862290975
2018-12-30,cobija,Cobija,Pando,lowland,6.241981194260229e-06,5.0,-11.98421292689494
2019-01-06,cobija,Cobija,Pando,lowland,8.922207963852472e-06,3.0,-11.626967112422875
2019-01-13,cobija,Cobija,Pando,lowland,,2.0,
2019-01-20,cobija,Cobija,Pando,lowland,,2.0,
2019-01-27,cobija,Cobija,Pando,lowland,9.216732609599389e-06,6.0,-11.594489963941058
2019-02-03,cobija,Cobija,Pando,lowland,4.968593979848167e-06,3.0,-12.212373659318898
2019-02-10,cobija,Cobija,Pando,lowland,7.798619142309757e-06,3.0,-11.761563872978137
2019-02-17,cobija,Cobija,Pando,lowland,,1.0,
2019-02-24,cobija,Cobija,Pando,lowland,,2.0,
2019-03-03,cobija,Cobija,Pando,lowland,,1.0,
2019-03-10,cobija,Cobija,Pando,lowland,8.529556539037793e-06,5.0,-11.671973186201603
2019-03-17,cobija,Cobija,Pando,lowland,1.129929782906779e-05,4.0,-11.390769973197237
2019-03-24,cobija,Cobija,Pando,lowland,,2.0,
2019-03-31,cobija,Cobija,Pando,lowland,,1.0,
2019-04-07,cobija,Cobija,Pando,lowland,,2.0,
2019-04-14,cobija,Cobija,Pando,lowland,6.953167008884985e-06,4.0,-11.876313317448679
2019-04-21,cobija,Cobija,Pando,lowland,2.976838024914814e-06,3.0,-12.724648886240269
2019-04-28,cobija,Cobija,Pando,lowland,3.900717590491851e-06,4.0,-12.454350024192136
2019-05-05,cobija,Cobija,Pando,lowland,8.52479383322068e-06,4.0,-11.672531718873557
2019-05-12,cobija,Cobija,Pando,lowland,4.19124293434256e-06,5.0,-12.382513224978892
2019-05-19,cobija,Cobija,Pando,lowland,2.455161224209946e-06,5.0,-12.917318127098142
2019-05-26,cobija,Cobija,Pando,lowland,3.7925666271360353e-06,4.0,-12.482467557747247
2019-06-02,cobija,Cobija,Pando,lowland,8.712170657859388e-06,3.0,-11.650789583698637
2019-06-09,cobija,Cobija,Pando,lowland,8.724995722838237e-06,5.0,-11.649318580095017
2019-06-16,cobija,Cobija,Pando,lowland,6.922411435378222e-06,5.0,-11.88074637571687
2019-06-23,cobija,Cobija,Pando,lowland,4.255898196325964e-06,6.0,-12.367204726247213
2019-06-30,cobija,Cobija,Pando,lowland,5.359596281625304e-06,5.0,-12.136621906310596
2019-07-07,cobija,Cobija,Pando,lowland,4.630785700624366e-06,5.0,-12.282784006504125
2019-07-14,cobija,Cobija,Pando,lowland,1.2726095412768257e-05,5.0,-11.271855915714527
2019-07-21,cobija,Cobija,Pando,lowland,8.261231423298452e-06,5.0,-11.703936898819329
2019-07-28,cobija,Cobija,Pando,lowland,7.677052063551513e-06,4.0,-11.777274930384115
2019-08-04,cobija,Cobija,Pando,lowland,1.5743001104776635e-05,6.0,-11.059114665756047
2019-08-11,cobija,Cobija,Pando,lowland,2.1273000874517734e-05,4.0,-10.758071853865024
2019-08-18,cobija,Cobija,Pando,lowland,2.1280517943947737e-05,5.0,-10.757718554315803
2019-08-25,cobija,Cobija,Pando,lowland,2.243425154598355e-05,4.0,-10.70492168009199
2019-09-01,cobija,Cobija,Pando,lowland,1.53548283212528e-05,4.0,-11.084080584775295
2019-09-08,cobija,Cobija,Pando,lowland,2.262674474727901e-05,6.0,-10.696377955449728
2019-09-15,cobija,Cobija,Pando,lowland,1.9457107873590855e-05,4.0,-10.847298111285705
2019-09-22,cobija,Cobija,Pando,lowland,1.8609007709576312e-05,4.0,-10.891864809012384
2019-09-29,cobija,Cobija,Pando,lowland,2.3039620282638205e-05,6.0,-10.678295203060665
2019-10-06,cobija,Cobija,Pando,lowland,,2.0,
2019-10-13,cobija,Cobija,Pando,lowland,1.5925066585169775e-05,5.0,-11.047616175342432
2019-10-20,cobija,Cobija,Pando,lowland,,2.0,
2019-10-27,cobija,Cobija,Pando,lowland,,1.0,
2019-11-03,cobija,Cobija,Pando,lowland,1.2833290571825826e-05,4.0,-11.263467937409716
2019-11-10,cobija,Cobija,Pando,lowland,5.401582322450654e-06,3.0,-12.128818624640758
2019-11-17,cobija,Cobija,Pando,lowland,5.0949761907959346e-06,3.0,-12.187255564353315
2019-11-24,cobija,Cobija,Pando,lowland,6.6497746283759074e-06,4.0,-11.920927594340595
2019-12-01,cobija,Cobija,Pando,lowland,8.438040152035447e-06,4.0,-11.682760485795676
2019-12-08,cobija,Cobija,Pando,lowland,7.4835300713978056e-06,4.0,-11.802805942625183
2019-12-15,cobija,Cobija,Pando,lowland,,1.0,
2019-12-22,cobija,Cobija,Pando,lowland,7.181531651506221e-06,5.0,-11.84399787571723
2019-12-29,cobija,Cobija,Pando,lowland,7.054486836000939e-06,3.0,-11.861846712937758
2020-01-05,cobija,Cobija,Pando,lowland,,1.0,
2020-01-12,cobija,Cobija,Pando,lowland,6.8743910729340525e-06,3.0,-11.887707489543892
2020-01-19,cobija,Cobija,Pando,lowland,9.80901674905051e-06,3.0,-11.532208518864897
2020-01-26,cobija,Cobija,Pando,lowland,7.662541251920714e-06,6.0,-11.77916687310525
2020-02-02,cobija,Cobija,Pando,lowland,1.209223836744993e-05,3.0,-11.322946768418836
2020-02-09,cobija,Cobija,Pando,lowland,6.873788349602717e-06,4.0,-11.88779517000153
2020-02-16,cobija,Cobija,Pando,lowland,5.930816516689493e-06,3.0,-12.035348661905648
2020-02-23,cobija,Cobija,Pando,lowland,7.717713032593732e-06,3.0,-11.771992477116449
2020-03-01,cobija,Cobija,Pando,lowland,6.133412911485813e-06,4.0,-12.001759207402841
2020-03-08,cobija,Cobija,Pando,lowland,8.15449132119926e-06,4.0,-11.716941700145883
2020-03-15,cobija,Cobija,Pando,lowland,,2.0,
2020-03-22,cobija,Cobija,Pando,lowland,,0.0,
2020-03-29,cobija,Cobija,Pando,lowland,8.28913561679113e-06,3.0,-11.700564862432973
2020-04-05,cobija,Cobija,Pando,lowland,,2.0,
2020-04-12,cobija,Cobija,Pando,lowland,4.508662657468693e-06,4.0,-12.309509976700342
2020-04-19,cobija,Cobija,Pando,lowland,,2.0,
2020-04-26,cobija,Cobija,Pando,lowland,,2.0,
2020-05-03,cobija,Cobija,Pando,lowland,3.933063595813575e-06,3.0,-12.446091894847829
2020-05-10,cobija,Cobija,Pando,lowland,4.614662028996077e-06,4.0,-12.28627192584475
2020-05-17,cobija,Cobija,Pando,lowland,4.34866126548962e-06,3.0,-12.345642515289846
2020-05-24,cobija,Cobija,Pando,lowland,6.291641931168743e-06,4.0,-11.976288482974892
2020-05-31,cobija,Cobija,Pando,lowland,5.0922019876748445e-06,6.0,-12.18780021040565
2020-06-07,cobija,Cobija,Pando,lowland,,2.0,
2020-06-14,cobija,Cobija,Pando,lowland,9.56441974073243e-07,5.0,-13.86004571475392
2020-06-21,cobija,Cobija,Pando,lowland,5.783977082848063e-06,6.0,-12.060419035278859
2020-06-28,cobija,Cobija,Pando,lowland,5.9913540689323696e-06,4.0,-12.025193116469895
2020-07-05,cobija,Cobija,Pando,lowland,,2.0,
2020-07-12,cobija,Cobija,Pando,lowland,8.448745512789203e-06,5.0,-11.681492587641419
2020-07-19,cobija,Cobija,Pando,lowland,1.0041045320092445e-05,3.0,-11.508829333573281
2020-07-26,cobija,Cobija,Pando,lowland,9.470071060435118e-06,5.0,-11.567374147052611
2020-08-02,cobija,Cobija,Pando,lowland,7.272852367387674e-06,6.0,-11.831361995720885
2020-08-09,cobija,Cobija,Pando,lowland,1.9383804969429205e-05,5.0,-10.85107263592095
2020-08-16,cobija,Cobija,Pando,lowland,1.5728775012163775e-05,4.0,-11.060018719822073
2020-08-23,cobija,Cobija,Pando,lowland,1.2462179228595776e-05,3.0,-11.292812161936695
2020-08-30,cobija,Cobija,Pando,lowland,2.1057303506155784e-05,7.0,-10.768263098100167
2020-09-06,cobija,Cobija,Pando,lowland,,1.0,
2020-09-13,cobija,Cobija,Pando,lowland,,2.0,
2020-09-20,cobija,Cobija,Pando,lowland,,1.0,
2020-09-27,cobija,Cobija,Pando,lowland,2.629812002419401e-05,4.0,-10.546013103305322
2020-10-04,cobija,Cobija,Pando,lowland,1.3437187227636313e-05,5.0,-11.217484528430164
2020-10-11,cobija,Cobija,Pando,lowland,1.2614869549013643e-05,6.0,-11.28063431686696
2020-10-18,cobija,Cobija,Pando,lowland,,2.0,
2020-10-25,cobija,Cobija,Pando,lowland,,2.0,
2020-11-01,cobija,Cobija,Pando,lowland,,2.0,
2020-11-08,cobija,Cobija,Pando,lowland,,2.0,
2020-11-15,cobija,Cobija,Pando,lowland,9.931576265082052e-06,3.0,-11.519791354832776
2020-11-22,cobija,Cobija,Pando,lowland,9.35795098743345e-06,4.0,-11.579284203038405
2020-11-29,cobija,Cobija,Pando,lowland,,1.0,
2020-12-06,cobija,Cobija,Pando,lowland,,2.0,
2020-12-13,cobija,Cobija,Pando,lowland,4.611938432591144e-06,3.0,-12.286862305041375
2020-12-20,cobija,Cobija,Pando,lowland,7.72592544932359e-06,5.0,-11.770928943090635
2020-12-27,cobija,Cobija,Pando,lowland,2.403187239731115e-06,4.0,-12.938714685089796
2021-01-03,cobija,Cobija,Pando,lowland,8.347043807247463e-06,3.0,-11.693603116846901
2021-01-10,cobija,Cobija,Pando,lowland,6.933787753577447e-06,4.0,-11.879104320691491
2021-01-17,cobija,Cobija,Pando,lowland,7.860332723903189e-06,5.0,-11.75368162113371
2021-01-24,cobija,Cobija,Pando,lowland,,2.0,
2021-01-31,cobija,Cobija,Pando,lowland,6.180023040075597e-06,3.0,-11.994188558334052
2021-02-07,cobija,Cobija,Pando,lowland,5.4653733954345215e-06,3.0,-12.117078113796156
2021-02-14,cobija,Cobija,Pando,lowland,,0.0,
2021-02-21,cobija,Cobija,Pando,lowland,,1.0,
2021-02-28,cobija,Cobija,Pando,lowland,8.166434903684108e-06,3.0,-11.715478108625119
2021-03-07,cobija,Cobija,Pando,lowland,8.979824069458681e-06,3.0,-11.620530267216392
2021-03-14,cobija,Cobija,Pando,lowland,6.058201205370823e-06,3.0,-12.014097632742926
2021-03-21,cobija,Cobija,Pando,lowland,5.301868302728482e-06,3.0,-12.147451289574462
2021-03-28,cobija,Cobija,Pando,lowland,6.047980025206582e-06,4.0,-12.015786221803047
2021-04-04,cobija,Cobija,Pando,lowland,6.367255427286431e-06,3.0,-11.964342040365379
2021-04-11,cobija,Cobija,Pando,lowland,,2.0,
2021-04-18,cobija,Cobija,Pando,lowland,,2.0,
2021-04-25,cobija,Cobija,Pando,lowland,6.343475341726147e-06,4.0,-11.96808377854504
2021-05-02,cobija,Cobija,Pando,lowland,7.263370350437191e-06,3.0,-11.832666601254166
2021-05-09,cobija,Cobija,Pando,lowland,9.618706963476167e-06,3.0,-11.551800713601729
2021-05-16,cobija,Cobija,Pando,lowland,,0.0,
2021-05-23,cobija,Cobija,Pando,lowland,,2.0,
2021-05-30,cobija,Cobija,Pando,lowland,1.0082362591446218e-05,4.0,-11.50472293871266
2021-06-06,cobija,Cobija,Pando,lowland,,2.0,
2021-06-13,cobija,Cobija,Pando,lowland,1.1647157498071351e-05,4.0,-11.360448399305211
2021-06-20,cobija,Cobija,Pando,lowland,,2.0,
2021-06-27,cobija,Cobija,Pando,lowland,7.692349416985155e-06,6.0,-11.77528430524436
2021-07-04,cobija,Cobija,Pando,lowland,8.423487144076926e-06,5.0,-11.684486665318632
2021-07-11,cobija,Cobija,Pando,lowland,1.583056595026447e-05,7.0,-11.053567932956517
2021-07-18,cobija,Cobija,Pando,lowland,1.2604866238374694e-05,5.0,-11.281427609171677
2021-07-25,cobija,Cobija,Pando,lowland,1.5159987963519166e-05,7.0,-11.09685097171348
2021-08-01,cobija,Cobija,Pando,lowland,8.780475718216873e-06,6.0,-11.642979969755785
2021-08-08,cobija,Cobija,Pando,lowland,2.4941026894910873e-05,7.0,-10.598996443944523
2021-08-15,cobija,Cobija,Pando,lowland,2.3531004088533456e-05,6.0,-10.657191683439603
2021-08-22,cobija,Cobija,Pando,lowland,2.1192063186773555e-05,3.0,-10.761883824365619
2021-08-29,cobija,Cobija,Pando,lowland,1.761230887558166e-05,3.0,-10.94691253243318
2021-09-05,cobija,Cobija,Pando,lowland,,2.0,
2021-09-12,cobija,Cobija,Pando,lowland,1.5461264148526162e-05,5.0,-11.077172749161731
2021-09-19,cobija,Cobija,Pando,lowland,2.7011934152566508e-05,5.0,-10.519231783965056
2021-09-26,cobija,Cobija,Pando,lowland,,2.0,
2021-10-03,cobija,Cobija,Pando,lowland,1.7267798105424345e-05,6.0,-10.96666717217259
2021-10-10,cobija,Cobija,Pando,lowland,4.752382187400111e-06,4.0,-12.256864552496541
2021-10-17,cobija,Cobija,Pando,lowland,,2.0,
2021-10-24,cobija,Cobija,Pando,lowland,1.9402366937907713e-05,3.0,-10.850115492228609
2021-10-31,cobija,Cobija,Pando,lowland,1.2925001642912783e-05,3.0,-11.25634701045855
2021-11-07,cobija,Cobija,Pando,lowland,7.041581956887851e-06,3.0,-11.863677703252579
2021-11-14,cobija,Cobija,Pando,lowland,7.567186858801181e-06,3.0,-11.791689176648866
2021-11-21,cobija,Cobija,Pando,lowland,9.344246892930227e-06,3.0,-11.580749709610798
2021-11-28,cobija,Cobija,Pando,lowland,9.811328658767642e-06,5.0,-11.531972854336084
2021-12-05,cobija,Cobija,Pando,lowland,6.809066078248878e-06,4.0,-11.897255586965244
2021-12-12,cobija,Cobija,Pando,lowland,9.744933402925642e-06,4.0,-11.538763059001868
2021-12-19,cobija,Cobija,Pando,lowland,,1.0,
2021-12-26,cobija,Cobija,Pando,lowland,2.5842829180211577e-06,4.0,-12.866062489639056
2022-01-02,cobija,Cobija,Pando,lowland,6.7142174931544605e-06,5.0,-11.911283265955165
2022-01-09,cobija,Cobija,Pando,lowland,9.093839542164808e-06,3.0,-11.607913347079906
2022-01-16,cobija,Cobija,Pando,lowland,1.2180907382600708e-05,3.0,-11.315640800706873
2022-01-23,cobija,Cobija,Pando,lowland,4.753865875523917e-06,5.0,-12.256552402397778
2022-01-30,cobija,Cobija,Pando,lowland,1.233128566809808e-05,3.0,-11.30337097468312
2022-02-06,cobija,Cobija,Pando,lowland,5.635952555260306e-06,3.0,-12.086344382121487
2022-02-13,cobija,Cobija,Pando,lowland,4.80018776914857e-06,3.0,-12.246855522242921
2022-02-20,cobija,Cobija,Pando,lowland,,1.0,
2022-02-27,cobija,Cobija,Pando,lowland,6.957197566176004e-06,5.0,-11.875733813240565
2022-03-06,cobija,Cobija,Pando,lowland,,2.0,
2022-03-13,cobija,Cobija,Pando,lowland,5.860387525912907e-06,3.0,-12.04729482586003
2022-03-20,cobija,Cobija,Pando,lowland,8.336873588077597e-06,3.0,-11.694822281409827
2022-03-27,cobija,Cobija,Pando,lowland,,1.0,
2022-04-03,cobija,Cobija,Pando,lowland,,0.0,
2022-04-10,cobija,Cobija,Pando,lowland,3.4983416816012514e-06,3.0,-12.563221507006869
2022-04-17,cobija,Cobija,Pando,lowland,4.421067744388918e-06,4.0,-12.32912931991956
2022-04-24,cobija,Cobija,Pando,lowland,8.078673157720597e-06,4.0,-11.726282912069118
2022-05-01,cobija,Cobija,Pando,lowland,2.544190735776625e-06,4.0,-12.881697940541903
2022-05-08,cobija,Cobija,Pando,lowland,1.0520379860446484e-05,4.0,-11.462196242899143
2022-05-15,cobija,Cobija,Pando,lowland,,2.0,
2022-05-22,cobija,Cobija,Pando,lowland,8.302165904180235e-06,5.0,-11.698994124892982
2022-05-29,cobija,Cobija,Pando,lowland,,2.0,
2022-06-05,cobija,Cobija,Pando,lowland,,1.0,
2022-06-12,cobija,Cobija,Pando,lowland,7.2087007240163916e-06,4.0,-11.840221827619636
2022-06-19,cobija,Cobija,Pando,lowland,9.560502500467316e-06,5.0,-11.557870269471952
2022-06-26,cobija,Cobija,Pando,lowland,8.013385811144052e-06,6.0,-11.734397188175167
2022-07-03,cobija,Cobija,Pando,lowland,9.035317501671224e-06,7.0,-11.614369493234676
2022-07-10,cobija,Cobija,Pando,lowland,6.2264144488832005e-06,7.0,-11.986709920720088
2022-07-17,cobija,Cobija,Pando,lowland,7.342539889379783e-06,5.0,-11.821825741218351
2022-07-24,cobija,Cobija,Pando,lowland,3.3645043041980394e-06,7.0,-12.602229915020882
2022-07-31,cobija,Cobija,Pando,lowland,1.0026799719291664e-05,5.0,-11.510249077762625
2022-08-07,cobija,Cobija,Pando,lowland,,1.0,
2022-08-14,cobija,Cobija,Pando,lowland,2.5188149317112823e-05,4.0,-10.589136939250187
2022-08-21,cobija,Cobija,Pando,lowland,1.2368679674732194e-05,4.0,-11.300343113333199
2022-08-28,cobija,Cobija,Pando,lowland,3.45724116739416e-05,4.0,-10.27245454441767
2022-09-04,cobija,Cobija,Pando,lowland,2.932652179424734e-05,5.0,-10.437018270679205
2022-09-11,cobija,Cobija,Pando,lowland,2.5626328420309233e-05,3.0,-10.571890281056834
2022-09-18,cobija,Cobija,Pando,lowland,2.134517999319485e-05,3.0,-10.754684605220456
2022-09-25,cobija,Cobija,Pando,lowland,2.6990086882597177e-05,4.0,-10.520040911873325
2022-10-02,cobija,Cobija,Pando,lowland,1.953167931019389e-05,5.0,-10.843472830587244
2022-10-09,cobija,Cobija,Pando,lowland,2.8217995882732644e-05,6.0,-10.475550631682573
2022-10-16,cobija,Cobija,Pando,lowland,,2.0,
2022-10-23,cobija,Cobija,Pando,lowland,1.725178801097545e-05,5.0,-10.967594767048316
2022-10-30,cobija,Cobija,Pando,lowland,,2.0,
2022-11-06,cobija,Cobija,Pando,lowland,1.3394748602909667e-05,5.0,-11.220647823123691
2022-11-13,cobija,Cobija,Pando,lowland,1.348318479124023e-05,4.0,-11.214067219907463
2022-11-20,cobija,Cobija,Pando,lowland,6.0324455984820546e-06,4.0,-12.018358057559656
2022-11-27,cobija,Cobija,Pando,lowland,1.1569576923742902e-05,3.0,-11.367131584087343
2022-12-04,cobija,Cobija,Pando,lowland,1.2144653411865363e-05,4.0,-11.318621533433573
2022-12-11,cobija,Cobija,Pando,lowland,1.2233158910856309e-05,4.0,-11.311360349641655
2022-12-18,cobija,Cobija,Pando,lowland,,2.0,
2022-12-25,cobija,Cobija,Pando,lowland,7.122971965237136e-06,4.0,-11.852185508784151
2023-01-01,cobija,Cobija,Pando,lowland,,1.0,
2023-01-08,cobija,Cobija,Pando,lowland,7.982451368415503e-06,3.0,-11.738265004650946
2023-01-15,cobija,Cobija,Pando,lowland,9.396726493525367e-06,3.0,-11.575149174709457
2023-01-22,cobija,Cobija,Pando,lowland,1.2548377500481965e-05,4.0,-11.285919183574348
2023-01-29,cobija,Cobija,Pando,lowland,1.1324870479468843e-05,3.0,-11.38850932335207
2023-02-05,cobija,Cobija,Pando,lowland,,2.0,
2023-02-12,cobija,Cobija,Pando,lowland,6.8993969886384876e-06,3.0,-11.884076543130991
2023-02-19,cobija,Cobija,Pando,lowland,6.624347148634697e-06,3.0,-11.924758734550037
2023-02-26,cobija,Cobija,Pando,lowland,5.944112591423996e-06,3.0,-12.033109308698606
2023-03-05,cobija,Cobija,Pando,lowland,8.734947847622633e-06,4.0,-11.648178584902931
2023-03-12,cobija,Cobija,Pando,lowland,,2.0,
2023-03-19,cobija,Cobija,Pando,lowland,6.246552381437455e-06,4.0,-11.983480865383688
2023-03-26,cobija,Cobija,Pando,lowland,,2.0,
2023-04-02,cobija,Cobija,Pando,lowland,1.1442014170406886e-05,5.0,-11.378218523663287
2023-04-09,cobija,Cobija,Pando,lowland,6.394111051903907e-06,3.0,-11.960133139334829
2023-04-16,cobija,Cobija,Pando,lowland,3.89269170902158e-06,3.0,-12.456409683578446
2023-04-23,cobija,Cobija,Pando,lowland,,1.0,
2023-04-30,cobija,Cobija,Pando,lowland,7.573916733318404e-06,3.0,-11.790800222297625
2023-05-07,cobija,Cobija,Pando,lowland,,1.0,
2023-05-14,cobija,Cobija,Pando,lowland,,2.0,
2023-05-21,cobija,Cobija,Pando,lowland,1.0912632081063202e-05,3.0,-11.425589533223398
2023-05-28,cobija,Cobija,Pando,lowland,,2.0,
2023-06-04,cobija,Cobija,Pando,lowland,,1.0,
2023-06-11,cobija,Cobija,Pando,lowland,1.3821980036869631e-05,5.0,-11.189250476597255
2023-06-18,cobija,Cobija,Pando,lowland,8.36018298831413e-06,5.0,-11.692030242552892
2023-06-25,cobija,Cobija,Pando,lowland,1.0024996201480438e-05,5.0,-11.510428963676407
2023-07-02,cobija,Cobija,Pando,lowland,9.591104572058739e-06,6.0,-11.554674496133416
2023-07-09,cobija,Cobija,Pando,lowland,8.610511985655693e-06,7.0,-11.662526777221043
2023-07-16,cobija,Cobija,Pando,lowland,7.635842665073318e-06,6.0,-11.782657256677462
2023-07-23,cobija,Cobija,Pando,lowland,1.401531748892723e-05,6.0,-11.17535972009521
2023-07-30,cobija,Cobija,Pando,lowland,1.3244309113396476e-05,6.0,-11.2319425986697
2023-08-06,cobija,Cobija,Pando,lowland,1.5373275324550766e-05,5.0,-11.082879924576625
2023-08-13,cobija,Cobija,Pando,lowland,1.1490822609193243e-05,4.0,-11.373961875176898
2023-08-20,cobija,Cobija,Pando,lowland,2.06384008972237e-05,6.0,-10.78835709626203
2023-08-27,cobija,Cobija,Pando,lowland,7.602042511075305e-06,5.0,-11.787093595321915
2023-09-03,cobija,Cobija,Pando,lowland,1.837047620954114e-05,6.0,-10.904765735853799
2023-09-10,cobija,Cobija,Pando,lowland,2.4456726866091426e-05,5.0,-10.618605252436506
2023-09-17,cobija,Cobija,Pando,lowland,2.6932394573022956e-05,3.0,-10.522180736674802
2023-09-24,cobija,Cobija,Pando,lowland,2.7200680603193057e-05,5.0,-10.512268562799157
2023-10-01,cobija,Cobija,Pando,lowland,,2.0,
2023-10-08,cobija,Cobija,Pando,lowland,2.087636976684383e-05,3.0,-10.776892671806737
2023-10-15,cobija,Cobija,Pando,lowland,1.7053385776606573e-05,3.0,-10.979161794675889
2023-10-22,cobija,Cobija,Pando,lowland,1.4012454966050598e-05,6.0,-11.175563983412331
2023-10-29,cobija,Cobija,Pando,lowland,9.674687600852877e-06,4.0,-11.545997608887271
2023-11-05,cobija,Cobija,Pando,lowland,1.0496245053884356e-05,5.0,-11.464492978675677
2023-11-12,cobija,Cobija,Pando,lowland,1.045037537323095e-05,5.0,-11.468872659315249
2023-11-19,cobija,Cobija,Pando,lowland,8.780397218165389e-06,6.0,-11.642988910091699
2023-11-26,cobija,Cobija,Pando,lowland,6.052666958188198e-06,3.0,-12.015011563518671
2023-12-03,cobija,Cobija,Pando,lowland,,2.0,
2023-12-10,cobija,Cobija,Pando,lowland,,2.0,
2023-12-17,cobija,Cobija,Pando,lowland,1.1014852317076842e-05,3.0,-11.416265985237265
2023-12-24,cobija,Cobija,Pando,lowland,5.1748316530693495e-06,5.0,-12.171703750149835
2023-12-31,cobija,Cobija,Pando,lowland,3.4814552523465296e-06,3.0,-12.568060175627444
2024-01-07,cobija,Cobija,Pando,lowland,8.87871757227995e-06,4.0,-11.631853428925453
2024-01-14,cobija,Cobija,Pando,lowland,6.960355035143972e-06,5.0,-11.875280074122404
2024-01-21,cobija,Cobija,Pando,lowland,,1.0,
2024-01-28,cobija,Cobija,Pando,lowland,6.502532983634462e-06,4.0,-11.943318767182111
2024-02-04,cobija,Cobija,Pando,lowland,1.1920145336137859e-05,3.0,-11.337280703772384
2024-02-11,cobija,Cobija,Pando,lowland,7.595609777390821e-06,5.0,-11.787940138451939
2024-02-18,cobija,Cobija,Pando,lowland,7.377481372589132e-06,3.0,-11.817078255027234
2024-02-25,cobija,Cobija,Pando,lowland,,1.0,
2024-03-03,cobija,Cobija,Pando,lowland,,2.0,
2024-03-10,cobija,Cobija,Pando,lowland,6.347185033135432e-06,5.0,-11.967499145215431
2024-03-17,cobija,Cobija,Pando,lowland,2.9255643522907744e-06,4.0,-12.742023154937055
2024-03-24,cobija,Cobija,Pando,lowland,4.011488770195656e-06,4.0,-12.426348121159421
2024-03-31,cobija,Cobija,Pando,lowland,6.688335704949213e-06,4.0,-11.915145488323603
2024-04-07,cobija,Cobija,Pando,lowland,4.731803569284393e-06,5.0,-12.261204123849984
2024-04-14,cobija,Cobija,Pando,lowland,6.389560985587775e-06,6.0,-11.96084499528591
2024-04-21,cobija,Cobija,Pando,lowland,9.033861577650244e-06,4.0,-11.6145306432258
2024-04-28,cobija,Cobija,Pando,lowland,5.140930213323509e-07,3.0,-14.480861612510541
2024-05-05,cobija,Cobija,Pando,lowland,7.603655739332947e-06,4.0,-11.786881407990938
2024-05-12,cobija,Cobija,Pando,lowland,6.330366241672637e-06,5.0,-11.970152465397758
2024-05-19,cobija,Cobija,Pando,lowland,,1.0,
2024-05-26,cobija,Cobija,Pando,lowland,,2.0,
2024-06-02,cobija,Cobija,Pando,lowland,6.2074813972740055e-06,3.0,-11.989755316383077
2024-06-09,cobija,Cobija,Pando,lowland,7.880142152000685e-06,5.0,-11.751164614663203
2024-06-16,cobija,Cobija,Pando,lowland,8.386152245206575e-06,5.0,-11.68892875469333
2024-06-23,cobija,Cobija,Pando,lowland,7.34285750019053e-07,7.0,-14.124367578888435
2024-06-30,cobija,Cobija,Pando,lowland,4.628903365756715e-06,5.0,-12.283190571968706
2024-07-07,cobija,Cobija,Pando,lowland,7.351822266295379e-06,6.0,-11.820562348081317
2024-07-14,cobija,Cobija,Pando,lowland,9.589737354151596e-06,4.0,-11.554817056915129
2024-07-21,cobija,Cobija,Pando,lowland,1.7111465364587925e-05,7.0,-10.975761829975903
2024-07-28,cobija,Cobija,Pando,lowland,1.3724809620916203e-05,7.0,-11.19630544163638
2024-08-04,cobija,Cobija,Pando,lowland,1.1403567642586526e-05,6.0,-11.381584300418726
2024-08-11,cobija,Cobija,Pando,lowland,1.7043310804826526e-05,4.0,-10.979752759378243
2024-08-18,cobija,Cobija,Pando,lowland,3.5479971208896255e-05,6.0,-10.2465422119974
2024-08-25,cobija,Cobija,Pando,lowland,1.3612290704482404e-05,3.0,-11.20453744506803
2024-09-01,cobija,Cobija,Pando,lowland,,2.0,
2024-09-08,cobija,Cobija,Pando,lowland,,1.0,
2024-09-15,cobija,Cobija,Pando,lowland,,1.0,
2024-09-22,cobija,Cobija,Pando,lowland,,0.0,
2024-09-29,cobija,Cobija,Pando,lowland,,2.0,
2024-10-06,cobija,Cobija,Pando,lowland,2.559258179330052e-05,3.0,-10.573208022170467
2024-10-13,cobija,Cobija,Pando,lowland,1.7150309226486407e-05,5.0,-10.97349435381596
2024-10-20,cobija,Cobija,Pando,lowland,7.004119232882871e-06,3.0,-11.869012120144324
2024-10-27,cobija,Cobija,Pando,lowland,1.0259998486734874e-05,3.0,-11.487257865713389
2024-11-03,cobija,Cobija,Pando,lowland,9.274564406676887e-06,6.0,-11.588234914813318
2024-11-10,cobija,Cobija,Pando,lowland,,2.0,
2024-11-17,cobija,Cobija,Pando,lowland,,2.0,
2024-11-24,cobija,Cobija,Pando,lowland,8.319159685508781e-06,3.0,-11.69694930756982
2024-12-01,cobija,Cobija,Pando,lowland,5.885966864777034e-06,3.0,-12.042939537666454
2024-12-08,cobija,Cobija,Pando,lowland,7.439583442611003e-06,4.0,-11.808695699583081
2024-12-15,cobija,Cobija,Pando,lowland,9.069827157784689e-06,7.0,-11.61055735049238
2024-12-22,cobija,Cobija,Pando,lowland,8.04619979452569e-06,6.0,-11.730310653210587
2024-12-29,cobija,Cobija,Pando,lowland,1.0394185999839709e-05,4.0,-11.474263946614169
2025-01-05,cobija,Cobija,Pando,lowland,1.0811313788976316e-05,4.0,-11.434917399102483
2025-01-12,cobija,Cobija,Pando,lowland,5.625959244328367e-06,3.0,-12.088119092087732
2025-01-19,cobija,Cobija,Pando,lowland,1.0054644138141396e-05,3.0,-11.507475926898385
2025-01-26,cobija,Cobija,Pando,lowland,,2.0,
2025-02-02,cobija,Cobija,Pando,lowland,7.92932349351728e-06,4.0,-11.744942835727437
2025-02-09,cobija,Cobija,Pando,lowland,,2.0,
2025-02-16,cobija,Cobija,Pando,lowland,1.0151503877151971e-05,3.0,-11.497888698215215
2025-02-23,cobija,Cobija,Pando,lowland,,2.0,
2025-03-02,cobija,Cobija,Pando,lowland,,2.0,
2025-03-09,cobija,Cobija,Pando,lowland,7.976802706892087e-06,3.0,-11.738972890086272
2025-03-16,cobija,Cobija,Pando,lowland,,1.0,
2025-03-23,cobija,Cobija,Pando,lowland,9.244041092499734e-06,3.0,-11.591531420246168
2025-03-30,cobija,Cobija,Pando,lowland,,2.0,
2025-04-06,cobija,Cobija,Pando,lowland,,0.0,
2025-04-13,cobija,Cobija,Pando,lowland,2.2104139750453353e-06,4.0,-13.022330740951592
2025-04-20,cobija,Cobija,Pando,lowland,,2.0,
2025-04-27,cobija,Cobija,Pando,lowland,5.424536830895377e-06,4.0,-12.124578038976036
2025-05-04,cobija,Cobija,Pando,lowland,5.828404787568797e-06,3.0,-12.052767216386282
2025-05-11,cobija,Cobija,Pando,lowland,8.502326113290305e-06,4.0,-11.675170771519083
2025-05-18,cobija,Cobija,Pando,lowland,6.787181450440564e-06,3.0,-11.90047480560068
2025-05-25,cobija,Cobija,Pando,lowland,1.164279716843172e-06,4.0,-13.663407930957726
2025-06-01,cobija,Cobija,Pando,lowland,1.0597543917609902e-05,3.0,-11.454888289580067
2025-06-08,cobija,Cobija,Pando,lowland,6.603349971782239e-06,4.0,-11.92793346622057
2025-06-15,cobija,Cobija,Pando,lowland,6.382408103470478e-06,4.0,-11.961965086137251
2025-06-22,cobija,Cobija,Pando,lowland,,2.0,
2025-06-29,cobija,Cobija,Pando,lowland,,1.0,
2025-07-06,cobija,Cobija,Pando,lowland,8.162349962061455e-06,5.0,-11.71597844490139
2025-07-13,cobija,Cobija,Pando,lowland,1.0315623956425815e-05,5.0,-11.481850923069276
2025-07-20,cobija,Cobija,Pando,lowland,1.4602046656183201e-05,7.0,-11.134348857144195
2025-07-27,cobija,Cobija,Pando,lowland,1.0722534367503832e-05,7.0,-11.443163015384123
2025-08-03,cobija,Cobija,Pando,lowland,1.059657756481038e-05,3.0,-11.454979480224699
2025-08-10,cobija,Cobija,Pando,lowland,1.029531236818308e-05,5.0,-11.483821876207758
2025-08-17,cobija,Cobija,Pando,lowland,2.1983820145889244e-05,6.0,-10.72520382309457
2025-08-24,cobija,Cobija,Pando,lowland,,1.0,
2025-08-31,cobija,Cobija,Pando,lowland,2.1869483450025696e-05,7.0,-10.7304183426663
2025-09-07,cobija,Cobija,Pando,lowland,9.505566370516327e-06,3.0,-11.563632997211366
2025-09-14,cobija,Cobija,Pando,lowland,2.2803068376938045e-05,5.0,-10.688615453122798
2025-09-21,cobija,Cobija,Pando,lowland,2.0307394441174026e-05,3.0,-10.804525480056526
2025-09-28,cobija,Cobija,Pando,lowland,2.0067608794948342e-05,4.0,-10.816403545505352
2025-10-05,cobija,Cobija,Pando,lowland,9.231041624179662e-06,6.0,-11.592938663793026
2025-10-12,cobija,Cobija,Pando,lowland,1.892768986707377e-05,4.0,-10.874884635738123
2025-10-19,cobija,Cobija,Pando,lowland,1.208628916422245e-05,4.0,-11.323438874759038
2025-10-26,cobija,Cobija,Pando,lowland,,2.0,
2025-11-02,cobija,Cobija,Pando,lowland,,0.0,
2025-11-09,cobija,Cobija,Pando,lowland,,2.0,
2025-11-16,cobija,Cobija,Pando,lowland,7.607404325028084e-06,4.0,-11.786388531655541
2025-11-23,cobija,Cobija,Pando,lowland,,2.0,
2025-11-30,cobija,Cobija,Pando,lowland,1.5066794024038156e-05,3.0,-11.103017306907038
2025-12-07,cobija,Cobija,Pando,lowland,,0.0,
2025-12-14,cobija,Cobija,Pando,lowland,,2.0,
2025-12-21,cobija,Cobija,Pando,lowland,7.034708885333709e-06,3.0,-11.86465424915908
2025-12-28,cobija,Cobija,Pando,lowland,,2.0,
2026-01-04,cobija,Cobija,Pando,lowland,5.5521551644171565e-06,6.0,-12.101324387668818
2026-01-11,cobija,Cobija,Pando,lowland,7.300271746387567e-06,3.0,-11.827598984970239
2026-01-18,cobija,Cobija,Pando,lowland,1.0203566349660815e-05,3.0,-11.492773256661003
2026-01-25,cobija,Cobija,Pando,lowland,,2.0,
2026-02-01,cobija,Cobija,Pando,lowland,7.216604189904676e-06,4.0,-11.839126049509396
2026-02-08,cobija,Cobija,Pando,lowland,5.6109869768162945e-06,3.0,-12.090783922207526
2026-02-15,cobija,Cobija,Pando,lowland,,2.0,
2026-02-22,cobija,Cobija,Pando,lowland,2.9407783422206032e-06,3.0,-12.736836269399824
2026-03-01,cobija,Cobija,Pando,lowland,9.533793641204552e-06,3.0,-11.560667845929778
2026-03-08,cobija,Cobija,Pando,lowland,6.032714132722773e-06,3.0,-12.018313543562869
2026-03-15,cobija,Cobija,Pando,lowland,,2.0,
2026-03-22,cobija,Cobija,Pando,lowland,,2.0,
2026-03-29,cobija,Cobija,Pando,lowland,,2.0,
2026-04-05,cobija,Cobija,Pando,lowland,,1.0,
2026-04-12,cobija,Cobija,Pando,lowland,,2.0,
2026-04-19,cobija,Cobija,Pando,lowland,,2.0,
2026-04-26,cobija,Cobija,Pando,lowland,7.903844701809735e-06,3.0,-11.748161245762121
2026-05-03,cobija,Cobija,Pando,lowland,,1.0,
2026-05-10,cobija,Cobija,Pando,lowland,6.753863295021018e-06,3.0,-11.905395876800794
2018-07-01,cochabamba,Cochabamba,Cochabamba,highland,,1.0,
2018-07-08,cochabamba,Cochabamba,Cochabamba,highland,6.68121228549271e-05,6.0,-9.613626014022975
2018-07-15,cochabamba,Cochabamba,Cochabamba,highland,3.7356897148692954e-05,7.0,-10.194993000817883
2018-07-22,cochabamba,Cochabamba,Cochabamba,highland,3.809261372634668e-05,6.0,-10.175490160076173
2018-07-29,cochabamba,Cochabamba,Cochabamba,highland,4.844221370817972e-05,7.0,-9.935138940319886
2018-08-05,cochabamba,Cochabamba,Cochabamba,highland,3.9909545939846573e-05,4.0,-10.128895016070667
2018-08-12,cochabamba,Cochabamba,Cochabamba,highland,3.5677609378669986e-05,6.0,-10.240987254216071
2018-08-19,cochabamba,Cochabamba,Cochabamba,highland,4.958649723885766e-05,7.0,-9.911791994383092
2018-08-26,cochabamba,Cochabamba,Cochabamba,highland,6.025414030916789e-05,5.0,-9.716939269130176
2018-09-02,cochabamba,Cochabamba,Cochabamba,highland,4.215780945111022e-05,7.0,-10.074090613071775
2018-09-09,cochabamba,Cochabamba,Cochabamba,highland,6.0383077404569395e-05,7.0,-9.714801667701007
2018-09-16,cochabamba,Cochabamba,Cochabamba,highland,4.4879364137786976e-05,7.0,-10.011532464903075
2018-09-23,cochabamba,Cochabamba,Cochabamba,highland,3.521738414702634e-05,6.0,-10.253970729459546
2018-09-30,cochabamba,Cochabamba,Cochabamba,highland,3.872854597995982e-05,5.0,-10.158933607616921
2018-10-07,cochabamba,Cochabamba,Cochabamba,highland,2.2879668039894276e-05,6.0,-10.685261900303809
2018-10-14,cochabamba,Cochabamba,Cochabamba,highland,,2.0,
2018-10-21,cochabamba,Cochabamba,Cochabamba,highland,2.390732505116302e-05,3.0,-10.641325658488148
2018-10-28,cochabamba,Cochabamba,Cochabamba,highland,2.703132837188229e-05,4.0,-10.518514054529696
2018-11-04,cochabamba,Cochabamba,Cochabamba,highland,1.727840859679084e-05,4.0,-10.9660528939225
2018-11-11,cochabamba,Cochabamba,Cochabamba,highland,2.7936603588581875e-05,5.0,-10.485572772420007
2018-11-18,cochabamba,Cochabamba,Cochabamba,highland,2.1551385884429984e-05,4.0,-10.745070433299963
2018-11-25,cochabamba,Cochabamba,Cochabamba,highland,2.2443685366506215e-05,3.0,-10.704501258775387
2018-12-02,cochabamba,Cochabamba,Cochabamba,highland,1.8544514800777366e-05,4.0,-10.895336510709425
2018-12-09,cochabamba,Cochabamba,Cochabamba,highland,2.4050011827164412e-05,6.0,-10.635375069638636
2018-12-16,cochabamba,Cochabamba,Cochabamba,highland,2.2281917060355086e-05,4.0,-10.71173510260519
2018-12-23,cochabamba,Cochabamba,Cochabamba,highland,6.857363070521493e-06,3.0,-11.890187582176303
2018-12-30,cochabamba,Cochabamba,Cochabamba,highland,,2.0,
2019-01-06,cochabamba,Cochabamba,Cochabamba,highland,1.2984173126970943e-05,4.0,-11.25177939397066
2019-01-13,cochabamba,Cochabamba,Cochabamba,highland,9.538912634439523e-06,5.0,-11.560131058618747
2019-01-20,cochabamba,Cochabamba,Cochabamba,highland,2.3495061496152562e-05,4.0,-10.658720307998468
2019-01-27,cochabamba,Cochabamba,Cochabamba,highland,2.4097888720136094e-05,4.0,-10.63338632627881
2019-02-03,cochabamba,Cochabamba,Cochabamba,highland,,1.0,
2019-02-10,cochabamba,Cochabamba,Cochabamba,highland,2.5555388747432376e-05,4.0,-10.574662353672986
2019-02-17,cochabamba,Cochabamba,Cochabamba,highland,2.0318666678419238e-05,3.0,-10.803970553626357
2019-02-24,cochabamba,Cochabamba,Cochabamba,highland,2.7317624261772483e-05,6.0,-10.507978486714475
2019-03-03,cochabamba,Cochabamba,Cochabamba,highland,2.4002914077556493e-05,5.0,-10.63733531508894
2019-03-10,cochabamba,Cochabamba,Cochabamba,highland,2.2705296773806014e-05,6.0,-10.692912322642877
2019-03-17,cochabamba,Cochabamba,Cochabamba,highland,1.3937127781163799e-05,5.0,-11.180954215384768
2019-03-24,cochabamba,Cochabamba,Cochabamba,highland,2.305616361239353e-05,6.0,-10.677577422427918
2019-03-31,cochabamba,Cochabamba,Cochabamba,highland,1.6968652374673065e-05,4.0,-10.984142894088718
2019-04-07,cochabamba,Cochabamba,Cochabamba,highland,2.38693828539231e-05,5.0,-10.642913972412657
2019-04-14,cochabamba,Cochabamba,Cochabamba,highland,3.033203942971204e-05,7.0,-10.403305997188673
2019-04-21,cochabamba,Cochabamba,Cochabamba,highland,2.737810960644754e-05,6.0,-10.505766783349207
2019-04-28,cochabamba,Cochabamba,Cochabamba,highland,2.2707700205644657e-05,5.0,-10.692806474889998
2019-05-05,cochabamba,Cochabamba,Cochabamba,highland,3.791794118125153e-05,5.0,-10.180086175794779
2019-05-12,cochabamba,Cochabamba,Cochabamba,highland,2.7818708475173066e-05,6.0,-10.48980179687541
2019-05-19,cochabamba,Cochabamba,Cochabamba,highland,4.7543138450898893e-05,7.0,-9.953873081154065
2019-05-26,cochabamba,Cochabamba,Cochabamba,highland,3.306392069129953e-05,7.0,-10.317067879399762
2019-06-02,cochabamba,Cochabamba,Cochabamba,highland,4.208537801119192e-05,7.0,-10.075810193252636
2019-06-09,cochabamba,Cochabamba,Cochabamba,highland,5.8115192039469405e-05,7.0,-9.753083447400702
2019-06-16,cochabamba,Cochabamba,Cochabamba,highland,5.5538913072212256e-05,5.0,-9.79842664645695
2019-06-23,cochabamba,Cochabamba,Cochabamba,highland,4.715377193912039e-05,7.0,-9.962096553375725
2019-06-30,cochabamba,Cochabamba,Cochabamba,highland,5.267013023250214e-05,7.0,-9.8514620518595
2019-07-07,cochabamba,Cochabamba,Cochabamba,highland,5.695116993460149e-05,7.0,-9.773316325093303
2019-07-14,cochabamba,Cochabamba,Cochabamba,highland,5.794909409861925e-05,7.0,-9.755945620766289
2019-07-21,cochabamba,Cochabamba,Cochabamba,highland,3.3872905319610386e-05,6.0,-10.292895116259764
2019-07-28,cochabamba,Cochabamba,Cochabamba,highland,4.7872930815725236e-05,5.0,-9.946960331956763
2019-08-04,cochabamba,Cochabamba,Cochabamba,highland,6.0475782847205896e-05,6.0,-9.713267556579568
2019-08-11,cochabamba,Cochabamba,Cochabamba,highland,5.0357226299622595e-05,6.0,-9.896368427754854
2019-08-18,cochabamba,Cochabamba,Cochabamba,highland,7.010540953291021e-05,7.0,-9.565510598100657
2019-08-25,cochabamba,Cochabamba,Cochabamba,highland,5.471396426345397e-05,7.0,-9.813391592936675
2019-09-01,cochabamba,Cochabamba,Cochabamba,highland,5.527578514221057e-05,7.0,-9.803175627030182
2019-09-08,cochabamba,Cochabamba,Cochabamba,highland,3.489873599647972e-05,3.0,-10.263059947277686
2019-09-15,cochabamba,Cochabamba,Cochabamba,highland,3.434184772693767e-05,4.0,-10.279145897100964
2019-09-22,cochabamba,Cochabamba,Cochabamba,highland,4.379497289099051e-05,6.0,-10.035991521347233
2019-09-29,cochabamba,Cochabamba,Cochabamba,highland,4.9670303394265484e-05,7.0,-9.910103320664245
2019-10-06,cochabamba,Cochabamba,Cochabamba,highland,2.9499088316302845e-05,4.0,-10.431151199628161
2019-10-13,cochabamba,Cochabamba,Cochabamba,highland,2.8086126242658425e-05,7.0,-10.480234831567659
2019-10-20,cochabamba,Cochabamba,Cochabamba,highland,1.335428111913003e-05,6.0,-11.223673541444944
2019-10-27,cochabamba,Cochabamba,Cochabamba,highland,2.7251838381928992e-05,7.0,-10.510389575573557
2019-11-03,cochabamba,Cochabamba,Cochabamba,highland,9.566339137892598e-06,7.0,-11.557259960910109
2019-11-10,cochabamba,Cochabamba,Cochabamba,highland,,2.0,
2019-11-17,cochabamba,Cochabamba,Cochabamba,highland,1.673438117459326e-05,5.0,-10.998045201899638
2019-11-24,cochabamba,Cochabamba,Cochabamba,highland,1.9432169611794603e-05,5.0,-10.848580637823975
2019-12-01,cochabamba,Cochabamba,Cochabamba,highland,1.6413928422061524e-05,3.0,-11.017380289552085
2019-12-08,cochabamba,Cochabamba,Cochabamba,highland,1.1386350402720332e-05,3.0,-11.383095253034485
2019-12-15,cochabamba,Cochabamba,Cochabamba,highland,,2.0,
2019-12-22,cochabamba,Cochabamba,Cochabamba,highland,1.3360521450218546e-05,5.0,-11.22320635991247
2019-12-29,cochabamba,Cochabamba,Cochabamba,highland,2.8080354254141296e-05,4.0,-10.48044036299802
2020-01-05,cochabamba,Cochabamba,Cochabamba,highland,2.3886827842363966e-05,3.0,-10.64218338726101
2020-01-12,cochabamba,Cochabamba,Cochabamba,highland,1.7315335655496774e-05,3.0,-10.963917995053958
2020-01-19,cochabamba,Cochabamba,Cochabamba,highland,1.578670802808722e-05,6.0,-11.056342236037649
2020-01-26,cochabamba,Cochabamba,Cochabamba,highland,2.5247669114915765e-05,6.0,-10.58677671878451
2020-02-02,cochabamba,Cochabamba,Cochabamba,highland,,2.0,
2020-02-09,cochabamba,Cochabamba,Cochabamba,highland,,2.0,
2020-02-16,cochabamba,Cochabamba,Cochabamba,highland,,2.0,
2020-02-23,cochabamba,Cochabamba,Cochabamba,highland,1.7553133379168265e-05,3.0,-10.950278083865243
2020-03-01,cochabamba,Cochabamba,Cochabamba,highland,1.4318538062651904e-05,4.0,-11.153955492240309
2020-03-08,cochabamba,Cochabamba,Cochabamba,highland,3.0057276398331936e-05,7.0,-10.41240578325562
2020-03-15,cochabamba,Cochabamba,Cochabamba,highland,1.7591784965791523e-05,4.0,-10.948078528195369
2020-03-22,cochabamba,Cochabamba,Cochabamba,highland,1.5709257935205795e-05,3.0,-11.06126034199977
2020-03-29,cochabamba,Cochabamba,Cochabamba,highland,1.108993477618998e-05,5.0,-11.409472637936698
2020-04-05,cochabamba,Cochabamba,Cochabamba,highland,9.27027248712218e-06,6.0,-11.588697784306959
2020-04-12,cochabamba,Cochabamba,Cochabamba,highland,9.41593176725402e-06,5.0,-11.573107434500903
2020-04-19,cochabamba,Cochabamba,Cochabamba,highland,9.985246900792014e-06,5.0,-11.514401864232251
2020-04-26,cochabamba,Cochabamba,Cochabamba,highland,1.104387326173498e-05,6.0,-11.41363473971964
2020-05-03,cochabamba,Cochabamba,Cochabamba,highland,1.0415391213855378e-05,7.0,-11.47222592141667
2020-05-10,cochabamba,Cochabamba,Cochabamba,highland,8.520286103197269e-06,5.0,-11.673060637499379
2020-05-17,cochabamba,Cochabamba,Cochabamba,highland,1.2132441767144767e-05,7.0,-11.319627555419357
2020-05-24,cochabamba,Cochabamba,Cochabamba,highland,1.4220110705177972e-05,7.0,-11.160853348445224
2020-05-31,cochabamba,Cochabamba,Cochabamba,highland,2.102302924768311e-05,7.0,-10.769892090259159
2020-06-07,cochabamba,Cochabamba,Cochabamba,highland,1.3606200900502482e-05,7.0,-11.204984920568872
2020-06-14,cochabamba,Cochabamba,Cochabamba,highland,2.617903823742264e-05,7.0,-10.550551534695801
2020-06-21,cochabamba,Cochabamba,Cochabamba,highland,3.181650810079129e-05,7.0,-10.355525280209307
2020-06-28,cochabamba,Cochabamba,Cochabamba,highland,3.337752580962574e-05,7.0,-10.307627764418262
2020-07-05,cochabamba,Cochabamba,Cochabamba,highland,1.6881221703008704e-05,7.0,-10.989308695644805
2020-07-12,cochabamba,Cochabamba,Cochabamba,highland,1.4285463744391386e-05,7.0,-11.15626805907789
2020-07-19,cochabamba,Cochabamba,Cochabamba,highland,3.05282795700387e-05,6.0,-10.396857104916736
2020-07-26,cochabamba,Cochabamba,Cochabamba,highland,3.851435736887431e-05,4.0,-10.164479467515362
2020-08-02,cochabamba,Cochabamba,Cochabamba,highland,4.1373877846424e-05,7.0,-10.092860846171423
2020-08-09,cochabamba,Cochabamba,Cochabamba,highland,4.670022784318507e-05,7.0,-9.971761514432265
2020-08-16,cochabamba,Cochabamba,Cochabamba,highland,2.8030998291718873e-05,7.0,-10.48219957830516
2020-08-23,cochabamba,Cochabamba,Cochabamba,highland,2.9742764307586575e-05,5.0,-10.422924672106289
2020-08-30,cochabamba,Cochabamba,Cochabamba,highland,3.710294614983913e-05,7.0,-10.201814180456898
2020-09-06,cochabamba,Cochabamba,Cochabamba,highland,5.002026583873751e-05,6.0,-9.903082317880033
2020-09-13,cochabamba,Cochabamba,Cochabamba,highland,4.150447782774918e-05,6.0,-10.089709237084515
2020-09-20,cochabamba,Cochabamba,Cochabamba,highland,3.558863404405388e-05,4.0,-10.243484239508756
2020-09-27,cochabamba,Cochabamba,Cochabamba,highland,3.975720832804202e-05,7.0,-10.132719391718368
2020-10-04,cochabamba,Cochabamba,Cochabamba,highland,2.418710109026611e-05,6.0,-10.629691079702374
2020-10-11,cochabamba,Cochabamba,Cochabamba,highland,1.371499150029127e-05,7.0,-11.19702105331305
2020-10-18,cochabamba,Cochabamba,Cochabamba,highland,1.584256777892075e-05,3.0,-11.052810077460858
2020-10-25,cochabamba,Cochabamba,Cochabamba,highland,1.747248002721484e-05,3.0,-10.954883484694086
2020-11-01,cochabamba,Cochabamba,Cochabamba,highland,2.722114649107651e-05,7.0,-10.511516442190903
2020-11-08,cochabamba,Cochabamba,Cochabamba,highland,1.7459872455696447e-05,6.0,-10.95560531252243
2020-11-15,cochabamba,Cochabamba,Cochabamba,highland,2.247130047415865e-05,7.0,-10.703271597422267
2020-11-22,cochabamba,Cochabamba,Cochabamba,highland,1.7646731866061962e-05,5.0,-10.94495995512575
2020-11-29,cochabamba,Cochabamba,Cochabamba,highland,2.6575803413703338e-05,5.0,-10.535509402257082
2020-12-06,cochabamba,Cochabamba,Cochabamba,highland,1.1303340104406013e-05,3.0,-11.39041229146175
2020-12-13,cochabamba,Cochabamba,Cochabamba,highland,1.5894186441453026e-05,6.0,-11.049557148211008
2020-12-20,cochabamba,Cochabamba,Cochabamba,highland,1.719364685006513e-05,5.0,-10.970970611560725
2020-12-27,cochabamba,Cochabamba,Cochabamba,highland,1.4681732895464751e-05,3.0,-11.12890649709444
2021-01-03,cochabamba,Cochabamba,Cochabamba,highland,,1.0,
2021-01-10,cochabamba,Cochabamba,Cochabamba,highland,,2.0,
2021-01-17,cochabamba,Cochabamba,Cochabamba,highland,1.3844389115756777e-05,3.0,-11.187630525409292
2021-01-24,cochabamba,Cochabamba,Cochabamba,highland,,0.0,
2021-01-31,cochabamba,Cochabamba,Cochabamba,highland,1.8862089413493946e-05,6.0,-10.87835650145015
2021-02-07,cochabamba,Cochabamba,Cochabamba,highland,2.19624079201719e-05,4.0,-10.726178297053044
2021-02-14,cochabamba,Cochabamba,Cochabamba,highland,1.5238832927446757e-05,5.0,-11.091663590202
2021-02-21,cochabamba,Cochabamba,Cochabamba,highland,,2.0,
2021-02-28,cochabamba,Cochabamba,Cochabamba,highland,2.4496169638313078e-05,5.0,-10.616993793929511
2021-03-07,cochabamba,Cochabamba,Cochabamba,highland,1.4193856763021971e-05,3.0,-11.162701309287492
2021-03-14,cochabamba,Cochabamba,Cochabamba,highland,2.6486629633313196e-05,3.0,-10.538870494435436
2021-03-21,cochabamba,Cochabamba,Cochabamba,highland,1.2563280532866885e-05,4.0,-11.284732242105587
2021-03-28,cochabamba,Cochabamba,Cochabamba,highland,1.4142059952356177e-05,4.0,-11.166357225478796
2021-04-04,cochabamba,Cochabamba,Cochabamba,highland,,2.0,
2021-04-11,cochabamba,Cochabamba,Cochabamba,highland,1.98391140074502e-05,4.0,-10.827855113987246
2021-04-18,cochabamba,Cochabamba,Cochabamba,highland,1.8211004423441664e-05,6.0,-10.913484507951184
2021-04-25,cochabamba,Cochabamba,Cochabamba,highland,2.4667974067913794e-05,7.0,-10.610004752079549
2021-05-02,cochabamba,Cochabamba,Cochabamba,highland,3.233014971816962e-05,6.0,-10.339510335301386
2021-05-09,cochabamba,Cochabamba,Cochabamba,highland,3.4123596398289144e-05,7.0,-10.285521436490727
2021-05-16,cochabamba,Cochabamba,Cochabamba,highland,3.022188128804676e-05,7.0,-10.406944349978344
2021-05-23,cochabamba,Cochabamba,Cochabamba,highland,3.442847947719727e-05,6.0,-10.2766264443193
2021-05-30,cochabamba,Cochabamba,Cochabamba,highland,2.391707287601011e-05,7.0,-10.640918007774093
2021-06-06,cochabamba,Cochabamba,Cochabamba,highland,2.820107402951848e-05,5.0,-10.476150494592328
2021-06-13,cochabamba,Cochabamba,Cochabamba,highland,2.4650581752134634e-05,7.0,-10.610710057261786
2021-06-20,cochabamba,Cochabamba,Cochabamba,highland,3.0179249714622664e-05,7.0,-10.40835596528407
2021-06-27,cochabamba,Cochabamba,Cochabamba,highland,2.6353806090963964e-05,7.0,-10.54389784972804
2021-07-04,cochabamba,Cochabamba,Cochabamba,highland,4.2994049378608063e-05,7.0,-10.05444883839101
2021-07-11,cochabamba,Cochabamba,Cochabamba,highland,6.247246952692868e-05,7.0,-9.680784585834207
2021-07-18,cochabamba,Cochabamba,Cochabamba,highland,4.7481687851159774e-05,7.0,-9.955166440178155
2021-07-25,cochabamba,Cochabamba,Cochabamba,highland,3.9150488045196856e-05,7.0,-10.148097669572037
2021-08-01,cochabamba,Cochabamba,Cochabamba,highland,4.257352447752628e-05,5.0,-10.064277989032503
2021-08-08,cochabamba,Cochabamba,Cochabamba,highland,4.571936612421445e-05,7.0,-9.992988583433545
2021-08-15,cochabamba,Cochabamba,Cochabamba,highland,4.534743761587857e-05,7.0,-10.001156885405655
2021-08-22,cochabamba,Cochabamba,Cochabamba,highland,5.849373433963362e-05,7.0,-9.746590914768055
2021-08-29,cochabamba,Cochabamba,Cochabamba,highland,3.012828974947397e-05,6.0,-10.41004596881366
2021-09-05,cochabamba,Cochabamba,Cochabamba,highland,3.8678097966881906e-05,7.0,-10.160237062143516
2021-09-12,cochabamba,Cochabamba,Cochabamba,highland,3.336822163067346e-05,6.0,-10.307906559079177
2021-09-19,cochabamba,Cochabamba,Cochabamba,highland,3.806818487521435e-05,6.0,-10.176131667319234
2021-09-26,cochabamba,Cochabamba,Cochabamba,highland,3.374416194636399e-05,6.0,-10.296703134975385
2021-10-03,cochabamba,Cochabamba,Cochabamba,highland,2.8229050119078335e-05,7.0,-10.475158964189943
2021-10-10,cochabamba,Cochabamba,Cochabamba,highland,2.2056455261375822e-05,6.0,-10.721905243298032
2021-10-17,cochabamba,Cochabamba,Cochabamba,highland,2.1023477456557247e-05,6.0,-10.769870770586763
2021-10-24,cochabamba,Cochabamba,Cochabamba,highland,2.8540538210658703e-05,7.0,-10.464185087976412
2021-10-31,cochabamba,Cochabamba,Cochabamba,highland,3.284410916932705e-05,6.0,-10.32373815424897
2021-11-07,cochabamba,Cochabamba,Cochabamba,highland,1.5072673716521403e-05,7.0,-11.102627141253919
2021-11-14,cochabamba,Cochabamba,Cochabamba,highland,1.874588649207069e-05,6.0,-10.884536216706286
2021-11-21,cochabamba,Cochabamba,Cochabamba,highland,2.4524363108931284e-05,5.0,-10.61584352190484
2021-11-28,cochabamba,Cochabamba,Cochabamba,highland,1.4358138244407787e-05,5.0,-11.151193651467437
2021-12-05,cochabamba,Cochabamba,Cochabamba,highland,,2.0,
2021-12-12,cochabamba,Cochabamba,Cochabamba,highland,1.7606344774858945e-05,4.0,-10.947251222312635
2021-12-19,cochabamba,Cochabamba,Cochabamba,highland,1.6352991939989703e-05,4.0,-11.021099684090697
2021-12-26,cochabamba,Cochabamba,Cochabamba,highland,,0.0,
2022-01-02,cochabamba,Cochabamba,Cochabamba,highland,1.575676383741825e-05,5.0,-11.05824083488508
2022-01-09,cochabamba,Cochabamba,Cochabamba,highland,2.1108962694749532e-05,6.0,-10.765812835409442
2022-01-16,cochabamba,Cochabamba,Cochabamba,highland,1.701993886779483e-05,5.0,-10.981125026611934
2022-01-23,cochabamba,Cochabamba,Cochabamba,highland,2.040615408564628e-05,6.0,-10.799674031742596
2022-01-30,cochabamba,Cochabamba,Cochabamba,highland,1.557855545323507e-05,6.0,-11.06961523984111
2022-02-06,cochabamba,Cochabamba,Cochabamba,highland,9.751866237069034e-06,3.0,-11.538051882340714
2022-02-13,cochabamba,Cochabamba,Cochabamba,highland,1.9287078310467676e-05,5.0,-10.856075203872773
2022-02-20,cochabamba,Cochabamba,Cochabamba,highland,1.9648850228074254e-05,6.0,-10.837491733927127
2022-02-27,cochabamba,Cochabamba,Cochabamba,highland,1.9242123288013868e-05,4.0,-10.858408760810832
2022-03-06,cochabamba,Cochabamba,Cochabamba,highland,2.138130656405776e-05,5.0,-10.752993542725825
2022-03-13,cochabamba,Cochabamba,Cochabamba,highland,2.680915610434556e-05,3.0,-10.526767083110526
2022-03-20,cochabamba,Cochabamba,Cochabamba,highland,1.3320025041314514e-05,3.0,-11.22624201287523
2022-03-27,cochabamba,Cochabamba,Cochabamba,highland,1.762173270849903e-05,4.0,-10.9463776046918
2022-04-03,cochabamba,Cochabamba,Cochabamba,highland,2.2353907216675682e-05,4.0,-10.708509432645789
2022-04-10,cochabamba,Cochabamba,Cochabamba,highland,1.585163916798986e-05,5.0,-11.052237645449416
2022-04-17,cochabamba,Cochabamba,Cochabamba,highland,2.097424032920558e-05,7.0,-10.77221552418319
2022-04-24,cochabamba,Cochabamba,Cochabamba,highland,3.2937850616227506e-05,7.0,-10.320888086824397
2022-05-01,cochabamba,Cochabamba,Cochabamba,highland,3.4660520556352015e-05,5.0,-10.269909254852724
2022-05-08,cochabamba,Cochabamba,Cochabamba,highland,3.0325281836361668e-05,7.0,-10.403528809315462
2022-05-15,cochabamba,Cochabamba,Cochabamba,highland,3.1663495988770466e-05,7.0,-10.360346086715259
2022-05-22,cochabamba,Cochabamba,Cochabamba,highland,4.145391978125364e-05,7.0,-10.090928114358233
2022-05-29,cochabamba,Cochabamba,Cochabamba,highland,3.579455370586057e-05,6.0,-10.237714807251946
2022-06-05,cochabamba,Cochabamba,Cochabamba,highland,2.2133484127888995e-05,6.0,-10.718418977166172
2022-06-12,cochabamba,Cochabamba,Cochabamba,highland,4.077403211883181e-05,6.0,-10.107465146861383
2022-06-19,cochabamba,Cochabamba,Cochabamba,highland,4.296870390434574e-05,7.0,-10.055038523435494
2022-06-26,cochabamba,Cochabamba,Cochabamba,highland,3.0180157574488816e-05,7.0,-10.408325883482178
2022-07-03,cochabamba,Cochabamba,Cochabamba,highland,4.9055260718053846e-05,7.0,-9.922563125552038
2022-07-10,cochabamba,Cochabamba,Cochabamba,highland,4.342648936927784e-05,7.0,-10.044440948917414
2022-07-17,cochabamba,Cochabamba,Cochabamba,highland,3.295384057298696e-05,6.0,-10.320402746206035
2022-07-24,cochabamba,Cochabamba,Cochabamba,highland,5.224707320956725e-05,7.0,-9.85952668381616
2022-07-31,cochabamba,Cochabamba,Cochabamba,highland,5.251113271615132e-05,7.0,-9.854485359110273
2022-08-07,cochabamba,Cochabamba,Cochabamba,highland,4.581769544044715e-05,6.0,-9.990840178134686
2022-08-14,cochabamba,Cochabamba,Cochabamba,highland,5.4083035034676193e-05,6.0,-9.82499000660097
2022-08-21,cochabamba,Cochabamba,Cochabamba,highland,4.682510268476204e-05,7.0,-9.969091116689127
2022-08-28,cochabamba,Cochabamba,Cochabamba,highland,5.3518738839631015e-05,7.0,-9.835478706703874
2022-09-04,cochabamba,Cochabamba,Cochabamba,highland,4.033051491520783e-05,6.0,-10.118402181612577
2022-09-11,cochabamba,Cochabamba,Cochabamba,highland,4.3819581423724245e-05,7.0,-10.035429776016828
2022-09-18,cochabamba,Cochabamba,Cochabamba,highland,3.3913646305892565e-05,6.0,-10.291693078681197
2022-09-25,cochabamba,Cochabamba,Cochabamba,highland,3.2447894481938635e-05,7.0,-10.335875001913484
2022-10-02,cochabamba,Cochabamba,Cochabamba,highland,3.2825401797477246e-05,7.0,-10.324307897256963
2022-10-09,cochabamba,Cochabamba,Cochabamba,highland,3.41550494900449e-05,7.0,-10.284600120797617
2022-10-16,cochabamba,Cochabamba,Cochabamba,highland,2.679580417303039e-05,5.0,-10.527265243412192
2022-10-23,cochabamba,Cochabamba,Cochabamba,highland,2.7926718323514287e-05,7.0,-10.485926681383255
2022-10-30,cochabamba,Cochabamba,Cochabamba,highland,2.8532139277672834e-05,7.0,-10.46447941210544
2022-11-06,cochabamba,Cochabamba,Cochabamba,highland,2.6238032617709947e-05,7.0,-10.548300573158485
2022-11-13,cochabamba,Cochabamba,Cochabamba,highland,1.92486592007819e-05,7.0,-10.858069151563722
2022-11-20,cochabamba,Cochabamba,Cochabamba,highland,2.5395710605039407e-05,6.0,-10.580930272017918
2022-11-27,cochabamba,Cochabamba,Cochabamba,highland,1.8784195701854158e-05,5.0,-10.882494695832925
2022-12-04,cochabamba,Cochabamba,Cochabamba,highland,1.9303700934287627e-05,7.0,-10.855213722183453
2022-12-11,cochabamba,Cochabamba,Cochabamba,highland,1.1645926851715265e-05,3.0,-11.360554065548355
2022-12-18,cochabamba,Cochabamba,Cochabamba,highland,1.7145057778330083e-05,4.0,-10.973800602073728
2022-12-25,cochabamba,Cochabamba,Cochabamba,highland,2.1634196925323948e-05,6.0,-10.741235304212601
2023-01-01,cochabamba,Cochabamba,Cochabamba,highland,1.7297698576678777e-05,5.0,-10.96493709555963
2023-01-08,cochabamba,Cochabamba,Cochabamba,highland,2.657693553110007e-05,3.0,-10.535466803609511
2023-01-15,cochabamba,Cochabamba,Cochabamba,highland,2.3968469430185348e-05,7.0,-10.638771365115932
2023-01-22,cochabamba,Cochabamba,Cochabamba,highland,1.908964898388939e-05,6.0,-10.866364307829436
2023-01-29,cochabamba,Cochabamba,Cochabamba,highland,5.531988241937964e-06,4.0,-12.10496326962715
2023-02-05,cochabamba,Cochabamba,Cochabamba,highland,,1.0,
2023-02-12,cochabamba,Cochabamba,Cochabamba,highland,2.0176408436409868e-05,5.0,-10.810996535270467
2023-02-19,cochabamba,Cochabamba,Cochabamba,highland,1.8222610438906725e-05,3.0,-10.912847403129085
2023-02-26,cochabamba,Cochabamba,Cochabamba,highland,1.525762713584525e-05,6.0,-11.090431039883779
2023-03-05,cochabamba,Cochabamba,Cochabamba,highland,1.820482633677976e-05,6.0,-10.913823815696864
2023-03-12,cochabamba,Cochabamba,Cochabamba,highland,2.0050014716855155e-05,5.0,-10.817280670204227
2023-03-19,cochabamba,Cochabamba,Cochabamba,highland,1.9936195250424773e-05,4.0,-10.822973621545595
2023-03-26,cochabamba,Cochabamba,Cochabamba,highland,8.82864513360012e-06,4.0,-11.637508994124758
2023-04-02,cochabamba,Cochabamba,Cochabamba,highland,2.0004739685887164e-05,6.0,-10.819541328192267
2023-04-09,cochabamba,Cochabamba,Cochabamba,highland,2.8323672809539733e-05,4.0,-10.471812607945333
2023-04-16,cochabamba,Cochabamba,Cochabamba,highland,2.6513861407399826e-05,7.0,-10.537842889749205
2023-04-23,cochabamba,Cochabamba,Cochabamba,highland,3.228088026964988e-05,7.0,-10.341035445118669
2023-04-30,cochabamba,Cochabamba,Cochabamba,highland,2.7403873181441664e-05,7.0,-10.504826197573285
2023-05-07,cochabamba,Cochabamba,Cochabamba,highland,2.200365677849914e-05,4.0,-10.724301901214002
2023-05-14,cochabamba,Cochabamba,Cochabamba,highland,4.0006661512699886e-05,6.0,-10.126464579898723
2023-05-21,cochabamba,Cochabamba,Cochabamba,highland,4.369051762309603e-05,6.0,-10.038379467437878
2023-05-28,cochabamba,Cochabamba,Cochabamba,highland,3.872558472477923e-05,6.0,-10.159010072362058
2023-06-04,cochabamba,Cochabamba,Cochabamba,highland,4.735816782737874e-05,4.0,-9.957771254214157
2023-06-11,cochabamba,Cochabamba,Cochabamba,highland,4.9130138414000224e-05,7.0,-9.921037894486643
2023-06-18,cochabamba,Cochabamba,Cochabamba,highland,4.451364671643065e-05,7.0,-10.019714748020075
2023-06-25,cochabamba,Cochabamba,Cochabamba,highland,5.276866025605087e-05,7.0,-9.849593099232624
2023-07-02,cochabamba,Cochabamba,Cochabamba,highland,5.785597507466528e-05,7.0,-9.75755382401142
2023-07-09,cochabamba,Cochabamba,Cochabamba,highland,6.39248840767002e-05,7.0,-9.657801850215337
2023-07-16,cochabamba,Cochabamba,Cochabamba,highland,5.3538944801008847e-05,7.0,-9.835101228676505
2023-07-23,cochabamba,Cochabamba,Cochabamba,highland,5.493794122005478e-05,7.0,-9.809306351241828
2023-07-30,cochabamba,Cochabamba,Cochabamba,highland,4.1276941407016946e-05,5.0,-10.095206533358313
2023-08-06,cochabamba,Cochabamba,Cochabamba,highland,6.26469138797773e-05,7.0,-9.677996137535779
2023-08-13,cochabamba,Cochabamba,Cochabamba,highland,4.426776688994263e-05,5.0,-10.025253755457442
2023-08-20,cochabamba,Cochabamba,Cochabamba,highland,5.983892338500304e-05,7.0,-9.72385421602068
2023-08-27,cochabamba,Cochabamba,Cochabamba,highland,5.51174515348914e-05,7.0,-9.80604416718094
2023-09-03,cochabamba,Cochabamba,Cochabamba,highland,4.348386460332997e-05,7.0,-10.043120617339769
2023-09-10,cochabamba,Cochabamba,Cochabamba,highland,3.477370826781726e-05,6.0,-10.266648966270491
2023-09-17,cochabamba,Cochabamba,Cochabamba,highland,4.179860864157333e-05,7.0,-10.08264750507432
2023-09-24,cochabamba,Cochabamba,Cochabamba,highland,4.126678426498766e-05,7.0,-10.095452636668961
2023-10-01,cochabamba,Cochabamba,Cochabamba,highland,3.553879420978367e-05,7.0,-10.244885663506526
2023-10-08,cochabamba,Cochabamba,Cochabamba,highland,2.6268635581573157e-05,7.0,-10.54713489388848
2023-10-15,cochabamba,Cochabamba,Cochabamba,highland,3.138003129176108e-05,6.0,-10.369338813471833
2023-10-22,cochabamba,Cochabamba,Cochabamba,highland,1.699113531123739e-05,7.0,-10.982818802191733
2023-10-29,cochabamba,Cochabamba,Cochabamba,highland,2.904615084743373e-05,3.0,-10.446624584394305
2023-11-05,cochabamba,Cochabamba,Cochabamba,highland,2.378173366522009e-05,7.0,-10.646592765018404
2023-11-12,cochabamba,Cochabamba,Cochabamba,highland,1.3071377371888993e-05,5.0,-11.24508565165045
2023-11-19,cochabamba,Cochabamba,Cochabamba,highland,1.148790880756102e-05,7.0,-11.374215483750408
2023-11-26,cochabamba,Cochabamba,Cochabamba,highland,1.8252204511208133e-05,5.0,-10.911224690096226
2023-12-03,cochabamba,Cochabamba,Cochabamba,highland,8.808345899093132e-06,4.0,-11.639810888300774
2023-12-10,cochabamba,Cochabamba,Cochabamba,highland,,1.0,
2023-12-17,cochabamba,Cochabamba,Cochabamba,highland,1.619770355254571e-05,3.0,-11.030641081789966
2023-12-24,cochabamba,Cochabamba,Cochabamba,highland,1.7223641182250083e-05,5.0,-10.969227630547794
2023-12-31,cochabamba,Cochabamba,Cochabamba,highland,1.2517785707146191e-05,3.0,-11.288360068385558
2024-01-07,cochabamba,Cochabamba,Cochabamba,highland,1.8020503069329206e-05,7.0,-10.924000388896891
2024-01-14,cochabamba,Cochabamba,Cochabamba,highland,2.0138734773529536e-05,6.0,-10.81286549421973
2024-01-21,cochabamba,Cochabamba,Cochabamba,highland,2.8448512715088585e-05,3.0,-10.467414675908218
2024-01-28,cochabamba,Cochabamba,Cochabamba,highland,1.3630693279077782e-05,5.0,-11.20318644934704
2024-02-04,cochabamba,Cochabamba,Cochabamba,highland,1.4861632335206148e-05,5.0,-11.116727677116204
2024-02-11,cochabamba,Cochabamba,Cochabamba,highland,6.0670524993301816e-06,3.0,-12.012637655781262
2024-02-18,cochabamba,Cochabamba,Cochabamba,highland,1.3874630240585166e-05,4.0,-11.18544854801407
2024-02-25,cochabamba,Cochabamba,Cochabamba,highland,,2.0,
2024-03-03,cochabamba,Cochabamba,Cochabamba,highland,1.9508191452352446e-05,6.0,-10.844676106121543
2024-03-10,cochabamba,Cochabamba,Cochabamba,highland,1.6133101337131215e-05,5.0,-11.034637412943074
2024-03-17,cochabamba,Cochabamba,Cochabamba,highland,2.2076696290317772e-05,6.0,-10.720987972282956
2024-03-24,cochabamba,Cochabamba,Cochabamba,highland,1.437658505620529e-05,4.0,-11.149909712580076
2024-03-31,cochabamba,Cochabamba,Cochabamba,highland,1.818157070725677e-05,6.0,-10.915102075408118
2024-04-07,cochabamba,Cochabamba,Cochabamba,highland,1.961993989278962e-05,6.0,-10.838964167400066
2024-04-14,cochabamba,Cochabamba,Cochabamba,highland,3.346507484813435e-05,4.0,-10.305008204804746
2024-04-21,cochabamba,Cochabamba,Cochabamba,highland,2.217800129807169e-05,6.0,-10.716409692903552
2024-04-28,cochabamba,Cochabamba,Cochabamba,highland,3.4239313520673766e-05,7.0,-10.28213605593746
2024-05-05,cochabamba,Cochabamba,Cochabamba,highland,2.9872174594844527e-05,6.0,-10.41858312641617
2024-05-12,cochabamba,Cochabamba,Cochabamba,highland,4.650738436819303e-05,6.0,-9.975899454361869
2024-05-19,cochabamba,Cochabamba,Cochabamba,highland,2.5553009156154842e-05,6.0,-10.574755473057543
2024-05-26,cochabamba,Cochabamba,Cochabamba,highland,3.6292598678276744e-05,7.0,-10.223896730642926
2024-06-02,cochabamba,Cochabamba,Cochabamba,highland,5.7066222601811e-05,7.0,-9.771298164465339
2024-06-09,cochabamba,Cochabamba,Cochabamba,highland,5.464281887222834e-05,7.0,-9.814692754130762
2024-06-16,cochabamba,Cochabamba,Cochabamba,highland,5.1141260508371524e-05,7.0,-9.880918940216267
2024-06-23,cochabamba,Cochabamba,Cochabamba,highland,3.9325538880070965e-05,7.0,-10.143636405869804
2024-06-30,cochabamba,Cochabamba,Cochabamba,highland,5.120000529946232e-05,7.0,-9.879770922413694
2024-07-07,cochabamba,Cochabamba,Cochabamba,highland,5.451385463370213e-05,7.0,-9.817055675139418
2024-07-14,cochabamba,Cochabamba,Cochabamba,highland,3.6853975606913454e-05,7.0,-10.208547058936194
2024-07-21,cochabamba,Cochabamba,Cochabamba,highland,5.563891851263023e-05,7.0,-9.796627628326007
2024-07-28,cochabamba,Cochabamba,Cochabamba,highland,4.526679907390197e-05,7.0,-10.002936706462686
2024-08-04,cochabamba,Cochabamba,Cochabamba,highland,3.935892475017535e-05,7.0,-10.142787804492414
2024-08-11,cochabamba,Cochabamba,Cochabamba,highland,4.78464609234572e-05,7.0,-9.947513404692849
2024-08-18,cochabamba,Cochabamba,Cochabamba,highland,5.928702568159884e-05,7.0,-9.733120067102949
2024-08-25,cochabamba,Cochabamba,Cochabamba,highland,4.2159774628033e-05,7.0,-10.074043999380347
2024-09-01,cochabamba,Cochabamba,Cochabamba,highland,5.212225873457989e-05,6.0,-9.86191846945211
2024-09-08,cochabamba,Cochabamba,Cochabamba,highland,4.173340636648514e-05,7.0,-10.084208637972267
2024-09-15,cochabamba,Cochabamba,Cochabamba,highland,4.677881816068768e-05,7.0,-9.970080060900619
2024-09-22,cochabamba,Cochabamba,Cochabamba,highland,3.891666286898318e-05,7.0,-10.154088047668397
2024-09-29,cochabamba,Cochabamba,Cochabamba,highland,3.1424656251254174e-05,7.0,-10.36791774225092
2024-10-06,cochabamba,Cochabamba,Cochabamba,highland,3.866830272969886e-05,6.0,-10.160490344446174
2024-10-13,cochabamba,Cochabamba,Cochabamba,highland,1.61770167915157e-05,4.0,-11.031919039630257
2024-10-20,cochabamba,Cochabamba,Cochabamba,highland,3.856075853840738e-05,4.0,-10.163275416776218
2024-10-27,cochabamba,Cochabamba,Cochabamba,highland,2.2574918297422333e-05,6.0,-10.698671077829575
2024-11-03,cochabamba,Cochabamba,Cochabamba,highland,2.9814937344227935e-05,6.0,-10.420501036876304
2024-11-10,cochabamba,Cochabamba,Cochabamba,highland,2.198102672349183e-05,7.0,-10.725330898364932
2024-11-17,cochabamba,Cochabamba,Cochabamba,highland,1.5205472259883019e-05,7.0,-11.093855177805082
2024-11-24,cochabamba,Cochabamba,Cochabamba,highland,,2.0,
2024-12-01,cochabamba,Cochabamba,Cochabamba,highland,2.0203227056745895e-05,6.0,-10.80966821103218
2024-12-08,cochabamba,Cochabamba,Cochabamba,highland,1.8535905193226396e-05,4.0,-10.895800885584741
2024-12-15,cochabamba,Cochabamba,Cochabamba,highland,1.5925119983298112e-05,5.0,-11.047612822261392
2024-12-22,cochabamba,Cochabamba,Cochabamba,highland,2.287887576169049e-05,4.0,-10.685296528949655
2024-12-29,cochabamba,Cochabamba,Cochabamba,highland,2.7579820217971943e-05,6.0,-10.49842620418556
2025-01-05,cochabamba,Cochabamba,Cochabamba,highland,1.656177319874741e-05,5.0,-11.00841333752047
2025-01-12,cochabamba,Cochabamba,Cochabamba,highland,2.175804480985505e-05,3.0,-10.735526992501788
2025-01-19,cochabamba,Cochabamba,Cochabamba,highland,2.2508044227809368e-05,4.0,-10.701637791413416
2025-01-26,cochabamba,Cochabamba,Cochabamba,highland,2.314330867877011e-05,4.0,-10.673804861166483
2025-02-02,cochabamba,Cochabamba,Cochabamba,highland,2.1534312791948834e-05,5.0,-10.745862951184051
2025-02-09,cochabamba,Cochabamba,Cochabamba,highland,1.611861554779855e-05,5.0,-11.035535708705648
2025-02-16,cochabamba,Cochabamba,Cochabamba,highland,1.1070069448855465e-05,5.0,-11.411265537654062
2025-02-23,cochabamba,Cochabamba,Cochabamba,highland,1.8592102265943165e-05,4.0,-10.892773676775093
2025-03-02,cochabamba,Cochabamba,Cochabamba,highland,1.2991582260434374e-05,5.0,-11.25120892866146
2025-03-09,cochabamba,Cochabamba,Cochabamba,highland,1.2183483347446467e-05,4.0,-11.3154293474525
2025-03-16,cochabamba,Cochabamba,Cochabamba,highland,1.2908220350971232e-05,3.0,-11.257646213036221
2025-03-23,cochabamba,Cochabamba,Cochabamba,highland,2.4303352235018406e-05,5.0,-10.624896265073911
2025-03-30,cochabamba,Cochabamba,Cochabamba,highland,8.05194222979744e-06,5.0,-11.729597224852625
2025-04-06,cochabamba,Cochabamba,Cochabamba,highland,1.3403462750362157e-05,6.0,-11.219997470184477
2025-04-13,cochabamba,Cochabamba,Cochabamba,highland,2.295730822385457e-05,6.0,-10.681874231022773
2025-04-20,cochabamba,Cochabamba,Cochabamba,highland,2.2399601153576815e-05,6.0,-10.706467404905695
2025-04-27,cochabamba,Cochabamba,Cochabamba,highland,3.211529382099145e-05,5.0,-10.346178198269703
2025-05-04,cochabamba,Cochabamba,Cochabamba,highland,2.4025144417369354e-05,6.0,-10.636409591997188
2025-05-11,cochabamba,Cochabamba,Cochabamba,highland,2.1528954468613715e-05,6.0,-10.746111809373579
2025-05-18,cochabamba,Cochabamba,Cochabamba,highland,4.096100280318029e-05,7.0,-10.102890095033194
2025-05-25,cochabamba,Cochabamba,Cochabamba,highland,3.7581842996124686e-05,7.0,-10.188989523240952
2025-06-01,cochabamba,Cochabamba,Cochabamba,highland,4.557760932741002e-05,6.0,-9.99609398555717
2025-06-08,cochabamba,Cochabamba,Cochabamba,highland,3.3538142640121296e-05,7.0,-10.302827180558733
2025-06-15,cochabamba,Cochabamba,Cochabamba,highland,3.493679641302478e-05,6.0,-10.261969945698254
2025-06-22,cochabamba,Cochabamba,Cochabamba,highland,3.133364403500817e-05,7.0,-10.370818148400645
2025-06-29,cochabamba,Cochabamba,Cochabamba,highland,3.4193429519930666e-05,7.0,-10.283477051653264
2025-07-06,cochabamba,Cochabamba,Cochabamba,highland,5.066343942795389e-05,7.0,-9.890306023315661
2025-07-13,cochabamba,Cochabamba,Cochabamba,highland,5.750496107050677e-05,7.0,-9.763639334395757
2025-07-20,cochabamba,Cochabamba,Cochabamba,highland,3.759189661765402e-05,7.0,-10.18872204628315
2025-07-27,cochabamba,Cochabamba,Cochabamba,highland,4.3221278112537996e-05,7.0,-10.04917763507526
2025-08-03,cochabamba,Cochabamba,Cochabamba,highland,3.7567527405331276e-05,7.0,-10.189370513551054
2025-08-10,cochabamba,Cochabamba,Cochabamba,highland,4.331765376107768e-05,7.0,-10.046950297938167
2025-08-17,cochabamba,Cochabamba,Cochabamba,highland,5.6610894780544365e-05,7.0,-9.779309103989668
2025-08-24,cochabamba,Cochabamba,Cochabamba,highland,3.769512249344468e-05,5.0,-10.18597984871192
2025-08-31,cochabamba,Cochabamba,Cochabamba,highland,3.581689546489314e-05,7.0,-10.237090835526303
2025-09-07,cochabamba,Cochabamba,Cochabamba,highland,2.461622890788875e-05,7.0,-10.612104620837268
2025-09-14,cochabamba,Cochabamba,Cochabamba,highland,4.283567895531039e-05,7.0,-10.058139182193894
2025-09-21,cochabamba,Cochabamba,Cochabamba,highland,3.342528260430977e-05,7.0,-10.306197980133632
2025-09-28,cochabamba,Cochabamba,Cochabamba,highland,2.6684806808315334e-05,6.0,-10.531416187915447
2025-10-05,cochabamba,Cochabamba,Cochabamba,highland,4.0347885132756015e-05,5.0,-10.117971577688694
2025-10-12,cochabamba,Cochabamba,Cochabamba,highland,3.1179499077679134e-05,5.0,-10.375749759964686
2025-10-19,cochabamba,Cochabamba,Cochabamba,highland,1.9909202933292812e-05,5.0,-10.824328474175577
2025-10-26,cochabamba,Cochabamba,Cochabamba,highland,,2.0,
2025-11-02,cochabamba,Cochabamba,Cochabamba,highland,,0.0,
2025-11-09,cochabamba,Cochabamba,Cochabamba,highland,1.982311427182327e-05,5.0,-10.828661913664872
2025-11-16,cochabamba,Cochabamba,Cochabamba,highland,1.634384212076294e-05,6.0,-11.021659360262928
2025-11-23,cochabamba,Cochabamba,Cochabamba,highland,2.218840932706625e-05,4.0,-10.715940507813352
2025-11-30,cochabamba,Cochabamba,Cochabamba,highland,1.0313449820004266e-05,5.0,-11.482061706786777
2025-12-07,cochabamba,Cochabamba,Cochabamba,highland,1.8274822019726506e-05,4.0,-10.90998629137851
2025-12-14,cochabamba,Cochabamba,Cochabamba,highland,2.343872133856257e-05,6.0,-10.66112114514601
2025-12-21,cochabamba,Cochabamba,Cochabamba,highland,1.7745986919770578e-05,5.0,-10.939351156631837
2025-12-28,cochabamba,Cochabamba,Cochabamba,highland,,2.0,
2026-01-04,cochabamba,Cochabamba,Cochabamba,highland,1.2657842965912384e-05,3.0,-11.277233537604342
2026-01-11,cochabamba,Cochabamba,Cochabamba,highland,1.9425607901424573e-05,6.0,-10.848918367403604
2026-01-18,cochabamba,Cochabamba,Cochabamba,highland,1.3940239016949398e-05,4.0,-11.180731006656265
2026-01-25,cochabamba,Cochabamba,Cochabamba,highland,2.303483485522885e-05,5.0,-10.678502928899734
2026-02-01,cochabamba,Cochabamba,Cochabamba,highland,1.4589710705151785e-05,5.0,-11.13519402392282
2026-02-08,cochabamba,Cochabamba,Cochabamba,highland,1.9216778304149818e-05,6.0,-10.859726790524833
2026-02-15,cochabamba,Cochabamba,Cochabamba,highland,1.848472802746164e-05,5.0,-10.898565678831787
2026-02-22,cochabamba,Cochabamba,Cochabamba,highland,1.862977376605869e-05,4.0,-10.890749516953298
2026-03-01,cochabamba,Cochabamba,Cochabamba,highland,1.6140628820970844e-05,5.0,-11.034170935474293
2026-03-08,cochabamba,Cochabamba,Cochabamba,highland,2.750954614422335e-05,5.0,-10.500977481011088
2026-03-15,cochabamba,Cochabamba,Cochabamba,highland,2.1919425292006142e-05,5.0,-10.728137314658545
2026-03-22,cochabamba,Cochabamba,Cochabamba,highland,2.966707994634793e-05,5.0,-10.425472546221503
2026-03-29,cochabamba,Cochabamba,Cochabamba,highland,3.2771799406817233e-05,3.0,-10.325942186574387
2026-04-05,cochabamba,Cochabamba,Cochabamba,highland,2.3270646614496416e-05,6.0,-10.668317793563151
2026-04-12,cochabamba,Cochabamba,Cochabamba,highland,1.9283260292921614e-05,6.0,-10.856273180748103
2026-04-19,cochabamba,Cochabamba,Cochabamba,highland,2.119214901134898e-05,5.0,-10.761879774528618
2026-04-26,cochabamba,Cochabamba,Cochabamba,highland,2.3080074087912172e-05,6.0,-10.676540906281339
2026-05-03,cochabamba,Cochabamba,Cochabamba,highland,1.8929862517429452e-05,6.0,-10.874769855451431
2026-05-10,cochabamba,Cochabamba,Cochabamba,highland,3.1887302891989005e-05,7.0,-10.353302655872124
2018-07-01,la_paz_el_alto,La Paz–El Alto,La Paz,highland,,1.0,
2018-07-08,la_paz_el_alto,La Paz–El Alto,La Paz,highland,3.385468305072598e-05,6.0,-10.29343322103398
2018-07-15,la_paz_el_alto,La Paz–El Alto,La Paz,highland,1.744964456137721e-05,4.0,-10.956191278498807
2018-07-22,la_paz_el_alto,La Paz–El Alto,La Paz,highland,1.0194410959038124e-05,5.0,-11.493670933043218
2018-07-29,la_paz_el_alto,La Paz–El Alto,La Paz,highland,1.320347198386242e-05,7.0,-11.235030733877547
2018-08-05,la_paz_el_alto,La Paz–El Alto,La Paz,highland,1.8089920370359277e-05,3.0,-10.92015566042639
2018-08-12,la_paz_el_alto,La Paz–El Alto,La Paz,highland,1.847652882437713e-05,6.0,-10.899009343572512
2018-08-19,la_paz_el_alto,La Paz–El Alto,La Paz,highland,1.9526378063512102e-05,7.0,-10.843744285291896
2018-08-26,la_paz_el_alto,La Paz–El Alto,La Paz,highland,2.685594636392737e-05,6.0,-10.525023295461331
2018-09-02,la_paz_el_alto,La Paz–El Alto,La Paz,highland,2.216909314835732e-05,5.0,-10.71681143962204
2018-09-09,la_paz_el_alto,La Paz–El Alto,La Paz,highland,3.1020936492647296e-05,7.0,-10.380848210708749
2018-09-16,la_paz_el_alto,La Paz–El Alto,La Paz,highland,2.3446608221420737e-05,7.0,-10.660784712278563
2018-09-23,la_paz_el_alto,La Paz–El Alto,La Paz,highland,1.866780328402554e-05,7.0,-10.888710267535314
2018-09-30,la_paz_el_alto,La Paz–El Alto,La Paz,highland,1.6928028171002255e-05,6.0,-10.986539838123758
2018-10-07,la_paz_el_alto,La Paz–El Alto,La Paz,highland,1.0236491311422168e-05,5.0,-11.489551642438178
2018-10-14,la_paz_el_alto,La Paz–El Alto,La Paz,highland,9.244334378388425e-06,5.0,-11.591499693728155
2018-10-21,la_paz_el_alto,La Paz–El Alto,La Paz,highland,1.4765725335646273e-05,4.0,-11.12320191863492
2018-10-28,la_paz_el_alto,La Paz–El Alto,La Paz,highland,1.7038377915545275e-05,5.0,-10.980042233843912
2018-11-04,la_paz_el_alto,La Paz–El Alto,La Paz,highland,,2.0,
2018-11-11,la_paz_el_alto,La Paz–El Alto,La Paz,highland,8.456418427668185e-06,6.0,-11.680584827689145
2018-11-18,la_paz_el_alto,La Paz–El Alto,La Paz,highland,6.8077095105984415e-06,3.0,-11.897454836434557
2018-11-25,la_paz_el_alto,La Paz–El Alto,La Paz,highland,1.2771775051262704e-05,6.0,-11.268272895914611
2018-12-02,la_paz_el_alto,La Paz–El Alto,La Paz,highland,,2.0,
2018-12-09,la_paz_el_alto,La Paz–El Alto,La Paz,highland,1.4199976448079915e-05,6.0,-11.162270251944356
2018-12-16,la_paz_el_alto,La Paz–El Alto,La Paz,highland,6.788012928930171e-06,5.0,-11.900352305919657
2018-12-23,la_paz_el_alto,La Paz–El Alto,La Paz,highland,,0.0,
2018-12-30,la_paz_el_alto,La Paz–El Alto,La Paz,highland,,2.0,
2019-01-06,la_paz_el_alto,La Paz–El Alto,La Paz,highland,6.9619079738057505e-06,3.0,-11.875056987018358
2019-01-13,la_paz_el_alto,La Paz–El Alto,La Paz,highland,9.735390659027011e-06,4.0,-11.539742790615326
2019-01-20,la_paz_el_alto,La Paz–El Alto,La Paz,highland,1.0642229811445712e-05,4.0,-11.45068052726234
2019-01-27,la_paz_el_alto,La Paz–El Alto,La Paz,highland,1.0223384102990376e-05,6.0,-11.49083290246146
2019-02-03,la_paz_el_alto,La Paz–El Alto,La Paz,highland,,2.0,
2019-02-10,la_paz_el_alto,La Paz–El Alto,La Paz,highland,4.443819295863489e-06,6.0,-12.323996349510598
2019-02-17,la_paz_el_alto,La Paz–El Alto,La Paz,highland,,2.0,
2019-02-24,la_paz_el_alto,La Paz–El Alto,La Paz,highland,1.1196492921827429e-05,5.0,-11.399909960678974
2019-03-03,la_paz_el_alto,La Paz–El Alto,La Paz,highland,5.0288779676620685e-06,3.0,-12.200313666795237
2019-03-10,la_paz_el_alto,La Paz–El Alto,La Paz,highland,9.900500698339408e-06,7.0,-11.522925226512793
2019-03-17,la_paz_el_alto,La Paz–El Alto,La Paz,highland,7.988799279466855e-06,3.0,-11.737470087392984
2019-03-24,la_paz_el_alto,La Paz–El Alto,La Paz,highland,8.162856640656608e-06,4.0,-11.715916371739604
2019-03-31,la_paz_el_alto,La Paz–El Alto,La Paz,highland,6.161096095167974e-06,6.0,-11.997255858720582
2019-04-07,la_paz_el_alto,La Paz–El Alto,La Paz,highland,9.771801299557267e-06,5.0,-11.53600973842704
2019-04-14,la_paz_el_alto,La Paz–El Alto,La Paz,highland,1.118462070032914e-05,7.0,-11.40097087505636
2019-04-21,la_paz_el_alto,La Paz–El Alto,La Paz,highland,6.60128539819795e-06,6.0,-11.928246170591915
2019-04-28,la_paz_el_alto,La Paz–El Alto,La Paz,highland,1.3377200621038797e-05,6.0,-11.221958746302061
2019-05-05,la_paz_el_alto,La Paz–El Alto,La Paz,highland,1.2806203207522573e-05,7.0,-11.265580878844055
2019-05-12,la_paz_el_alto,La Paz–El Alto,La Paz,highland,1.0418575548741491e-05,6.0,-11.471920234559512
2019-05-19,la_paz_el_alto,La Paz–El Alto,La Paz,highland,2.2546291385909847e-05,6.0,-10.699939967363095
2019-05-26,la_paz_el_alto,La Paz–El Alto,La Paz,highland,1.2312544234340477e-05,7.0,-11.30489195883573
2019-06-02,la_paz_el_alto,La Paz–El Alto,La Paz,highland,1.518720616591966e-05,7.0,-11.095057184150605
2019-06-09,la_paz_el_alto,La Paz–El Alto,La Paz,highland,2.6827545867451164e-05,7.0,-10.526081367428906
2019-06-16,la_paz_el_alto,La Paz–El Alto,La Paz,highland,2.213564753659382e-05,5.0,-10.71832123823951
2019-06-23,la_paz_el_alto,La Paz–El Alto,La Paz,highland,2.168243997803141e-05,7.0,-10.739007842613404
2019-06-30,la_paz_el_alto,La Paz–El Alto,La Paz,highland,1.68727687540572e-05,7.0,-10.989809551929573
2019-07-07,la_paz_el_alto,La Paz–El Alto,La Paz,highland,2.4332316938153277e-05,7.0,-10.623705176021303
2019-07-14,la_paz_el_alto,La Paz–El Alto,La Paz,highland,3.279197519006373e-05,7.0,-10.325326731347554
2019-07-21,la_paz_el_alto,La Paz–El Alto,La Paz,highland,1.4273357249891611e-05,6.0,-11.157115887860975
2019-07-28,la_paz_el_alto,La Paz–El Alto,La Paz,highland,2.1130202565775473e-05,6.0,-10.76480713973884
2019-08-04,la_paz_el_alto,La Paz–El Alto,La Paz,highland,2.843245455224152e-05,7.0,-10.46797929933307
2019-08-11,la_paz_el_alto,La Paz–El Alto,La Paz,highland,2.4731856025848338e-05,6.0,-10.60741842765606
2019-08-18,la_paz_el_alto,La Paz–El Alto,La Paz,highland,3.748395007845859e-05,7.0,-10.191597714512927
2019-08-25,la_paz_el_alto,La Paz–El Alto,La Paz,highland,2.8304779699021302e-05,7.0,-10.472479873617711
2019-09-01,la_paz_el_alto,La Paz–El Alto,La Paz,highland,2.124423399150376e-05,7.0,-10.759425040989928
2019-09-08,la_paz_el_alto,La Paz–El Alto,La Paz,highland,1.4998725076460891e-05,3.0,-11.107545355376942
2019-09-15,la_paz_el_alto,La Paz–El Alto,La Paz,highland,1.823085234785833e-05,5.0,-10.912395215135847
2019-09-22,la_paz_el_alto,La Paz–El Alto,La Paz,highland,2.1685453997767186e-05,6.0,-10.7388688448681
2019-09-29,la_paz_el_alto,La Paz–El Alto,La Paz,highland,2.2239682189145385e-05,7.0,-10.713632378740408
2019-10-06,la_paz_el_alto,La Paz–El Alto,La Paz,highland,1.5487333034465866e-05,5.0,-11.075488091731152
2019-10-13,la_paz_el_alto,La Paz–El Alto,La Paz,highland,1.2929591259781188e-05,7.0,-11.2559919774527
2019-10-20,la_paz_el_alto,La Paz–El Alto,La Paz,highland,7.793615148575878e-06,6.0,-11.762205730176062
2019-10-27,la_paz_el_alto,La Paz–El Alto,La Paz,highland,1.526572741204268e-05,7.0,-11.089900280633522
2019-11-03,la_paz_el_alto,La Paz–El Alto,La Paz,highland,6.094927822916585e-06,7.0,-12.008053637116483
2019-11-10,la_paz_el_alto,La Paz–El Alto,La Paz,highland,5.679382408255897e-06,4.0,-12.078668062083715
2019-11-17,la_paz_el_alto,La Paz–El Alto,La Paz,highland,5.216264702137477e-06,4.0,-12.163728986518386
2019-11-24,la_paz_el_alto,La Paz–El Alto,La Paz,highland,2.013200424486178e-06,6.0,-13.115784851192759
2019-12-01,la_paz_el_alto,La Paz–El Alto,La Paz,highland,7.221787578977995e-06,6.0,-11.838408048588105
2019-12-08,la_paz_el_alto,La Paz–El Alto,La Paz,highland,,1.0,
2019-12-15,la_paz_el_alto,La Paz–El Alto,La Paz,highland,8.718978477864326e-06,5.0,-11.650008473939543
2019-12-22,la_paz_el_alto,La Paz–El Alto,La Paz,highland,,2.0,
2019-12-29,la_paz_el_alto,La Paz–El Alto,La Paz,highland,2.3553847010707766e-06,5.0,-12.958806488817434
2020-01-05,la_paz_el_alto,La Paz–El Alto,La Paz,highland,5.741386574501573e-06,5.0,-12.067809813302548
2020-01-12,la_paz_el_alto,La Paz–El Alto,La Paz,highland,1.129859816519203e-05,5.0,-11.39083189611928
2020-01-19,la_paz_el_alto,La Paz–El Alto,La Paz,highland,6.842191653171916e-06,5.0,-11.892402460522025
2020-01-26,la_paz_el_alto,La Paz–El Alto,La Paz,highland,1.1353016586716292e-05,4.0,-11.386027070784417
2020-02-02,la_paz_el_alto,La Paz–El Alto,La Paz,highland,,2.0,
2020-02-09,la_paz_el_alto,La Paz–El Alto,La Paz,highland,1.6024551811683116e-05,4.0,-11.04138852361835
2020-02-16,la_paz_el_alto,La Paz–El Alto,La Paz,highland,4.259876326719146e-06,3.0,-12.366270429390996
2020-02-23,la_paz_el_alto,La Paz–El Alto,La Paz,highland,8.177773687172756e-06,4.0,-11.714090609775642
2020-03-01,la_paz_el_alto,La Paz–El Alto,La Paz,highland,8.812478814641488e-06,3.0,-11.63934179384109
2020-03-08,la_paz_el_alto,La Paz–El Alto,La Paz,highland,1.261633858481146e-05,7.0,-11.280517870932886
2020-03-15,la_paz_el_alto,La Paz–El Alto,La Paz,highland,8.455553917402665e-06,5.0,-11.680687064169744
2020-03-22,la_paz_el_alto,La Paz–El Alto,La Paz,highland,8.39741266767148e-06,3.0,-11.687586915314997
2020-03-29,la_paz_el_alto,La Paz–El Alto,La Paz,highland,5.552145873007944e-06,6.0,-12.101326061148162
2020-04-05,la_paz_el_alto,La Paz–El Alto,La Paz,highland,4.921673898042101e-06,4.0,-12.22186186214355
2020-04-12,la_paz_el_alto,La Paz–El Alto,La Paz,highland,6.880408210028367e-06,6.0,-11.886832574926185
2020-04-19,la_paz_el_alto,La Paz–El Alto,La Paz,highland,7.486021375443681e-06,5.0,-11.802473093096896
2020-04-26,la_paz_el_alto,La Paz–El Alto,La Paz,highland,5.672169467609934e-06,5.0,-12.079938891252375
2020-05-03,la_paz_el_alto,La Paz–El Alto,La Paz,highland,4.833677454891425e-06,6.0,-12.239903002176538
2020-05-10,la_paz_el_alto,La Paz–El Alto,La Paz,highland,6.479564391420377e-06,5.0,-11.946857273405932
2020-05-17,la_paz_el_alto,La Paz–El Alto,La Paz,highland,8.323179517869047e-06,7.0,-11.696466222543211
2020-05-24,la_paz_el_alto,La Paz–El Alto,La Paz,highland,7.860701502429385e-06,7.0,-11.753634705832724
2020-05-31,la_paz_el_alto,La Paz–El Alto,La Paz,highland,1.4118897884693546e-05,7.0,-11.167996382437469
2020-06-07,la_paz_el_alto,La Paz–El Alto,La Paz,highland,6.920310200250949e-06,7.0,-11.881049962713519
2020-06-14,la_paz_el_alto,La Paz–El Alto,La Paz,highland,1.968479633004456e-05,7.0,-10.835663980076527
2020-06-21,la_paz_el_alto,La Paz–El Alto,La Paz,highland,2.056237772676388e-05,7.0,-10.792047475875142
2020-06-28,la_paz_el_alto,La Paz–El Alto,La Paz,highland,1.2018437241193619e-05,7.0,-11.329068650521508
2020-07-05,la_paz_el_alto,La Paz–El Alto,La Paz,highland,2.0181259448462055e-05,7.0,-10.810756134259716
2020-07-12,la_paz_el_alto,La Paz–El Alto,La Paz,highland,1.6343481962129758e-05,7.0,-11.021681396856213
2020-07-19,la_paz_el_alto,La Paz–El Alto,La Paz,highland,2.0118001849599137e-05,6.0,-10.813895529314607
2020-07-26,la_paz_el_alto,La Paz–El Alto,La Paz,highland,2.8511222934927082e-05,5.0,-10.465212761013072
2020-08-02,la_paz_el_alto,La Paz–El Alto,La Paz,highland,3.209447768157911e-05,7.0,-10.346826577469766
2020-08-09,la_paz_el_alto,La Paz–El Alto,La Paz,highland,3.1793196502144036e-05,7.0,-10.356258237541413
2020-08-16,la_paz_el_alto,La Paz–El Alto,La Paz,highland,1.3197296756293395e-05,6.0,-11.235498540534422
2020-08-23,la_paz_el_alto,La Paz–El Alto,La Paz,highland,1.6626549432496773e-05,6.0,-11.004509776817933
2020-08-30,la_paz_el_alto,La Paz–El Alto,La Paz,highland,1.611043208746877e-05,7.0,-11.03604354006314
2020-09-06,la_paz_el_alto,La Paz–El Alto,La Paz,highland,2.3905072271952006e-05,6.0,-10.641419892592221
2020-09-13,la_paz_el_alto,La Paz–El Alto,La Paz,highland,2.640241555391449e-05,5.0,-10.542055053743377
2020-09-20,la_paz_el_alto,La Paz–El Alto,La Paz,highland,1.4317956970951688e-05,5.0,-11.153996076236332
2020-09-27,la_paz_el_alto,La Paz–El Alto,La Paz,highland,2.0408302756859264e-05,6.0,-10.799568742030019
2020-10-04,la_paz_el_alto,La Paz–El Alto,La Paz,highland,8.244078246531592e-06,5.0,-11.706015403650246
2020-10-11,la_paz_el_alto,La Paz–El Alto,La Paz,highland,3.752909528214812e-06,6.0,-12.492979144626121
2020-10-18,la_paz_el_alto,La Paz–El Alto,La Paz,highland,6.536380014039414e-06,3.0,-11.938127060413837
2020-10-25,la_paz_el_alto,La Paz–El Alto,La Paz,highland,9.119441717666915e-06,5.0,-11.605101970919861
2020-11-01,la_paz_el_alto,La Paz–El Alto,La Paz,highland,1.2579030718884494e-05,7.0,-11.283479359033686
2020-11-08,la_paz_el_alto,La Paz–El Alto,La Paz,highland,3.69095042134779e-06,7.0,-12.509626566315543
2020-11-15,la_paz_el_alto,La Paz–El Alto,La Paz,highland,9.306064679176593e-06,6.0,-11.584844254299842
2020-11-22,la_paz_el_alto,La Paz–El Alto,La Paz,highland,1.2076395568828506e-05,7.0,-11.324257790045658
2020-11-29,la_paz_el_alto,La Paz–El Alto,La Paz,highland,8.710478845534486e-06,5.0,-11.650983792085817
2020-12-06,la_paz_el_alto,La Paz–El Alto,La Paz,highland,7.031079055301805e-06,4.0,-11.86517037098998
2020-12-13,la_paz_el_alto,La Paz–El Alto,La Paz,highland,1.0760654283679927e-05,7.0,-11.439614198045858
2020-12-20,la_paz_el_alto,La Paz–El Alto,La Paz,highland,9.82221964010495e-06,4.0,-11.530863428542172
2020-12-27,la_paz_el_alto,La Paz–El Alto,La Paz,highland,7.4513871775026115e-06,4.0,-11.807110344583064
2021-01-03,la_paz_el_alto,La Paz–El Alto,La Paz,highland,1.2070026120570485e-06,3.0,-13.627370451760875
2021-01-10,la_paz_el_alto,La Paz–El Alto,La Paz,highland,7.679296958771984e-06,3.0,-11.776982556821467
2021-01-17,la_paz_el_alto,La Paz–El Alto,La Paz,highland,1.0081648288003201e-05,3.0,-11.504793788053854
2021-01-24,la_paz_el_alto,La Paz–El Alto,La Paz,highland,6.344866683804693e-06,3.0,-11.967864468239357
2021-01-31,la_paz_el_alto,La Paz–El Alto,La Paz,highland,,2.0,
2021-02-07,la_paz_el_alto,La Paz–El Alto,La Paz,highland,7.42351819297774e-06,6.0,-11.810857463161575
2021-02-14,la_paz_el_alto,La Paz–El Alto,La Paz,highland,6.691632219306073e-06,6.0,-11.914652734612648
2021-02-21,la_paz_el_alto,La Paz–El Alto,La Paz,highland,,1.0,
2021-02-28,la_paz_el_alto,La Paz–El Alto,La Paz,highland,6.310542485389752e-06,6.0,-11.97328891277855
2021-03-07,la_paz_el_alto,La Paz–El Alto,La Paz,highland,3.431239325744953e-06,6.0,-12.582589042587411
2021-03-14,la_paz_el_alto,La Paz–El Alto,La Paz,highland,8.354054550853336e-06,6.0,-11.692763562002382
2021-03-21,la_paz_el_alto,La Paz–El Alto,La Paz,highland,6.301475205790132e-06,4.0,-11.974726792328651
2021-03-28,la_paz_el_alto,La Paz–El Alto,La Paz,highland,3.3221817612072096e-06,3.0,-12.614888833878856
2021-04-04,la_paz_el_alto,La Paz–El Alto,La Paz,highland,,1.0,
2021-04-11,la_paz_el_alto,La Paz–El Alto,La Paz,highland,7.58570240179073e-06,5.0,-11.789245345391846
2021-04-18,la_paz_el_alto,La Paz–El Alto,La Paz,highland,1.596783793984177e-05,7.0,-11.044933987504674
2021-04-25,la_paz_el_alto,La Paz–El Alto,La Paz,highland,1.1374445744435447e-05,7.0,-11.384141320078315
2021-05-02,la_paz_el_alto,La Paz–El Alto,La Paz,highland,2.064824788057999e-05,6.0,-10.787880090555126
2021-05-09,la_paz_el_alto,La Paz–El Alto,La Paz,highland,1.8828081066883434e-05,7.0,-10.880161128779058
2021-05-16,la_paz_el_alto,La Paz–El Alto,La Paz,highland,1.3495994023741882e-05,7.0,-11.213117655537696
2021-05-23,la_paz_el_alto,La Paz–El Alto,La Paz,highland,1.5268464307614983e-05,6.0,-11.089721013037067
2021-05-30,la_paz_el_alto,La Paz–El Alto,La Paz,highland,8.324352093933443e-06,6.0,-11.69632535168095
2021-06-06,la_paz_el_alto,La Paz–El Alto,La Paz,highland,1.541209321115623e-05,7.0,-11.080358083258865
2021-06-13,la_paz_el_alto,La Paz–El Alto,La Paz,highland,1.8810212616506176e-05,7.0,-10.881110611339025
2021-06-20,la_paz_el_alto,La Paz–El Alto,La Paz,highland,1.4783559476533934e-05,7.0,-11.121994840821264
2021-06-27,la_paz_el_alto,La Paz–El Alto,La Paz,highland,1.5176742042543348e-05,7.0,-11.09574643073466
2021-07-04,la_paz_el_alto,La Paz–El Alto,La Paz,highland,2.540014226690805e-05,7.0,-10.580755782896096
2021-07-11,la_paz_el_alto,La Paz–El Alto,La Paz,highland,4.164986286275654e-05,7.0,-10.086212481967731
2021-07-18,la_paz_el_alto,La Paz–El Alto,La Paz,highland,2.071662962036572e-05,7.0,-10.784573816913833
2021-07-25,la_paz_el_alto,La Paz–El Alto,La Paz,highland,1.733184706278911e-05,6.0,-10.96296487810494
2021-08-01,la_paz_el_alto,La Paz–El Alto,La Paz,highland,1.3326021695051431e-05,7.0,-11.225791915800983
2021-08-08,la_paz_el_alto,La Paz–El Alto,La Paz,highland,2.2692967379819725e-05,7.0,-10.693455488533438
2021-08-15,la_paz_el_alto,La Paz–El Alto,La Paz,highland,2.26330980813456e-05,7.0,-10.696097206171283
2021-08-22,la_paz_el_alto,La Paz–El Alto,La Paz,highland,3.111909976763192e-05,7.0,-10.377688786847823
2021-08-29,la_paz_el_alto,La Paz–El Alto,La Paz,highland,1.3602835585759648e-05,7.0,-11.205232288002238
2021-09-05,la_paz_el_alto,La Paz–El Alto,La Paz,highland,2.6269831524906858e-05,7.0,-10.54708936749992
2021-09-12,la_paz_el_alto,La Paz–El Alto,La Paz,highland,1.5253599173789878e-05,6.0,-11.090695071361104
2021-09-19,la_paz_el_alto,La Paz–El Alto,La Paz,highland,2.0570847601931504e-05,5.0,-10.791635649415161
2021-09-26,la_paz_el_alto,La Paz–El Alto,La Paz,highland,1.3117243410469469e-05,6.0,-11.24158290243301
2021-10-03,la_paz_el_alto,La Paz–El Alto,La Paz,highland,1.347469091073595e-05,7.0,-11.214697379411072
2021-10-10,la_paz_el_alto,La Paz–El Alto,La Paz,highland,1.029372871795747e-05,6.0,-11.483975710494853
2021-10-17,la_paz_el_alto,La Paz–El Alto,La Paz,highland,1.2254222054838365e-05,6.0,-11.309640022816478
2021-10-24,la_paz_el_alto,La Paz–El Alto,La Paz,highland,1.976100659390032e-05,7.0,-10.831799925955142
2021-10-31,la_paz_el_alto,La Paz–El Alto,La Paz,highland,9.952223347614994e-06,6.0,-11.51771457973385
2021-11-07,la_paz_el_alto,La Paz–El Alto,La Paz,highland,1.0201369963497903e-05,7.0,-11.492988536545996
2021-11-14,la_paz_el_alto,La Paz–El Alto,La Paz,highland,1.1539134356850977e-05,4.0,-11.369766312102486
2021-11-21,la_paz_el_alto,La Paz–El Alto,La Paz,highland,1.2532170935048024e-05,7.0,-11.287211545081616
2021-11-28,la_paz_el_alto,La Paz–El Alto,La Paz,highland,6.233820100591129e-06,6.0,-11.985521234816861
2021-12-05,la_paz_el_alto,La Paz–El Alto,La Paz,highland,5.004281931917872e-06,3.0,-12.205216625636195
2021-12-12,la_paz_el_alto,La Paz–El Alto,La Paz,highland,1.1079800451248727e-05,3.0,-11.410386886622412
2021-12-19,la_paz_el_alto,La Paz–El Alto,La Paz,highland,1.029193107647915e-05,5.0,-11.484150360372569
2021-12-26,la_paz_el_alto,La Paz–El Alto,La Paz,highland,,2.0,
2022-01-02,la_paz_el_alto,La Paz–El Alto,La Paz,highland,4.3290245414577395e-06,6.0,-12.350168320438092
2022-01-09,la_paz_el_alto,La Paz–El Alto,La Paz,highland,5.319505898666029e-06,7.0,-12.144130135114578
2022-01-16,la_paz_el_alto,La Paz–El Alto,La Paz,highland,8.507296683118733e-06,5.0,-11.674586329403063
2022-01-23,la_paz_el_alto,La Paz–El Alto,La Paz,highland,5.434734341163528e-06,7.0,-12.122699917856472
2022-01-30,la_paz_el_alto,La Paz–El Alto,La Paz,highland,6.186843084111957e-06,6.0,-11.99308560393004
2022-02-06,la_paz_el_alto,La Paz–El Alto,La Paz,highland,,0.0,
2022-02-13,la_paz_el_alto,La Paz–El Alto,La Paz,highland,1.0631595589017861e-05,6.0,-11.451680274427074
2022-02-20,la_paz_el_alto,La Paz–El Alto,La Paz,highland,6.311147541821768e-06,7.0,-11.973193037118289
2022-02-27,la_paz_el_alto,La Paz–El Alto,La Paz,highland,3.126097753188857e-06,5.0,-12.675725055440207
2022-03-06,la_paz_el_alto,La Paz–El Alto,La Paz,highland,6.394617475468321e-06,7.0,-11.960053940912001
2022-03-13,la_paz_el_alto,La Paz–El Alto,La Paz,highland,1.0131959159224769e-05,6.0,-11.499815856703007
2022-03-20,la_paz_el_alto,La Paz–El Alto,La Paz,highland,4.235913236237428e-06,5.0,-12.371911612909521
2022-03-27,la_paz_el_alto,La Paz–El Alto,La Paz,highland,8.087732727851185e-06,4.0,-11.725162122310024
2022-04-03,la_paz_el_alto,La Paz–El Alto,La Paz,highland,6.7129122584842995e-06,7.0,-11.911477683481236
2022-04-10,la_paz_el_alto,La Paz–El Alto,La Paz,highland,1.0323660817973305e-05,4.0,-11.48107213038905
2022-04-17,la_paz_el_alto,La Paz–El Alto,La Paz,highland,1.2969707885526366e-05,7.0,-11.25289408220826
2022-04-24,la_paz_el_alto,La Paz–El Alto,La Paz,highland,2.2153411885627215e-05,7.0,-10.717519037866877
2022-05-01,la_paz_el_alto,La Paz–El Alto,La Paz,highland,1.663661717651869e-05,6.0,-11.003904437918743
2022-05-08,la_paz_el_alto,La Paz–El Alto,La Paz,highland,1.5365074142592157e-05,7.0,-11.083413536972566
2022-05-15,la_paz_el_alto,La Paz–El Alto,La Paz,highland,1.468872440239607e-05,7.0,-11.128430405967054
2022-05-22,la_paz_el_alto,La Paz–El Alto,La Paz,highland,1.844525410052257e-05,7.0,-10.900703450891113
2022-05-29,la_paz_el_alto,La Paz–El Alto,La Paz,highland,2.4096940684394255e-05,6.0,-10.633425668081808
2022-06-05,la_paz_el_alto,La Paz–El Alto,La Paz,highland,7.214023828506402e-06,7.0,-11.839483672396282
2022-06-12,la_paz_el_alto,La Paz–El Alto,La Paz,highland,2.1530035902642135e-05,7.0,-10.746061579025893
2022-06-19,la_paz_el_alto,La Paz–El Alto,La Paz,highland,1.796866163709284e-05,7.0,-10.926881337566618
2022-06-26,la_paz_el_alto,La Paz–El Alto,La Paz,highland,1.1895735870813725e-05,6.0,-11.339330552246112
2022-07-03,la_paz_el_alto,La Paz–El Alto,La Paz,highland,3.2647472073783636e-05,7.0,-10.329743130238274
2022-07-10,la_paz_el_alto,La Paz–El Alto,La Paz,highland,2.4442060287804535e-05,7.0,-10.619205127385575
2022-07-17,la_paz_el_alto,La Paz–El Alto,La Paz,highland,1.0772363198251515e-05,7.0,-11.438526666701453
2022-07-24,la_paz_el_alto,La Paz–El Alto,La Paz,highland,3.790907080430749e-05,7.0,-10.180320139305993
2022-07-31,la_paz_el_alto,La Paz–El Alto,La Paz,highland,3.7447461746234404e-05,7.0,-10.192571627434617
2022-08-07,la_paz_el_alto,La Paz–El Alto,La Paz,highland,1.8896754903950833e-05,7.0,-10.876520348844162
2022-08-14,la_paz_el_alto,La Paz–El Alto,La Paz,highland,2.5739219234496797e-05,7.0,-10.567494689026473
2022-08-21,la_paz_el_alto,La Paz–El Alto,La Paz,highland,2.6248692506658578e-05,7.0,-10.547894379437313
2022-08-28,la_paz_el_alto,La Paz–El Alto,La Paz,highland,3.513474266130343e-05,7.0,-10.256320097630317
2022-09-04,la_paz_el_alto,La Paz–El Alto,La Paz,highland,2.286480254329996e-05,7.0,-10.685911836653627
2022-09-11,la_paz_el_alto,La Paz–El Alto,La Paz,highland,2.548963322596983e-05,7.0,-10.577238728617793
2022-09-18,la_paz_el_alto,La Paz–El Alto,La Paz,highland,1.9386374810591876e-05,7.0,-10.850940067994724
2022-09-25,la_paz_el_alto,La Paz–El Alto,La Paz,highland,1.86722600519708e-05,6.0,-10.88847155514073
2022-10-02,la_paz_el_alto,La Paz–El Alto,La Paz,highland,1.8985730257811315e-05,7.0,-10.871822900031523
2022-10-09,la_paz_el_alto,La Paz–El Alto,La Paz,highland,2.1341738005013568e-05,7.0,-10.754845871873105
2022-10-16,la_paz_el_alto,La Paz–El Alto,La Paz,highland,1.373986774320704e-05,6.0,-11.19520889689274
2022-10-23,la_paz_el_alto,La Paz–El Alto,La Paz,highland,1.6480303991419956e-05,7.0,-11.013344587571767
2022-10-30,la_paz_el_alto,La Paz–El Alto,La Paz,highland,2.1117852593145902e-05,7.0,-10.76539178075651
2022-11-06,la_paz_el_alto,La Paz–El Alto,La Paz,highland,1.6637077801282527e-05,7.0,-11.003876750896657
2022-11-13,la_paz_el_alto,La Paz–El Alto,La Paz,highland,1.3256444272223686e-05,7.0,-11.231026763598988
2022-11-20,la_paz_el_alto,La Paz–El Alto,La Paz,highland,1.2136337643000175e-05,6.0,-11.3193064946999
2022-11-27,la_paz_el_alto,La Paz–El Alto,La Paz,highland,1.0619533784804677e-05,6.0,-11.452815442850008
2022-12-04,la_paz_el_alto,La Paz–El Alto,La Paz,highland,1.3527987063647036e-05,7.0,-11.210749902633456
2022-12-11,la_paz_el_alto,La Paz–El Alto,La Paz,highland,5.864505907927643e-06,5.0,-12.046592323580185
2022-12-18,la_paz_el_alto,La Paz–El Alto,La Paz,highland,6.530061705674836e-06,7.0,-11.939094165153225
2022-12-25,la_paz_el_alto,La Paz–El Alto,La Paz,highland,1.0377995705441022e-05,7.0,-11.47582279083255
2023-01-01,la_paz_el_alto,La Paz–El Alto,La Paz,highland,8.641526996645486e-06,6.0,-11.65893125504137
2023-01-08,la_paz_el_alto,La Paz–El Alto,La Paz,highland,7.747328447256865e-06,3.0,-11.768162490510388
2023-01-15,la_paz_el_alto,La Paz–El Alto,La Paz,highland,1.4212931275065878e-05,6.0,-11.161358354576448
2023-01-22,la_paz_el_alto,La Paz–El Alto,La Paz,highland,8.184565664153803e-06,7.0,-11.713260413405145
2023-01-29,la_paz_el_alto,La Paz–El Alto,La Paz,highland,1.0290010842433759e-05,4.0,-11.484336954432402
2023-02-05,la_paz_el_alto,La Paz–El Alto,La Paz,highland,4.119467236359511e-06,4.0,-12.399786714527526
2023-02-12,la_paz_el_alto,La Paz–El Alto,La Paz,highland,1.2071751112212944e-05,5.0,-11.324642453658496
2023-02-19,la_paz_el_alto,La Paz–El Alto,La Paz,highland,1.1387610726565931e-05,6.0,-11.382984571907057
2023-02-26,la_paz_el_alto,La Paz–El Alto,La Paz,highland,9.773182540379413e-06,7.0,-11.535868398752804
2023-03-05,la_paz_el_alto,La Paz–El Alto,La Paz,highland,8.598546358079997e-06,6.0,-11.66391739712191
2023-03-12,la_paz_el_alto,La Paz–El Alto,La Paz,highland,6.927407331191755e-06,7.0,-11.88002493724689
2023-03-19,la_paz_el_alto,La Paz–El Alto,La Paz,highland,5.695735580671462e-06,6.0,-12.07579280686481
2023-03-26,la_paz_el_alto,La Paz–El Alto,La Paz,highland,6.077334631655189e-06,7.0,-12.010944341055545
2023-04-02,la_paz_el_alto,La Paz–El Alto,La Paz,highland,7.4017009586066485e-06,6.0,-11.813800724896575
2023-04-09,la_paz_el_alto,La Paz–El Alto,La Paz,highland,1.2823912675589236e-05,7.0,-11.264198952132075
2023-04-16,la_paz_el_alto,La Paz–El Alto,La Paz,highland,1.7648832346245568e-05,5.0,-10.944840932793456
2023-04-23,la_paz_el_alto,La Paz–El Alto,La Paz,highland,2.2132774917400465e-05,7.0,-10.718451020103789
2023-04-30,la_paz_el_alto,La Paz–El Alto,La Paz,highland,1.927582434081205e-05,7.0,-10.856658872072073
2023-05-07,la_paz_el_alto,La Paz–El Alto,La Paz,highland,2.2100694116051225e-05,3.0,-10.719901541967667
2023-05-14,la_paz_el_alto,La Paz–El Alto,La Paz,highland,1.8712606084812143e-05,7.0,-10.88631313903956
2023-05-21,la_paz_el_alto,La Paz–El Alto,La Paz,highland,2.434998574620643e-05,6.0,-10.622979293807246
2023-05-28,la_paz_el_alto,La Paz–El Alto,La Paz,highland,2.4611055411840788e-05,6.0,-10.612314808993634
2023-06-04,la_paz_el_alto,La Paz–El Alto,La Paz,highland,3.3369504414259776e-05,5.0,-10.30786811654712
2023-06-11,la_paz_el_alto,La Paz–El Alto,La Paz,highland,3.6741763419240224e-05,7.0,-10.211596482071634
2023-06-18,la_paz_el_alto,La Paz–El Alto,La Paz,highland,2.005910210944058e-05,7.0,-10.816827536679483
2023-06-25,la_paz_el_alto,La Paz–El Alto,La Paz,highland,1.843628891297472e-05,7.0,-10.901189612097609
2023-07-02,la_paz_el_alto,La Paz–El Alto,La Paz,highland,3.7377623183065195e-05,7.0,-10.19443834321624
2023-07-09,la_paz_el_alto,La Paz–El Alto,La Paz,highland,4.2357163489840496e-05,7.0,-10.069373001469334
2023-07-16,la_paz_el_alto,La Paz–El Alto,La Paz,highland,3.0397798358620286e-05,7.0,-10.401140374588534
2023-07-23,la_paz_el_alto,La Paz–El Alto,La Paz,highland,3.4633450623877357e-05,7.0,-10.270690561895478
2023-07-30,la_paz_el_alto,La Paz–El Alto,La Paz,highland,2.189155389363928e-05,5.0,-10.729409662487557
2023-08-06,la_paz_el_alto,La Paz–El Alto,La Paz,highland,2.5054530606438413e-05,7.0,-10.594455884254584
2023-08-13,la_paz_el_alto,La Paz–El Alto,La Paz,highland,1.905697197152597e-05,6.0,-10.868077540589649
2023-08-20,la_paz_el_alto,La Paz–El Alto,La Paz,highland,2.5961240320615853e-05,7.0,-10.558905889125816
2023-08-27,la_paz_el_alto,La Paz–El Alto,La Paz,highland,3.469764537577834e-05,7.0,-10.268838729919636
2023-09-03,la_paz_el_alto,La Paz–El Alto,La Paz,highland,2.5532710030332315e-05,7.0,-10.575550181528488
2023-09-10,la_paz_el_alto,La Paz–El Alto,La Paz,highland,2.3313681202519586e-05,6.0,-10.666470193639237
2023-09-17,la_paz_el_alto,La Paz–El Alto,La Paz,highland,3.0507299011061436e-05,7.0,-10.397544591143339
2023-09-24,la_paz_el_alto,La Paz–El Alto,La Paz,highland,2.2730164155255318e-05,6.0,-10.691817698161302
2023-10-01,la_paz_el_alto,La Paz–El Alto,La Paz,highland,2.4068926195776975e-05,7.0,-10.63458891888952
2023-10-08,la_paz_el_alto,La Paz–El Alto,La Paz,highland,1.9428694983145205e-05,7.0,-10.848759461877165
2023-10-15,la_paz_el_alto,La Paz–El Alto,La Paz,highland,8.575447851140169e-06,6.0,-11.666607338737869
2023-10-22,la_paz_el_alto,La Paz–El Alto,La Paz,highland,6.998347445236427e-06,3.0,-11.869836516031993
2023-10-29,la_paz_el_alto,La Paz–El Alto,La Paz,highland,1.352565070909371e-05,4.0,-11.21092262281096
2023-11-05,la_paz_el_alto,La Paz–El Alto,La Paz,highland,1.3715703049995662e-05,6.0,-11.196969173496209
2023-11-12,la_paz_el_alto,La Paz–El Alto,La Paz,highland,3.020180440077227e-06,4.0,-12.710193979992416
2023-11-19,la_paz_el_alto,La Paz–El Alto,La Paz,highland,9.41192028051516e-06,6.0,-11.573533557118543
2023-11-26,la_paz_el_alto,La Paz–El Alto,La Paz,highland,1.2693616025030981e-05,5.0,-11.27441136607767
2023-12-03,la_paz_el_alto,La Paz–El Alto,La Paz,highland,3.5589207854900126e-06,4.0,-12.546053209202883
2023-12-10,la_paz_el_alto,La Paz–El Alto,La Paz,highland,4.937615150536843e-06,5.0,-12.218628106381264
2023-12-17,la_paz_el_alto,La Paz–El Alto,La Paz,highland,8.160182486724574e-06,7.0,-11.716244025669132
2023-12-24,la_paz_el_alto,La Paz–El Alto,La Paz,highland,3.973509256749172e-06,5.0,-12.43586090994786
2023-12-31,la_paz_el_alto,La Paz–El Alto,La Paz,highland,1.0728723925319892e-05,6.0,-11.442585934272765
2024-01-07,la_paz_el_alto,La Paz–El Alto,La Paz,highland,5.117158051714328e-06,6.0,-12.182911341044688
2024-01-14,la_paz_el_alto,La Paz–El Alto,La Paz,highland,7.451191728227275e-06,6.0,-11.807136574845167
2024-01-21,la_paz_el_alto,La Paz–El Alto,La Paz,highland,5.960058968902177e-06,6.0,-12.030430182824858
2024-01-28,la_paz_el_alto,La Paz–El Alto,La Paz,highland,9.608377088967402e-06,4.0,-11.552875226562142
2024-02-04,la_paz_el_alto,La Paz–El Alto,La Paz,highland,5.257635584465843e-06,6.0,-12.155829140930642
2024-02-11,la_paz_el_alto,La Paz–El Alto,La Paz,highland,8.151152646009631e-06,6.0,-11.717351211753398
2024-02-18,la_paz_el_alto,La Paz–El Alto,La Paz,highland,7.5366026669405845e-06,3.0,-11.795739052159997
2024-02-25,la_paz_el_alto,La Paz–El Alto,La Paz,highland,5.189086086930406e-06,5.0,-12.168952967442555
2024-03-03,la_paz_el_alto,La Paz–El Alto,La Paz,highland,5.221828229136276e-06,5.0,-12.162662981921132
2024-03-10,la_paz_el_alto,La Paz–El Alto,La Paz,highland,5.7617964522728385e-06,3.0,-12.064261247807057
2024-03-17,la_paz_el_alto,La Paz–El Alto,La Paz,highland,8.238480297562618e-06,6.0,-11.706694660959629
2024-03-24,la_paz_el_alto,La Paz–El Alto,La Paz,highland,1.6079780018149857e-06,5.0,-13.340533067764396
2024-03-31,la_paz_el_alto,La Paz–El Alto,La Paz,highland,6.268575556196099e-06,6.0,-11.979961413149404
2024-04-07,la_paz_el_alto,La Paz–El Alto,La Paz,highland,3.507162318470757e-06,4.0,-12.560703303739656
2024-04-14,la_paz_el_alto,La Paz–El Alto,La Paz,highland,9.650837594519644e-06,5.0,-11.548465849020504
2024-04-21,la_paz_el_alto,La Paz–El Alto,La Paz,highland,1.1871982781582178e-05,6.0,-11.34132932187873
2024-04-28,la_paz_el_alto,La Paz–El Alto,La Paz,highland,1.362558160757073e-05,7.0,-11.20356153153184
2024-05-05,la_paz_el_alto,La Paz–El Alto,La Paz,highland,1.806321101983029e-05,4.0,-10.921633228446712
2024-05-12,la_paz_el_alto,La Paz–El Alto,La Paz,highland,2.491785970141635e-05,7.0,-10.599925754514548
2024-05-19,la_paz_el_alto,La Paz–El Alto,La Paz,highland,1.2709058007779242e-05,7.0,-11.273195589767633
2024-05-26,la_paz_el_alto,La Paz–El Alto,La Paz,highland,1.4534809831373883e-05,7.0,-11.138964107535834
2024-06-02,la_paz_el_alto,La Paz–El Alto,La Paz,highland,3.178068242072244e-05,7.0,-10.3566519238099
2024-06-09,la_paz_el_alto,La Paz–El Alto,La Paz,highland,2.3484473232765797e-05,7.0,-10.659171068680843
2024-06-16,la_paz_el_alto,La Paz–El Alto,La Paz,highland,3.771280196177437e-05,7.0,-10.185510946569835
2024-06-23,la_paz_el_alto,La Paz–El Alto,La Paz,highland,1.3978590684891783e-05,6.0,-11.177983635618487
2024-06-30,la_paz_el_alto,La Paz–El Alto,La Paz,highland,3.2888405958209764e-05,7.0,-10.32239036478732
2024-07-07,la_paz_el_alto,La Paz–El Alto,La Paz,highland,3.4862251053218015e-05,7.0,-10.264105945854578
2024-07-14,la_paz_el_alto,La Paz–El Alto,La Paz,highland,1.5225730987625818e-05,7.0,-11.092523733197334
2024-07-21,la_paz_el_alto,La Paz–El Alto,La Paz,highland,3.62525047581287e-05,7.0,-10.225002082274699
2024-07-28,la_paz_el_alto,La Paz–El Alto,La Paz,highland,2.757504410951507e-05,7.0,-10.49859939320622
2024-08-04,la_paz_el_alto,La Paz–El Alto,La Paz,highland,2.4064701044825207e-05,7.0,-10.634764478106844
2024-08-11,la_paz_el_alto,La Paz–El Alto,La Paz,highland,1.6848254795760867e-05,7.0,-10.991263479481828
2024-08-18,la_paz_el_alto,La Paz–El Alto,La Paz,highland,2.999499038327399e-05,7.0,-10.414480177470239
2024-08-25,la_paz_el_alto,La Paz–El Alto,La Paz,highland,2.4346932788356667e-05,7.0,-10.623104679886925
2024-09-01,la_paz_el_alto,La Paz–El Alto,La Paz,highland,2.1049466811753082e-05,7.0,-10.768635327764613
2024-09-08,la_paz_el_alto,La Paz–El Alto,La Paz,highland,2.03816963534539e-05,6.0,-10.800873297448458
2024-09-15,la_paz_el_alto,La Paz–El Alto,La Paz,highland,2.679090340623059e-05,7.0,-10.527448153205864
2024-09-22,la_paz_el_alto,La Paz–El Alto,La Paz,highland,2.0153272247937713e-05,7.0,-10.812143888317536
2024-09-29,la_paz_el_alto,La Paz–El Alto,La Paz,highland,1.3393421261365733e-05,7.0,-11.220746922207484
2024-10-06,la_paz_el_alto,La Paz–El Alto,La Paz,highland,1.8557551435756167e-05,6.0,-10.894633766262139
2024-10-13,la_paz_el_alto,La Paz–El Alto,La Paz,highland,1.607995323976041e-05,4.0,-11.037937202192781
2024-10-20,la_paz_el_alto,La Paz–El Alto,La Paz,highland,2.2778346853890906e-05,7.0,-10.68970017264482
2024-10-27,la_paz_el_alto,La Paz–El Alto,La Paz,highland,1.5341032210894245e-05,6.0,-11.084979475443179
2024-11-03,la_paz_el_alto,La Paz–El Alto,La Paz,highland,1.4886447137820257e-05,6.0,-11.11505934700486
2024-11-10,la_paz_el_alto,La Paz–El Alto,La Paz,highland,1.134008303675562e-05,5.0,-11.387166937226255
2024-11-17,la_paz_el_alto,La Paz–El Alto,La Paz,highland,2.909179145965257e-06,4.0,-12.747639596997349
2024-11-24,la_paz_el_alto,La Paz–El Alto,La Paz,highland,9.284233861696833e-06,3.0,-11.587192880113111
2024-12-01,la_paz_el_alto,La Paz–El Alto,La Paz,highland,1.015831990063896e-05,3.0,-11.497217493598429
2024-12-08,la_paz_el_alto,La Paz–El Alto,La Paz,highland,,2.0,
2024-12-15,la_paz_el_alto,La Paz–El Alto,La Paz,highland,5.350318775538839e-06,5.0,-12.138354414618561
2024-12-22,la_paz_el_alto,La Paz–El Alto,La Paz,highland,4.228194071321837e-06,3.0,-12.373735589561795
2024-12-29,la_paz_el_alto,La Paz–El Alto,La Paz,highland,1.4224855687517465e-05,6.0,-11.160519722993325
2025-01-05,la_paz_el_alto,La Paz–El Alto,La Paz,highland,,2.0,
2025-01-12,la_paz_el_alto,La Paz–El Alto,La Paz,highland,,2.0,
2025-01-19,la_paz_el_alto,La Paz–El Alto,La Paz,highland,1.1767513078904012e-05,7.0,-11.350167952228858
2025-01-26,la_paz_el_alto,La Paz–El Alto,La Paz,highland,8.369137044950148e-06,6.0,-11.69095977973991
2025-02-02,la_paz_el_alto,La Paz–El Alto,La Paz,highland,8.576666694412119e-06,6.0,-11.666465217103738
2025-02-09,la_paz_el_alto,La Paz–El Alto,La Paz,highland,9.660603342973361e-06,6.0,-11.547454453825521
2025-02-16,la_paz_el_alto,La Paz–El Alto,La Paz,highland,7.62074364052276e-06,6.0,-11.78463660240759
2025-02-23,la_paz_el_alto,La Paz–El Alto,La Paz,highland,4.347037888427243e-06,4.0,-12.346015890001299
2025-03-02,la_paz_el_alto,La Paz–El Alto,La Paz,highland,8.135649710766911e-06,5.0,-11.719254954377064
2025-03-09,la_paz_el_alto,La Paz–El Alto,La Paz,highland,6.055641512315901e-06,4.0,-12.01452023903767
2025-03-16,la_paz_el_alto,La Paz–El Alto,La Paz,highland,1.4208504485307013e-05,3.0,-11.161669865214543
2025-03-23,la_paz_el_alto,La Paz–El Alto,La Paz,highland,1.2094249000776642e-05,5.0,-11.322780507539301
2025-03-30,la_paz_el_alto,La Paz–El Alto,La Paz,highland,8.518609788591163e-06,5.0,-11.67325740078993
2025-04-06,la_paz_el_alto,La Paz–El Alto,La Paz,highland,7.79400264748572e-06,3.0,-11.762156011365274
2025-04-13,la_paz_el_alto,La Paz–El Alto,La Paz,highland,9.323211910336504e-06,6.0,-11.583003363063941
2025-04-20,la_paz_el_alto,La Paz–El Alto,La Paz,highland,1.1718461891843902e-05,5.0,-11.354345020325132
2025-04-27,la_paz_el_alto,La Paz–El Alto,La Paz,highland,1.2029102953782411e-05,6.0,-11.32818159819086
2025-05-04,la_paz_el_alto,La Paz–El Alto,La Paz,highland,1.9689515351112835e-05,6.0,-10.835424279576918
2025-05-11,la_paz_el_alto,La Paz–El Alto,La Paz,highland,1.6049894312721654e-05,4.0,-11.039808293287086
2025-05-18,la_paz_el_alto,La Paz–El Alto,La Paz,highland,2.0445515683581206e-05,7.0,-10.79774698149774
2025-05-25,la_paz_el_alto,La Paz–El Alto,La Paz,highland,2.688971114293082e-05,5.0,-10.523766829915582
2025-06-01,la_paz_el_alto,La Paz–El Alto,La Paz,highland,2.334126924647348e-05,7.0,-10.665287551844363
2025-06-08,la_paz_el_alto,La Paz–El Alto,La Paz,highland,2.002387724189245e-05,7.0,-10.818585134402312
2025-06-15,la_paz_el_alto,La Paz–El Alto,La Paz,highland,1.719442312035198e-05,5.0,-10.970925463909948
2025-06-22,la_paz_el_alto,La Paz–El Alto,La Paz,highland,1.3592819457848406e-05,6.0,-11.205968885693895
2025-06-29,la_paz_el_alto,La Paz–El Alto,La Paz,highland,1.0709516581220387e-05,7.0,-11.444377811664282
2025-07-06,la_paz_el_alto,La Paz–El Alto,La Paz,highland,1.980375201375465e-05,7.0,-10.829639142571642
2025-07-13,la_paz_el_alto,La Paz–El Alto,La Paz,highland,4.266334940457786e-05,7.0,-10.06217033406553
2025-07-20,la_paz_el_alto,La Paz–El Alto,La Paz,highland,2.087316791830002e-05,6.0,-10.777046055471688
2025-07-27,la_paz_el_alto,La Paz–El Alto,La Paz,highland,1.6374142318257205e-05,6.0,-11.019807155325719
2025-08-03,la_paz_el_alto,La Paz–El Alto,La Paz,highland,1.721853393890889e-05,7.0,-10.969524199702365
2025-08-10,la_paz_el_alto,La Paz–El Alto,La Paz,highland,3.1949456842397816e-05,7.0,-10.351355377523175
2025-08-17,la_paz_el_alto,La Paz–El Alto,La Paz,highland,2.8857782959094858e-05,7.0,-10.453130828113583
2025-08-24,la_paz_el_alto,La Paz–El Alto,La Paz,highland,1.5614299646243216e-05,6.0,-11.06732341958038
2025-08-31,la_paz_el_alto,La Paz–El Alto,La Paz,highland,2.0520055236489868e-05,7.0,-10.79410784582859
2025-09-07,la_paz_el_alto,La Paz–El Alto,La Paz,highland,1.485441951965418e-05,6.0,-11.117213126241737
2025-09-14,la_paz_el_alto,La Paz–El Alto,La Paz,highland,2.7259326640965982e-05,7.0,-10.51011483335952
2025-09-21,la_paz_el_alto,La Paz–El Alto,La Paz,highland,2.5386858836260725e-05,7.0,-10.581278886472276
2025-09-28,la_paz_el_alto,La Paz–El Alto,La Paz,highland,2.23761541116605e-05,6.0,-10.707514714724171
2025-10-05,la_paz_el_alto,La Paz–El Alto,La Paz,highland,1.9881559480614278e-05,7.0,-10.825717915113563
2025-10-12,la_paz_el_alto,La Paz–El Alto,La Paz,highland,1.9234189082864535e-05,5.0,-10.858821181064899
2025-10-19,la_paz_el_alto,La Paz–El Alto,La Paz,highland,9.508438486168042e-06,5.0,-11.563330891926846
2025-10-26,la_paz_el_alto,La Paz–El Alto,La Paz,highland,,2.0,
2025-11-02,la_paz_el_alto,La Paz–El Alto,La Paz,highland,,0.0,
2025-11-09,la_paz_el_alto,La Paz–El Alto,La Paz,highland,1.721703549953091e-05,4.0,-10.969611228283762
2025-11-16,la_paz_el_alto,La Paz–El Alto,La Paz,highland,1.7447136500762612e-05,3.0,-10.956335020158786
2025-11-23,la_paz_el_alto,La Paz–El Alto,La Paz,highland,8.751989848945826e-06,5.0,-11.64622947214069
2025-11-30,la_paz_el_alto,La Paz–El Alto,La Paz,highland,8.01405977652408e-06,5.0,-11.734313086765901
2025-12-07,la_paz_el_alto,La Paz–El Alto,La Paz,highland,8.261311668717506e-06,6.0,-11.703927185372844
2025-12-14,la_paz_el_alto,La Paz–El Alto,La Paz,highland,1.3586020666296513e-05,5.0,-11.206469186049809
2025-12-21,la_paz_el_alto,La Paz–El Alto,La Paz,highland,9.117953034209663e-06,6.0,-11.605265227073584
2025-12-28,la_paz_el_alto,La Paz–El Alto,La Paz,highland,1.2389507554827031e-05,5.0,-11.298660608486212
2026-01-04,la_paz_el_alto,La Paz–El Alto,La Paz,highland,8.80921574582422e-06,5.0,-11.639712140613742
2026-01-11,la_paz_el_alto,La Paz–El Alto,La Paz,highland,8.479363316749325e-06,7.0,-11.677875191551163
2026-01-18,la_paz_el_alto,La Paz–El Alto,La Paz,highland,,2.0,
2026-01-25,la_paz_el_alto,La Paz–El Alto,La Paz,highland,1.1942173032305664e-05,5.0,-11.335434470553583
2026-02-01,la_paz_el_alto,La Paz–El Alto,La Paz,highland,5.9787173529652486e-06,5.0,-12.027304502478584
2026-02-08,la_paz_el_alto,La Paz–El Alto,La Paz,highland,9.561167503356643e-06,6.0,-11.557800714575391
2026-02-15,la_paz_el_alto,La Paz–El Alto,La Paz,highland,1.1887659841165055e-05,6.0,-11.340009684028376
2026-02-22,la_paz_el_alto,La Paz–El Alto,La Paz,highland,9.022824663136286e-06,5.0,-11.615753117354362
2026-03-01,la_paz_el_alto,La Paz–El Alto,La Paz,highland,1.1262259121046604e-05,5.0,-11.394053322956953
2026-03-08,la_paz_el_alto,La Paz–El Alto,La Paz,highland,8.246865183070418e-06,6.0,-11.705677407637191
2026-03-15,la_paz_el_alto,La Paz–El Alto,La Paz,highland,8.498236528174561e-06,5.0,-11.675651883265896
2026-03-22,la_paz_el_alto,La Paz–El Alto,La Paz,highland,9.587105090209546e-06,4.0,-11.555091582188643
2026-03-29,la_paz_el_alto,La Paz–El Alto,La Paz,highland,9.228456814597887e-06,5.0,-11.59321871577897
2026-04-05,la_paz_el_alto,La Paz–El Alto,La Paz,highland,4.311455234694836e-06,6.0,-12.35423506937615
2026-04-12,la_paz_el_alto,La Paz–El Alto,La Paz,highland,1.3013896498635448e-05,4.0,-11.249492810001682
2026-04-19,la_paz_el_alto,La Paz–El Alto,La Paz,highland,1.1486954060914237e-05,5.0,-11.374298596032975
2026-04-26,la_paz_el_alto,La Paz–El Alto,La Paz,highland,1.4675770616439797e-05,5.0,-11.129312681435318
2026-05-03,la_paz_el_alto,La Paz–El Alto,La Paz,highland,8.256609265878451e-06,3.0,-11.70449655520876
2026-05-10,la_paz_el_alto,La Paz–El Alto,La Paz,highland,1.8387645272473477e-05,6.0,-10.903831571457541
2018-07-01,montero,Montero,Santa Cruz,lowland,,0.0,
2018-07-08,montero,Montero,Santa Cruz,lowland,1.1339070410655392e-05,4.0,-11.387256237393764
2018-07-15,montero,Montero,Santa Cruz,lowland,1.3273362353058408e-05,6.0,-11.229751361680913
2018-07-22,montero,Montero,Santa Cruz,lowland,1.0870537369436769e-05,5.0,-11.429454422042333
2018-07-29,montero,Montero,Santa Cruz,lowland,1.0256257417057303e-05,7.0,-11.487622558933886
2018-08-05,montero,Montero,Santa Cruz,lowland,,2.0,
2018-08-12,montero,Montero,Santa Cruz,lowland,2.450703234335441e-05,6.0,-10.616550447177463
2018-08-19,montero,Montero,Santa Cruz,lowland,1.97243437327476e-05,7.0,-10.833656962622447
2018-08-26,montero,Montero,Santa Cruz,lowland,2.2738638014868755e-05,6.0,-10.691444965240834
2018-09-02,montero,Montero,Santa Cruz,lowland,2.685202299137731e-05,6.0,-10.525169395662257
2018-09-09,montero,Montero,Santa Cruz,lowland,3.6257994915337516e-05,7.0,-10.22485065159241
2018-09-16,montero,Montero,Santa Cruz,lowland,4.979873025380245e-05,3.0,-9.907521071170317
2018-09-23,montero,Montero,Santa Cruz,lowland,2.9807143521310465e-05,5.0,-10.420762477699864
2018-09-30,montero,Montero,Santa Cruz,lowland,2.427882671477292e-05,6.0,-10.625905916055364
2018-10-07,montero,Montero,Santa Cruz,lowland,2.5579781568863113e-05,4.0,-10.573708300987523
2018-10-14,montero,Montero,Santa Cruz,lowland,3.3150389824532015e-05,3.0,-10.314456081988814
2018-10-21,montero,Montero,Santa Cruz,lowland,1.83804925288844e-05,4.0,-10.904220644394439
2018-10-28,montero,Montero,Santa Cruz,lowland,,1.0,
2018-11-04,montero,Montero,Santa Cruz,lowland,1.3354432606439355e-05,3.0,-11.22366219778303
2018-11-11,montero,Montero,Santa Cruz,lowland,1.7084927029869126e-05,3.0,-10.977313943411751
2018-11-18,montero,Montero,Santa Cruz,lowland,5.074890392230217e-06,3.0,-12.19120563085976
2018-11-25,montero,Montero,Santa Cruz,lowland,1.7289609744642652e-05,3.0,-10.965404829683862
2018-12-02,montero,Montero,Santa Cruz,lowland,9.963312409099335e-06,3.0,-11.516600970462596
2018-12-09,montero,Montero,Santa Cruz,lowland,1.1306018263132566e-05,5.0,-11.390175384363765
2018-12-16,montero,Montero,Santa Cruz,lowland,1.2131413050763014e-05,3.0,-11.319712349561927
2018-12-23,montero,Montero,Santa Cruz,lowland,,2.0,
2018-12-30,montero,Montero,Santa Cruz,lowland,-1.3415742894092845e-07,3.0,
2019-01-06,montero,Montero,Santa Cruz,lowland,,2.0,
2019-01-13,montero,Montero,Santa Cruz,lowland,,0.0,
2019-01-20,montero,Montero,Santa Cruz,lowland,1.031553298968488e-05,5.0,-11.481859741454127
2019-01-27,montero,Montero,Santa Cruz,lowland,1.1947796604437192e-05,6.0,-11.334963681153603
2019-02-03,montero,Montero,Santa Cruz,lowland,,2.0,
2019-02-10,montero,Montero,Santa Cruz,lowland,9.107609335416215e-06,5.0,-11.60640030314907
2019-02-17,montero,Montero,Santa Cruz,lowland,,2.0,
2019-02-24,montero,Montero,Santa Cruz,lowland,6.629356550717362e-06,5.0,-11.924002809650124
2019-03-03,montero,Montero,Santa Cruz,lowland,,2.0,
2019-03-10,montero,Montero,Santa Cruz,lowland,1.1591485563411385e-05,3.0,-11.36523973251835
2019-03-17,montero,Montero,Santa Cruz,lowland,,0.0,
2019-03-24,montero,Montero,Santa Cruz,lowland,,2.0,
2019-03-31,montero,Montero,Santa Cruz,lowland,1.1146839227630763e-05,5.0,-11.404354577587975
2019-04-07,montero,Montero,Santa Cruz,lowland,,2.0,
2019-04-14,montero,Montero,Santa Cruz,lowland,9.24349276915544e-06,6.0,-11.59159073841684
2019-04-21,montero,Montero,Santa Cruz,lowland,5.715810218003925e-06,5.0,-12.072274500336594
2019-04-28,montero,Montero,Santa Cruz,lowland,,1.0,
2019-05-05,montero,Montero,Santa Cruz,lowland,,2.0,
2019-05-12,montero,Montero,Santa Cruz,lowland,8.10100178232574e-06,3.0,-11.723522827102892
2019-05-19,montero,Montero,Santa Cruz,lowland,1.0678064623249201e-05,7.0,-11.44731895590523
2019-05-26,montero,Montero,Santa Cruz,lowland,7.944787825595631e-06,4.0,-11.742994463732362
2019-06-02,montero,Montero,Santa Cruz,lowland,,1.0,
2019-06-09,montero,Montero,Santa Cruz,lowland,1.2487412552015002e-05,7.0,-11.290789416855764
2019-06-16,montero,Montero,Santa Cruz,lowland,7.874857214853506e-06,3.0,-11.751835504864127
2019-06-23,montero,Montero,Santa Cruz,lowland,1.1432839703426863e-05,6.0,-11.379020668019928
2019-06-30,montero,Montero,Santa Cruz,lowland,9.586770776371113e-06,3.0,-11.555126453994509
2019-07-07,montero,Montero,Santa Cruz,lowland,1.3086806240366347e-05,3.0,-11.243905992504747
2019-07-14,montero,Montero,Santa Cruz,lowland,9.727709424760826e-06,7.0,-11.54053210317416
2019-07-21,montero,Montero,Santa Cruz,lowland,1.0125697945221498e-05,4.0,-11.50043401448605
2019-07-28,montero,Montero,Santa Cruz,lowland,1.5387338067934487e-05,4.0,-11.081965590120157
2019-08-04,montero,Montero,Santa Cruz,lowland,2.0841295573873685e-05,6.0,-10.778574175359148
2019-08-11,montero,Montero,Santa Cruz,lowland,2.1614532145272946e-05,6.0,-10.742144684988814
2019-08-18,montero,Montero,Santa Cruz,lowland,2.4844138891601936e-05,7.0,-10.60288869273374
2019-08-25,montero,Montero,Santa Cruz,lowland,2.518570940778039e-05,6.0,-10.589233811294383
2019-09-01,montero,Montero,Santa Cruz,lowland,2.694999394308967e-05,7.0,-10.521527485355502
2019-09-08,montero,Montero,Santa Cruz,lowland,2.9363746660598835e-05,6.0,-10.435749751303739
2019-09-15,montero,Montero,Santa Cruz,lowland,3.129851217508809e-05,4.0,-10.371939995890193
2019-09-22,montero,Montero,Santa Cruz,lowland,2.928344121848151e-05,5.0,-10.438488347823428
2019-09-29,montero,Montero,Santa Cruz,lowland,3.136372947583886e-05,6.0,-10.36985844494083
2019-10-06,montero,Montero,Santa Cruz,lowland,,2.0,
2019-10-13,montero,Montero,Santa Cruz,lowland,2.1016398313709462e-05,5.0,-10.77020755288143
2019-10-20,montero,Montero,Santa Cruz,lowland,2.4594518808218458e-05,6.0,-10.612986952526436
2019-10-27,montero,Montero,Santa Cruz,lowland,1.847381108546365e-05,7.0,-10.899156445814333
2019-11-03,montero,Montero,Santa Cruz,lowland,1.602926880768249e-05,5.0,-11.04109420637677
2019-11-10,montero,Montero,Santa Cruz,lowland,,2.0,
2019-11-17,montero,Montero,Santa Cruz,lowland,1.3738196347337626e-05,5.0,-11.195330549995083
2019-11-24,montero,Montero,Santa Cruz,lowland,1.748984032560871e-05,6.0,-10.953890398443207
2019-12-01,montero,Montero,Santa Cruz,lowland,6.870645531869479e-06,4.0,-11.888252492262325
2019-12-08,montero,Montero,Santa Cruz,lowland,1.09704786153129e-05,3.0,-11.420302655156412
2019-12-15,montero,Montero,Santa Cruz,lowland,1.1813324140798333e-05,5.0,-11.346282499044932
2019-12-22,montero,Montero,Santa Cruz,lowland,1.0572708089692236e-05,3.0,-11.457234585628196
2019-12-29,montero,Montero,Santa Cruz,lowland,9.00776505941948e-06,5.0,-11.61742356823261
2020-01-05,montero,Montero,Santa Cruz,lowland,1.1749213800077732e-05,3.0,-11.351724230244404
2020-01-12,montero,Montero,Santa Cruz,lowland,,1.0,
2020-01-19,montero,Montero,Santa Cruz,lowland,1.3450441122022417e-05,6.0,-11.216498655277853
2020-01-26,montero,Montero,Santa Cruz,lowland,1.3947536536512312e-05,5.0,-11.180207657655876
2020-02-02,montero,Montero,Santa Cruz,lowland,8.301857719317418e-06,3.0,-11.699031246601532
2020-02-09,montero,Montero,Santa Cruz,lowland,6.363685158784491e-06,3.0,-11.964902920933692
2020-02-16,montero,Montero,Santa Cruz,lowland,1.6022293736356307e-05,3.0,-11.04152944702544
2020-02-23,montero,Montero,Santa Cruz,lowland,1.086357000020839e-05,4.0,-11.430095568177167
2020-03-01,montero,Montero,Santa Cruz,lowland,1.0319813372352668e-05,5.0,-11.48144488214873
2020-03-08,montero,Montero,Santa Cruz,lowland,9.766160041177479e-06,7.0,-11.53658720487179
2020-03-15,montero,Montero,Santa Cruz,lowland,5.3430649882151305e-06,5.0,-12.139711101818156
2020-03-22,montero,Montero,Santa Cruz,lowland,,2.0,
2020-03-29,montero,Montero,Santa Cruz,lowland,1.1140997273205406e-05,5.0,-11.404878805640251
2020-04-05,montero,Montero,Santa Cruz,lowland,8.545296408531561e-06,5.0,-11.670129554048472
2020-04-12,montero,Montero,Santa Cruz,lowland,9.896280359343417e-06,6.0,-11.523351592703097
2020-04-19,montero,Montero,Santa Cruz,lowland,8.298017204273924e-06,4.0,-11.699493962752069
2020-04-26,montero,Montero,Santa Cruz,lowland,7.2834985329087435e-06,6.0,-11.829899243484114
2020-05-03,montero,Montero,Santa Cruz,lowland,,1.0,
2020-05-10,montero,Montero,Santa Cruz,lowland,6.583440899918177e-06,5.0,-11.93095301619066
2020-05-17,montero,Montero,Santa Cruz,lowland,3.4279661551511465e-06,5.0,-12.583543430337238
2020-05-24,montero,Montero,Santa Cruz,lowland,7.922521226186049e-06,5.0,-11.745801066156645
2020-05-31,montero,Montero,Santa Cruz,lowland,1.0733905986069563e-05,7.0,-11.442103042765828
2020-06-07,montero,Montero,Santa Cruz,lowland,1.0638098634549852e-05,3.0,-11.451068789779832
2020-06-14,montero,Montero,Santa Cruz,lowland,6.7880354307433595e-06,5.0,-11.900348990991397
2020-06-21,montero,Montero,Santa Cruz,lowland,1.1450469812392019e-05,5.0,-11.377479797155843
2020-06-28,montero,Montero,Santa Cruz,lowland,,0.0,
2020-07-05,montero,Montero,Santa Cruz,lowland,1.0890663193785312e-05,4.0,-11.4276047235362
2020-07-12,montero,Montero,Santa Cruz,lowland,1.0686146935465701e-05,3.0,-11.446562334245698
2020-07-19,montero,Montero,Santa Cruz,lowland,1.570484029368677e-05,5.0,-11.06154159416343
2020-07-26,montero,Montero,Santa Cruz,lowland,1.0610360214818662e-05,3.0,-11.4536796554134
2020-08-02,montero,Montero,Santa Cruz,lowland,2.1692932487745977e-05,5.0,-10.738524042275897
2020-08-09,montero,Montero,Santa Cruz,lowland,2.4904522656737775e-05,6.0,-10.600461138186139
2020-08-16,montero,Montero,Santa Cruz,lowland,,2.0,
2020-08-23,montero,Montero,Santa Cruz,lowland,2.9110278352936357e-05,3.0,-10.444419238145404
2020-08-30,montero,Montero,Santa Cruz,lowland,2.651285858080513e-05,7.0,-10.537880713193502
2020-09-06,montero,Montero,Santa Cruz,lowland,3.1355554560639306e-05,5.0,-10.370119127611924
2020-09-13,montero,Montero,Santa Cruz,lowland,3.0643606677702166e-05,5.0,-10.393086508606073
2020-09-20,montero,Montero,Santa Cruz,lowland,,1.0,
2020-09-27,montero,Montero,Santa Cruz,lowland,2.199901886985948e-05,6.0,-10.724512702424995
2020-10-04,montero,Montero,Santa Cruz,lowland,3.291953278249334e-05,7.0,-10.321444374768472
2020-10-11,montero,Montero,Santa Cruz,lowland,1.6442405844156177e-05,6.0,-11.015646838157611
2020-10-18,montero,Montero,Santa Cruz,lowland,1.2150330993820077e-05,3.0,-11.318154146259063
2020-10-25,montero,Montero,Santa Cruz,lowland,,2.0,
2020-11-01,montero,Montero,Santa Cruz,lowland,1.4641729334275976e-05,6.0,-11.131634932481235
2020-11-08,montero,Montero,Santa Cruz,lowland,1.7386166838016766e-05,4.0,-10.959835677240665
2020-11-15,montero,Montero,Santa Cruz,lowland,9.281136124239122e-06,3.0,-11.58752659147882
2020-11-22,montero,Montero,Santa Cruz,lowland,1.521867176958224e-05,4.0,-11.092987478091683
2020-11-29,montero,Montero,Santa Cruz,lowland,1.7097463468499143e-05,5.0,-10.9765804406339
2020-12-06,montero,Montero,Santa Cruz,lowland,9.922810089574934e-06,4.0,-11.52067440162356
2020-12-13,montero,Montero,Santa Cruz,lowland,1.1724370372834327e-05,4.0,-11.35384094461885
2020-12-20,montero,Montero,Santa Cruz,lowland,1.4673554725740877e-05,5.0,-11.12946368256923
2020-12-27,montero,Montero,Santa Cruz,lowland,1.0262993816106935e-05,6.0,-11.486965965843318
2021-01-03,montero,Montero,Santa Cruz,lowland,1.4302124109760082e-05,4.0,-11.155102492585197
2021-01-10,montero,Montero,Santa Cruz,lowland,1.302906658074931e-05,3.0,-11.248327805560105
2021-01-17,montero,Montero,Santa Cruz,lowland,,1.0,
2021-01-24,montero,Montero,Santa Cruz,lowland,7.461510653117273e-06,3.0,-11.805752663831182
2021-01-31,montero,Montero,Santa Cruz,lowland,,2.0,
2021-02-07,montero,Montero,Santa Cruz,lowland,4.870533120037098e-06,4.0,-12.232307156627714
2021-02-14,montero,Montero,Santa Cruz,lowland,,2.0,
2021-02-21,montero,Montero,Santa Cruz,lowland,6.4554360210468225e-06,3.0,-11.950587988147255
2021-02-28,montero,Montero,Santa Cruz,lowland,9.02598639697759e-06,5.0,-11.61540276365371
2021-03-07,montero,Montero,Santa Cruz,lowland,1.0210058880552278e-05,4.0,-11.492137158855035
2021-03-14,montero,Montero,Santa Cruz,lowland,7.225945507274082e-06,6.0,-11.837832466469298
2021-03-21,montero,Montero,Santa Cruz,lowland,,1.0,
2021-03-28,montero,Montero,Santa Cruz,lowland,7.486260367034185e-06,5.0,-11.802441168558655
2021-04-04,montero,Montero,Santa Cruz,lowland,8.674158736869805e-06,5.0,-11.655162212410755
2021-04-11,montero,Montero,Santa Cruz,lowland,7.927254524614625e-06,3.0,-11.745203796057218
2021-04-18,montero,Montero,Santa Cruz,lowland,1.021035335366466e-05,5.0,-11.492108317800406
2021-04-25,montero,Montero,Santa Cruz,lowland,,1.0,
2021-05-02,montero,Montero,Santa Cruz,lowland,8.451448274696832e-06,5.0,-11.681172737826126
2021-05-09,montero,Montero,Santa Cruz,lowland,1.2749425276652335e-05,4.0,-11.270024363716802
2021-05-16,montero,Montero,Santa Cruz,lowland,1.5581232536536432e-05,4.0,-11.06944341047508
2021-05-23,montero,Montero,Santa Cruz,lowland,1.2457041656806764e-05,4.0,-11.293224500017843
2021-05-30,montero,Montero,Santa Cruz,lowland,8.075000152805607e-06,4.0,-11.726737669932259
2021-06-06,montero,Montero,Santa Cruz,lowland,9.8847505019675e-06,3.0,-11.524517341724215
2021-06-13,montero,Montero,Santa Cruz,lowland,1.5307379385934524e-05,3.0,-11.087175533035142
2021-06-20,montero,Montero,Santa Cruz,lowland,1.5162129585956447e-05,3.0,-11.096709713607916
2021-06-27,montero,Montero,Santa Cruz,lowland,1.5902796351334598e-05,4.0,-11.049015593048487
2021-07-04,montero,Montero,Santa Cruz,lowland,1.2157137000777778e-05,6.0,-11.317594153162531
2021-07-11,montero,Montero,Santa Cruz,lowland,1.5764484329872056e-05,7.0,-11.057750975310533
2021-07-18,montero,Montero,Santa Cruz,lowland,,2.0,
2021-07-25,montero,Montero,Santa Cruz,lowland,1.6410052852342325e-05,7.0,-11.017616432127527
2021-08-01,montero,Montero,Santa Cruz,lowland,7.230931481145884e-05,5.0,-9.534557601531631
2021-08-08,montero,Montero,Santa Cruz,lowland,3.250239654085942e-05,6.0,-10.33419673162847
2021-08-15,montero,Montero,Santa Cruz,lowland,2.2934920221686484e-05,4.0,-10.682849908373925
2021-08-22,montero,Montero,Santa Cruz,lowland,2.9391642438712282e-05,7.0,-10.434800194824337
2021-08-29,montero,Montero,Santa Cruz,lowland,,1.0,
2021-09-05,montero,Montero,Santa Cruz,lowland,2.8733796046088484e-05,6.0,-10.457436565400226
2021-09-12,montero,Montero,Santa Cruz,lowland,3.077229543559083e-05,5.0,-10.388895771621042
2021-09-19,montero,Montero,Santa Cruz,lowland,3.104074700630763e-05,5.0,-10.380209797013977
2021-09-26,montero,Montero,Santa Cruz,lowland,2.930159949550375e-05,7.0,-10.437868453141018
2021-10-03,montero,Montero,Santa Cruz,lowland,3.3689375949611464e-05,6.0,-10.298328024029587
2021-10-10,montero,Montero,Santa Cruz,lowland,3.592630666052755e-05,5.0,-10.234040754760068
2021-10-17,montero,Montero,Santa Cruz,lowland,2.8463811397551858e-05,4.0,-10.46687705306219
2021-10-24,montero,Montero,Santa Cruz,lowland,2.7967124851223508e-05,4.0,-10.4844808500554
2021-10-31,montero,Montero,Santa Cruz,lowland,2.7100370149072314e-05,7.0,-10.515963171534542
2021-11-07,montero,Montero,Santa Cruz,lowland,1.2471709472244486e-05,5.0,-11.292047720880014
2021-11-14,montero,Montero,Santa Cruz,lowland,2.0318401287044065e-05,4.0,-10.803983615167875
2021-11-21,montero,Montero,Santa Cruz,lowland,1.688365506808224e-05,4.0,-10.989164559766907
2021-11-28,montero,Montero,Santa Cruz,lowland,1.0708109674628257e-05,5.0,-11.444509190051162
2021-12-05,montero,Montero,Santa Cruz,lowland,,1.0,
2021-12-12,montero,Montero,Santa Cruz,lowland,1.6319912575181513e-05,5.0,-11.023124565355559
2021-12-19,montero,Montero,Santa Cruz,lowland,1.474071356179282e-05,3.0,-11.12489726248384
2021-12-26,montero,Montero,Santa Cruz,lowland,1.3892602357977676e-05,4.0,-11.184154063960728
2022-01-02,montero,Montero,Santa Cruz,lowland,1.0736628196968484e-05,6.0,-11.441849466316327
2022-01-09,montero,Montero,Santa Cruz,lowland,1.020942025439472e-05,5.0,-11.492199709535544
2022-01-16,montero,Montero,Santa Cruz,lowland,1.4323598139775374e-05,6.0,-11.153602161249886
2022-01-23,montero,Montero,Santa Cruz,lowland,1.1017849500113603e-05,5.0,-11.415993918463057
2022-01-30,montero,Montero,Santa Cruz,lowland,1.688442986252242e-05,6.0,-10.98911867061199
2022-02-06,montero,Montero,Santa Cruz,lowland,1.3152132943355579e-05,5.0,-11.23892661147803
2022-02-13,montero,Montero,Santa Cruz,lowland,1.159301474493253e-05,6.0,-11.36510781839443
2022-02-20,montero,Montero,Santa Cruz,lowland,9.307638794657068e-06,6.0,-11.584675119179963
2022-02-27,montero,Montero,Santa Cruz,lowland,1.2007455116657115e-05,4.0,-11.329982841356777
2022-03-06,montero,Montero,Santa Cruz,lowland,1.3906753877014949e-05,6.0,-11.18313594540143
2022-03-13,montero,Montero,Santa Cruz,lowland,,2.0,
2022-03-20,montero,Montero,Santa Cruz,lowland,7.770448759419775e-06,6.0,-11.765182639857416
2022-03-27,montero,Montero,Santa Cruz,lowland,9.60633452473119e-06,3.0,-11.553087830767188
2022-04-03,montero,Montero,Santa Cruz,lowland,4.796789043650533e-06,4.0,-12.247563813136278
2022-04-10,montero,Montero,Santa Cruz,lowland,9.42887533967054e-06,7.0,-11.571733732517274
2022-04-17,montero,Montero,Santa Cruz,lowland,2.9313272150704638e-06,3.0,-12.740055263070463
2022-04-24,montero,Montero,Santa Cruz,lowland,5.736735275247907e-06,7.0,-12.068620276820736
2022-05-01,montero,Montero,Santa Cruz,lowland,1.2031596194689944e-05,4.0,-11.327974352266619
2022-05-08,montero,Montero,Santa Cruz,lowland,1.2320463920536756e-05,5.0,-11.304248944680142
2022-05-15,montero,Montero,Santa Cruz,lowland,1.225681480899349e-05,4.0,-11.30942846471886
2022-05-22,montero,Montero,Santa Cruz,lowland,1.1078021610962299e-05,4.0,-11.410547447555274
2022-05-29,montero,Montero,Santa Cruz,lowland,8.219235969315304e-06,3.0,-11.709033300987958
2022-06-05,montero,Montero,Santa Cruz,lowland,1.0110767016553856e-05,3.0,-11.501909660692561
2022-06-12,montero,Montero,Santa Cruz,lowland,,2.0,
2022-06-19,montero,Montero,Santa Cruz,lowland,1.3013195194429771e-05,7.0,-11.249546700325972
2022-06-26,montero,Montero,Santa Cruz,lowland,1.499620218204879e-05,7.0,-11.107713576782936
2022-07-03,montero,Montero,Santa Cruz,lowland,1.7048903504015676e-05,7.0,-10.97942466691768
2022-07-10,montero,Montero,Santa Cruz,lowland,1.8066268734264262e-05,7.0,-10.921463964208085
2022-07-17,montero,Montero,Santa Cruz,lowland,,2.0,
2022-07-24,montero,Montero,Santa Cruz,lowland,1.593000949905756e-05,7.0,-11.047305837742584
2022-07-31,montero,Montero,Santa Cruz,lowland,1.919865644031682e-05,5.0,-10.86067025844588
2022-08-07,montero,Montero,Santa Cruz,lowland,3.0231226445756554e-05,3.0,-10.406635179511033
2022-08-14,montero,Montero,Santa Cruz,lowland,2.583031703907299e-05,5.0,-10.563961676867855
2022-08-21,montero,Montero,Santa Cruz,lowland,2.597974994216809e-05,4.0,-10.558193171780918
2022-08-28,montero,Montero,Santa Cruz,lowland,3.458264600917972e-05,5.0,-10.272158562152432
2022-09-04,montero,Montero,Santa Cruz,lowland,2.5819729753387504e-05,4.0,-10.564371639161841
2022-09-11,montero,Montero,Santa Cruz,lowland,3.3685439156427105e-05,6.0,-10.298444886485763
2022-09-18,montero,Montero,Santa Cruz,lowland,4.294673923339826e-05,4.0,-10.05554983247666
2022-09-25,montero,Montero,Santa Cruz,lowland,3.6648558712491655e-05,7.0,-10.214136456121352
2022-10-02,montero,Montero,Santa Cruz,lowland,3.195008968872346e-05,3.0,-10.351335569985876
2022-10-09,montero,Montero,Santa Cruz,lowland,2.9693229643366723e-05,5.0,-10.424591496277825
2022-10-16,montero,Montero,Santa Cruz,lowland,1.4036077386448296e-05,3.0,-11.173879586832436
2022-10-23,montero,Montero,Santa Cruz,lowland,2.1606615271541123e-05,6.0,-10.742511027591615
2022-10-30,montero,Montero,Santa Cruz,lowland,1.6479798314559246e-05,6.0,-11.013375271752055
2022-11-06,montero,Montero,Santa Cruz,lowland,1.0915382453550886e-05,6.0,-11.425337529313664
2022-11-13,montero,Montero,Santa Cruz,lowland,1.986082587625371e-05,5.0,-10.826761315304841
2022-11-20,montero,Montero,Santa Cruz,lowland,1.198232054413911e-05,7.0,-11.332078282520571
2022-11-27,montero,Montero,Santa Cruz,lowland,1.94452470092616e-05,6.0,-10.847907887466734
2022-12-04,montero,Montero,Santa Cruz,lowland,1.7854042572067164e-05,7.0,-10.933280600754522
2022-12-11,montero,Montero,Santa Cruz,lowland,1.7082579958817224e-05,6.0,-10.977451329557974
2022-12-18,montero,Montero,Santa Cruz,lowland,1.2312736836918449e-05,5.0,-11.304876316165304
2022-12-25,montero,Montero,Santa Cruz,lowland,6.571789136305667e-06,5.0,-11.932724443467464
2023-01-01,montero,Montero,Santa Cruz,lowland,1.2328146933201164e-05,5.0,-11.303625541360676
2023-01-08,montero,Montero,Santa Cruz,lowland,1.0809780535388816e-05,4.0,-11.43505922851843
2023-01-15,montero,Montero,Santa Cruz,lowland,9.536015330965818e-06,4.0,-11.560434839949009
2023-01-22,montero,Montero,Santa Cruz,lowland,7.275791713208589e-06,6.0,-11.830957924270017
2023-01-29,montero,Montero,Santa Cruz,lowland,4.7611444157051514e-06,3.0,-12.255022495150566
2023-02-05,montero,Montero,Santa Cruz,lowland,,1.0,
2023-02-12,montero,Montero,Santa Cruz,lowland,6.694370673338087e-06,6.0,-11.914243582740774
2023-02-19,montero,Montero,Santa Cruz,lowland,,2.0,
2023-02-26,montero,Montero,Santa Cruz,lowland,6.550375322652999e-06,5.0,-11.935988208790366
2023-03-05,montero,Montero,Santa Cruz,lowland,6.2424824626490204e-06,6.0,-11.984132624143802
2023-03-12,montero,Montero,Santa Cruz,lowland,6.875550801672851e-06,4.0,-11.887538801013843
2023-03-19,montero,Montero,Santa Cruz,lowland,1.741068769303818e-05,4.0,-10.95842630507696
2023-03-26,montero,Montero,Santa Cruz,lowland,1.2134795042677054e-05,4.0,-11.319433608695377
2023-04-02,montero,Montero,Santa Cruz,lowland,1.0184643356244446e-05,6.0,-11.494629525467628
2023-04-09,montero,Montero,Santa Cruz,lowland,1.3017871154793228e-05,5.0,-11.249187440328628
2023-04-16,montero,Montero,Santa Cruz,lowland,,1.0,
2023-04-23,montero,Montero,Santa Cruz,lowland,1.2595911605250814e-05,4.0,-11.28213827243424
2023-04-30,montero,Montero,Santa Cruz,lowland,8.996222965908206e-06,5.0,-11.61870573916899
2023-05-07,montero,Montero,Santa Cruz,lowland,,0.0,
2023-05-14,montero,Montero,Santa Cruz,lowland,1.15912244534448e-05,5.0,-11.365262258786109
2023-05-21,montero,Montero,Santa Cruz,lowland,,2.0,
2023-05-28,montero,Montero,Santa Cruz,lowland,4.948903840832331e-06,4.0,-12.216344452203025
2023-06-04,montero,Montero,Santa Cruz,lowland,,2.0,
2023-06-11,montero,Montero,Santa Cruz,lowland,8.119981614327237e-06,5.0,-11.721182668038665
2023-06-18,montero,Montero,Santa Cruz,lowland,1.0183583760217012e-05,4.0,-11.49473356947915
2023-06-25,montero,Montero,Santa Cruz,lowland,7.632118592615573e-06,7.0,-11.783145085074292
2023-07-02,montero,Montero,Santa Cruz,lowland,1.4197614729282031e-05,4.0,-11.162436584277868
2023-07-09,montero,Montero,Santa Cruz,lowland,1.2090041484457216e-05,4.0,-11.323128462040133
2023-07-16,montero,Montero,Santa Cruz,lowland,1.5042201724962363e-05,5.0,-11.104650858869348
2023-07-23,montero,Montero,Santa Cruz,lowland,1.6898985512068128e-05,6.0,-10.988256966708759
2023-07-30,montero,Montero,Santa Cruz,lowland,2.127899185902067e-05,3.0,-10.757790269659084
2023-08-06,montero,Montero,Santa Cruz,lowland,1.9885134851439094e-05,7.0,-10.825538097761656
2023-08-13,montero,Montero,Santa Cruz,lowland,3.012149770361703e-05,5.0,-10.410271431713127
2023-08-20,montero,Montero,Santa Cruz,lowland,2.4150648938964862e-05,6.0,-10.631199307048046
2023-08-27,montero,Montero,Santa Cruz,lowland,2.1743634384436358e-05,5.0,-10.736189515246322
2023-09-03,montero,Montero,Santa Cruz,lowland,3.3111053831755644e-05,6.0,-10.315643378710005
2023-09-10,montero,Montero,Santa Cruz,lowland,2.849194245014179e-05,6.0,-10.465889231710456
2023-09-17,montero,Montero,Santa Cruz,lowland,3.459679551728768e-05,6.0,-10.271749495296932
2023-09-24,montero,Montero,Santa Cruz,lowland,3.2359052936937934e-05,6.0,-10.338616732675124
2023-10-01,montero,Montero,Santa Cruz,lowland,2.9983616311101062e-05,4.0,-10.414859448444878
2023-10-08,montero,Montero,Santa Cruz,lowland,2.671813091302722e-05,3.0,-10.530168162602264
2023-10-15,montero,Montero,Santa Cruz,lowland,2.267114110924726e-05,5.0,-10.694417759058908
2023-10-22,montero,Montero,Santa Cruz,lowland,4.782809263582476e-05,6.0,-9.947897379055409
2023-10-29,montero,Montero,Santa Cruz,lowland,3.025294577552214e-05,3.0,-10.40591699721965
2023-11-05,montero,Montero,Santa Cruz,lowland,1.8412793302839854e-05,4.0,-10.902464846752373
2023-11-12,montero,Montero,Santa Cruz,lowland,2.4872784573980306e-05,7.0,-10.601736341238455
2023-11-19,montero,Montero,Santa Cruz,lowland,3.0954266422563795e-05,3.0,-10.382999719462747
2023-11-26,montero,Montero,Santa Cruz,lowland,,1.0,
2023-12-03,montero,Montero,Santa Cruz,lowland,7.684853248674705e-06,6.0,-11.776259276969354
2023-12-10,montero,Montero,Santa Cruz,lowland,1.6306394292686594e-05,4.0,-11.023953239181454
2023-12-17,montero,Montero,Santa Cruz,lowland,1.1230868561659226e-05,6.0,-11.396844449225286
2023-12-24,montero,Montero,Santa Cruz,lowland,1.1089576906962726e-05,4.0,-11.40950490818975
2023-12-31,montero,Montero,Santa Cruz,lowland,1.6105356567775386e-05,3.0,-11.036358635235244
2024-01-07,montero,Montero,Santa Cruz,lowland,1.174050833596815e-05,4.0,-11.352465445015506
2024-01-14,montero,Montero,Santa Cruz,lowland,1.0751948657776318e-05,4.0,-11.440423549327292
2024-01-21,montero,Montero,Santa Cruz,lowland,1.3189359815025646e-05,5.0,-11.236100128044054
2024-01-28,montero,Montero,Santa Cruz,lowland,6.638310818243036e-06,3.0,-11.922653021682704
2024-02-04,montero,Montero,Santa Cruz,lowland,1.230941547798004e-05,7.0,-11.305146102406253
2024-02-11,montero,Montero,Santa Cruz,lowland,1.431085803613743e-05,4.0,-11.154492005596873
2024-02-18,montero,Montero,Santa Cruz,lowland,1.240811508398615e-05,3.0,-11.297159857150284
2024-02-25,montero,Montero,Santa Cruz,lowland,,1.0,
2024-03-03,montero,Montero,Santa Cruz,lowland,8.867470186887683e-06,7.0,-11.63312101236939
2024-03-10,montero,Montero,Santa Cruz,lowland,1.6226601486065517e-05,4.0,-11.028858595402872
2024-03-17,montero,Montero,Santa Cruz,lowland,7.251723167233519e-06,6.0,-11.834271439099583
2024-03-24,montero,Montero,Santa Cruz,lowland,1.0754781369082742e-05,5.0,-11.440160123755923
2024-03-31,montero,Montero,Santa Cruz,lowland,1.2773040658137897e-05,3.0,-11.26817380677726
2024-04-07,montero,Montero,Santa Cruz,lowland,9.214028841174637e-06,6.0,-11.594783361308428
2024-04-14,montero,Montero,Santa Cruz,lowland,,2.0,
2024-04-21,montero,Montero,Santa Cruz,lowland,1.2993260249123068e-05,3.0,-11.251079777315601
2024-04-28,montero,Montero,Santa Cruz,lowland,8.748043349214287e-06,7.0,-11.646680499833465
2024-05-05,montero,Montero,Santa Cruz,lowland,6.8704790701285205e-06,5.0,-11.888276720518132
2024-05-12,montero,Montero,Santa Cruz,lowland,6.9678717171740894e-06,4.0,-11.874200728862808
2024-05-19,montero,Montero,Santa Cruz,lowland,,1.0,
2024-05-26,montero,Montero,Santa Cruz,lowland,1.1342856902411176e-05,4.0,-11.386922359964505
2024-06-02,montero,Montero,Santa Cruz,lowland,1.3397786124190523e-05,5.0,-11.220421079269494
2024-06-09,montero,Montero,Santa Cruz,lowland,8.717110558755591e-06,7.0,-11.65022273289543
2024-06-16,montero,Montero,Santa Cruz,lowland,,2.0,
2024-06-23,montero,Montero,Santa Cruz,lowland,7.942745182728789e-06,4.0,-11.743251601562008
2024-06-30,montero,Montero,Santa Cruz,lowland,,2.0,
2024-07-07,montero,Montero,Santa Cruz,lowland,1.3138684373465888e-05,5.0,-11.239949673705471
2024-07-14,montero,Montero,Santa Cruz,lowland,,1.0,
2024-07-21,montero,Montero,Santa Cruz,lowland,2.656573257593643e-05,7.0,-10.535888421707684
2024-07-28,montero,Montero,Santa Cruz,lowland,2.9398122881056583e-05,5.0,-10.434579733241092
2024-08-04,montero,Montero,Santa Cruz,lowland,,2.0,
2024-08-11,montero,Montero,Santa Cruz,lowland,,2.0,
2024-08-18,montero,Montero,Santa Cruz,lowland,3.08962020787375e-05,7.0,-10.384877291687856
2024-08-25,montero,Montero,Santa Cruz,lowland,3.849990478240953e-05,3.0,-10.164854789857761
2024-09-01,montero,Montero,Santa Cruz,lowland,3.8455742252684416e-05,4.0,-10.166002529790426
2024-09-08,montero,Montero,Santa Cruz,lowland,,2.0,
2024-09-15,montero,Montero,Santa Cruz,lowland,,2.0,
2024-09-22,montero,Montero,Santa Cruz,lowland,5.179110223025958e-05,4.0,-9.86829219506988
2024-09-29,montero,Montero,Santa Cruz,lowland,3.7716701302929076e-05,4.0,-10.185407556225488
2024-10-06,montero,Montero,Santa Cruz,lowland,5.3390592508538634e-05,3.0,-9.837875997770013
2024-10-13,montero,Montero,Santa Cruz,lowland,2.7483817002255024e-05,3.0,-10.501913199155007
2024-10-20,montero,Montero,Santa Cruz,lowland,2.3733645577630387e-05,5.0,-10.648616871940167
2024-10-27,montero,Montero,Santa Cruz,lowland,,2.0,
2024-11-03,montero,Montero,Santa Cruz,lowland,3.0035912046067463e-05,6.0,-10.413116824014734
2024-11-10,montero,Montero,Santa Cruz,lowland,1.5051009195040219e-05,4.0,-11.1040655128687
2024-11-17,montero,Montero,Santa Cruz,lowland,1.2257763559242013e-05,6.0,-11.309351061776434
2024-11-24,montero,Montero,Santa Cruz,lowland,1.3949020451475596e-05,3.0,-11.180101270694552
2024-12-01,montero,Montero,Santa Cruz,lowland,1.1128501560913903e-05,3.0,-11.40600103238599
2024-12-08,montero,Montero,Santa Cruz,lowland,,0.0,
2024-12-15,montero,Montero,Santa Cruz,lowland,1.0786603957801768e-05,6.0,-11.437205568012597
2024-12-22,montero,Montero,Santa Cruz,lowland,1.1800129671151364e-05,4.0,-11.347400037472411
2024-12-29,montero,Montero,Santa Cruz,lowland,1.2219573277078552e-05,6.0,-11.312471524873216
2025-01-05,montero,Montero,Santa Cruz,lowland,1.2644388754536078e-05,5.0,-11.278297017916515
2025-01-12,montero,Montero,Santa Cruz,lowland,,2.0,
2025-01-19,montero,Montero,Santa Cruz,lowland,9.949917655793483e-06,3.0,-11.517946282627667
2025-01-26,montero,Montero,Santa Cruz,lowland,1.1617356720654345e-05,3.0,-11.363010309125148
2025-02-02,montero,Montero,Santa Cruz,lowland,1.4851415189085136e-05,4.0,-11.117415398327928
2025-02-09,montero,Montero,Santa Cruz,lowland,1.2080551576133054e-05,6.0,-11.323913706224088
2025-02-16,montero,Montero,Santa Cruz,lowland,1.8143086974084604e-05,5.0,-10.917220952778301
2025-02-23,montero,Montero,Santa Cruz,lowland,4.984314275871241e-06,6.0,-12.20921472151062
2025-03-02,montero,Montero,Santa Cruz,lowland,1.1264265590925662e-05,3.0,-11.393875180086713
2025-03-09,montero,Montero,Santa Cruz,lowland,,2.0,
2025-03-16,montero,Montero,Santa Cruz,lowland,6.502134199676669e-06,3.0,-11.943380096542148
2025-03-23,montero,Montero,Santa Cruz,lowland,9.663369870352943e-06,5.0,-11.547168122710492
2025-03-30,montero,Montero,Santa Cruz,lowland,,1.0,
2025-04-06,montero,Montero,Santa Cruz,lowland,8.193951907914417e-06,3.0,-11.712114248039828
2025-04-13,montero,Montero,Santa Cruz,lowland,7.660294018343629e-06,4.0,-11.779460191352632
2025-04-20,montero,Montero,Santa Cruz,lowland,5.9854119836918805e-06,4.0,-12.026185385284686
2025-04-27,montero,Montero,Santa Cruz,lowland,,2.0,
2025-05-04,montero,Montero,Santa Cruz,lowland,,2.0,
2025-05-11,montero,Montero,Santa Cruz,lowland,1.0772335937294156e-05,6.0,-11.438529197343183
2025-05-18,montero,Montero,Santa Cruz,lowland,8.829238310170745e-06,5.0,-11.637441808657968
2025-05-25,montero,Montero,Santa Cruz,lowland,,2.0,
2025-06-01,montero,Montero,Santa Cruz,lowland,1.0119258521361102e-05,5.0,-11.50107016542944
2025-06-08,montero,Montero,Santa Cruz,lowland,9.452346781206307e-06,5.0,-11.569247510653472
2025-06-15,montero,Montero,Santa Cruz,lowland,9.796131907419789e-06,4.0,-11.53352295352812
2025-06-22,montero,Montero,Santa Cruz,lowland,7.918986057879067e-06,3.0,-11.74624738332865
2025-06-29,montero,Montero,Santa Cruz,lowland,1.4618608862729413e-05,3.0,-11.133215261198062
2025-07-06,montero,Montero,Santa Cruz,lowland,2.073710309664813e-05,5.0,-10.783586042033011
2025-07-13,montero,Montero,Santa Cruz,lowland,2.060351179654212e-05,6.0,-10.790049021137749
2025-07-20,montero,Montero,Santa Cruz,lowland,2.136666677833721e-05,7.0,-10.753678477479369
2025-07-27,montero,Montero,Santa Cruz,lowland,1.3331273791394531e-05,6.0,-11.225397870094904
2025-08-03,montero,Montero,Santa Cruz,lowland,1.8739955642412295e-05,3.0,-10.88485264815721
2025-08-10,montero,Montero,Santa Cruz,lowland,1.9850123793396444e-05,6.0,-10.827300314407376
2025-08-17,montero,Montero,Santa Cruz,lowland,2.6837258763933123e-05,7.0,-10.525719383567985
2025-08-24,montero,Montero,Santa Cruz,lowland,,2.0,
2025-08-31,montero,Montero,Santa Cruz,lowland,3.262907248183714e-05,5.0,-10.33030687308217
2025-09-07,montero,Montero,Santa Cruz,lowland,2.642339256191955e-05,6.0,-10.541260858259925
2025-09-14,montero,Montero,Santa Cruz,lowland,3.4712496717806754e-05,7.0,-10.268410799885
2025-09-21,montero,Montero,Santa Cruz,lowland,3.340978551589533e-05,5.0,-10.306661721373914
2025-09-28,montero,Montero,Santa Cruz,lowland,4.244221786057538e-05,5.0,-10.067366986852184
2025-10-05,montero,Montero,Santa Cruz,lowland,1.839308381441488e-05,3.0,-10.903535843661162
2025-10-12,montero,Montero,Santa Cruz,lowland,2.183536277013982e-05,5.0,-10.73197975700677
2025-10-19,montero,Montero,Santa Cruz,lowland,2.6145874872907756e-05,4.0,-10.551819128542943
2025-10-26,montero,Montero,Santa Cruz,lowland,,2.0,
2025-11-02,montero,Montero,Santa Cruz,lowland,,0.0,
2025-11-09,montero,Montero,Santa Cruz,lowland,,2.0,
2025-11-16,montero,Montero,Santa Cruz,lowland,9.890416854304101e-06,5.0,-11.523944264147719
2025-11-23,montero,Montero,Santa Cruz,lowland,1.2938380066955754e-05,4.0,-11.255312464753253
2025-11-30,montero,Montero,Santa Cruz,lowland,1.2735788512050688e-05,6.0,-11.271094534523778
2025-12-07,montero,Montero,Santa Cruz,lowland,1.1000827848647538e-05,5.0,-11.417540029029759
2025-12-14,montero,Montero,Santa Cruz,lowland,8.969547853487858e-06,4.0,-11.621675289687113
2025-12-21,montero,Montero,Santa Cruz,lowland,6.6979628343599675e-06,4.0,-11.913707132374457
2025-12-28,montero,Montero,Santa Cruz,lowland,,2.0,
2026-01-04,montero,Montero,Santa Cruz,lowland,1.2527616122595606e-05,4.0,-11.287575060740556
2026-01-11,montero,Montero,Santa Cruz,lowland,9.644886820332608e-06,6.0,-11.549082646218448
2026-01-18,montero,Montero,Santa Cruz,lowland,1.114243443126895e-05,6.0,-11.404749816704921
2026-01-25,montero,Montero,Santa Cruz,lowland,1.3180795082318715e-05,6.0,-11.236749705799014
2026-02-01,montero,Montero,Santa Cruz,lowland,,2.0,
2026-02-08,montero,Montero,Santa Cruz,lowland,,2.0,
2026-02-15,montero,Montero,Santa Cruz,lowland,7.936559997729376e-06,3.0,-11.744030626241228
2026-02-22,montero,Montero,Santa Cruz,lowland,1.272693253989156e-05,6.0,-11.271790137519087
2026-03-01,montero,Montero,Santa Cruz,lowland,1.3275893277027165e-05,3.0,-11.229560702928616
2026-03-08,montero,Montero,Santa Cruz,lowland,6.506834618915529e-06,4.0,-11.942657453647241
2026-03-15,montero,Montero,Santa Cruz,lowland,7.466896352688852e-06,3.0,-11.805031126723687
2026-03-22,montero,Montero,Santa Cruz,lowland,,1.0,
2026-03-29,montero,Montero,Santa Cruz,lowland,6.24256378972382e-06,4.0,-11.98411959622654
2026-04-05,montero,Montero,Santa Cruz,lowland,1.1464022060420345e-05,7.0,-11.376296943118872
2026-04-12,montero,Montero,Santa Cruz,lowland,,2.0,
2026-04-19,montero,Montero,Santa Cruz,lowland,8.172931358018495e-06,3.0,-11.71468291809292
2026-04-26,montero,Montero,Santa Cruz,lowland,8.244943709754194e-06,4.0,-11.70591042917381
2026-05-03,montero,Montero,Santa Cruz,lowland,8.714286524536071e-06,3.0,-11.65054674986673
2026-05-10,montero,Montero,Santa Cruz,lowland,6.212856821315112e-06,4.0,-11.988889732164335
2018-07-01,oruro,Oruro,Oruro,highland,,1.0,
2018-07-08,oruro,Oruro,Oruro,highland,7.82844072551592e-06,6.0,-11.757747208850768
2018-07-15,oruro,Oruro,Oruro,highland,7.1960050361905945e-06,4.0,-11.841984542016505
2018-07-22,oruro,Oruro,Oruro,highland,5.46424587187527e-06,5.0,-12.117284438195144
2018-07-29,oruro,Oruro,Oruro,highland,5.563888208285376e-06,7.0,-12.099213376073763
2018-08-05,oruro,Oruro,Oruro,highland,4.410893158148515e-06,3.0,-12.331433358819583
2018-08-12,oruro,Oruro,Oruro,highland,1.3617477475497014e-05,6.0,-11.204156481774985
2018-08-19,oruro,Oruro,Oruro,highland,9.277507370057073e-06,7.0,-11.58791764961078
2018-08-26,oruro,Oruro,Oruro,highland,1.2963103057667688e-05,7.0,-11.253403462237749
2018-09-02,oruro,Oruro,Oruro,highland,1.4000109018927288e-05,7.0,-11.1764454413131
2018-09-09,oruro,Oruro,Oruro,highland,1.6535953528954647e-05,7.0,-11.009973545884193
2018-09-16,oruro,Oruro,Oruro,highland,8.261081306160143e-06,7.0,-11.703955070263094
2018-09-23,oruro,Oruro,Oruro,highland,7.3620148098859175e-06,5.0,-11.819176911343355
2018-09-30,oruro,Oruro,Oruro,highland,1.0336420210362307e-05,5.0,-11.479836956723108
2018-10-07,oruro,Oruro,Oruro,highland,3.1796461678218844e-06,4.0,-12.658740635343468
2018-10-14,oruro,Oruro,Oruro,highland,7.00225190830567e-06,6.0,-11.869278759457169
2018-10-21,oruro,Oruro,Oruro,highland,4.678831694191887e-06,3.0,-12.272462117192656
2018-10-28,oruro,Oruro,Oruro,highland,9.514180038878992e-06,4.0,-11.562727236559658
2018-11-04,oruro,Oruro,Oruro,highland,9.860418058429658e-06,5.0,-11.526981990813503
2018-11-11,oruro,Oruro,Oruro,highland,1.1950631078050054e-05,3.0,-11.334726471102481
2018-11-18,oruro,Oruro,Oruro,highland,4.983672285535794e-06,4.0,-12.209343531944377
2018-11-25,oruro,Oruro,Oruro,highland,8.251581443371043e-06,4.0,-11.705105685882303
2018-12-02,oruro,Oruro,Oruro,highland,8.085042978603647e-06,5.0,-11.725494749104726
2018-12-09,oruro,Oruro,Oruro,highland,1.0240095192927061e-05,5.0,-11.489199642211839
2018-12-16,oruro,Oruro,Oruro,highland,,2.0,
2018-12-23,oruro,Oruro,Oruro,highland,2.6205736374777816e-06,3.0,-12.852117318554152
2018-12-30,oruro,Oruro,Oruro,highland,,2.0,
2019-01-06,oruro,Oruro,Oruro,highland,7.666328681338152e-06,3.0,-11.778672716717859
2019-01-13,oruro,Oruro,Oruro,highland,5.219228436249653e-06,4.0,-12.163160976142152
2019-01-20,oruro,Oruro,Oruro,highland,1.2832577977449555e-05,4.0,-11.263523465970932
2019-01-27,oruro,Oruro,Oruro,highland,7.918424066108734e-06,5.0,-11.746318353489322
2019-02-03,oruro,Oruro,Oruro,highland,5.4020240869001635e-06,4.0,-12.128736843718164
2019-02-10,oruro,Oruro,Oruro,highland,5.130492055462031e-06,4.0,-12.1803089861373
2019-02-17,oruro,Oruro,Oruro,highland,8.472255675124707e-06,4.0,-11.678713771281458
2019-02-24,oruro,Oruro,Oruro,highland,7.66694324419039e-06,4.0,-11.778592556024751
2019-03-03,oruro,Oruro,Oruro,highland,5.637552459201329e-06,5.0,-12.086060547777207
2019-03-10,oruro,Oruro,Oruro,highland,5.142025165654452e-06,5.0,-12.178063554995164
2019-03-17,oruro,Oruro,Oruro,highland,6.7191303231667644e-06,4.0,-11.910551827999637
2019-03-24,oruro,Oruro,Oruro,highland,8.680935735042961e-06,5.0,-11.654381231526026
2019-03-31,oruro,Oruro,Oruro,highland,7.739735859895517e-06,5.0,-11.769142997573452
2019-04-07,oruro,Oruro,Oruro,highland,7.269979584320378e-06,4.0,-11.831757074631815
2019-04-14,oruro,Oruro,Oruro,highland,6.116459749517341e-06,6.0,-12.004527101120782
2019-04-21,oruro,Oruro,Oruro,highland,8.153038426601542e-06,5.0,-11.717119887109087
2019-04-28,oruro,Oruro,Oruro,highland,7.627666624182452e-06,5.0,-11.78372857540475
2019-05-05,oruro,Oruro,Oruro,highland,6.7400328390194115e-06,5.0,-11.907445760793856
2019-05-12,oruro,Oruro,Oruro,highland,5.143180585660159e-06,6.0,-12.177838878884932
2019-05-19,oruro,Oruro,Oruro,highland,9.445875565321072e-06,7.0,-11.569932359843994
2019-05-26,oruro,Oruro,Oruro,highland,4.2351556506985315e-06,7.0,-12.372090477123951
2019-06-02,oruro,Oruro,Oruro,highland,4.928354012099295e-06,7.0,-12.220505497442401
2019-06-09,oruro,Oruro,Oruro,highland,1.0848047769475052e-05,7.0,-11.431525423247624
2019-06-16,oruro,Oruro,Oruro,highland,9.549300081457743e-06,5.0,-11.559042696057183
2019-06-23,oruro,Oruro,Oruro,highland,8.85950441205904e-06,7.0,-11.634019730345246
2019-06-30,oruro,Oruro,Oruro,highland,9.358480150975148e-06,7.0,-11.57922765769192
2019-07-07,oruro,Oruro,Oruro,highland,9.355222770995843e-06,7.0,-11.579575785481037
2019-07-14,oruro,Oruro,Oruro,highland,1.1161922154070706e-05,7.0,-11.40300237981419
2019-07-21,oruro,Oruro,Oruro,highland,9.308373442008987e-06,6.0,-11.5845961927866
2019-07-28,oruro,Oruro,Oruro,highland,6.874332129830906e-06,6.0,-11.887716063882364
2019-08-04,oruro,Oruro,Oruro,highland,1.328059496617694e-05,6.0,-11.2292066132496
2019-08-11,oruro,Oruro,Oruro,highland,8.41703049288417e-06,6.0,-11.685253464967943
2019-08-18,oruro,Oruro,Oruro,highland,1.5164978252025871e-05,7.0,-11.09652185091471
2019-08-25,oruro,Oruro,Oruro,highland,1.814362038633956e-05,7.0,-10.917191552907452
2019-09-01,oruro,Oruro,Oruro,highland,1.3272293890864962e-05,7.0,-11.229831861645518
2019-09-08,oruro,Oruro,Oruro,highland,,2.0,
2019-09-15,oruro,Oruro,Oruro,highland,1.35395901629391e-05,4.0,-11.209892559554268
2019-09-22,oruro,Oruro,Oruro,highland,1.595820385474323e-05,5.0,-11.045537512705383
2019-09-29,oruro,Oruro,Oruro,highland,1.5835708474413914e-05,7.0,-11.053243137931647
2019-10-06,oruro,Oruro,Oruro,highland,6.821339485538565e-06,3.0,-11.89545469988975
2019-10-13,oruro,Oruro,Oruro,highland,6.94076322124216e-06,7.0,-11.8780988152499
2019-10-20,oruro,Oruro,Oruro,highland,4.85447228535223e-06,6.0,-12.235610157215804
2019-10-27,oruro,Oruro,Oruro,highland,6.336246207617995e-06,6.0,-11.969224045681555
2019-11-03,oruro,Oruro,Oruro,highland,1.2431140530732991e-06,6.0,-13.597890993351166
2019-11-10,oruro,Oruro,Oruro,highland,,1.0,
2019-11-17,oruro,Oruro,Oruro,highland,6.797236511995056e-06,4.0,-11.898994423678005
2019-11-24,oruro,Oruro,Oruro,highland,3.690865768747826e-06,4.0,-12.50964950175522
2019-12-01,oruro,Oruro,Oruro,highland,8.18515114130972e-06,5.0,-11.713188881666005
2019-12-08,oruro,Oruro,Oruro,highland,5.676302947883051e-06,3.0,-12.07921042660893
2019-12-15,oruro,Oruro,Oruro,highland,5.265042669260481e-06,6.0,-12.154421308088196
2019-12-22,oruro,Oruro,Oruro,highland,3.392314416007806e-06,3.0,-12.593998150931858
2019-12-29,oruro,Oruro,Oruro,highland,,2.0,
2020-01-05,oruro,Oruro,Oruro,highland,,0.0,
2020-01-12,oruro,Oruro,Oruro,highland,1.0108424496414825e-05,4.0,-11.502141373236359
2020-01-19,oruro,Oruro,Oruro,highland,8.275190312469957e-06,5.0,-11.702248638479814
2020-01-26,oruro,Oruro,Oruro,highland,8.247005341591574e-06,4.0,-11.705660412412092
2020-02-02,oruro,Oruro,Oruro,highland,9.061450516628801e-06,4.0,-11.611481349551054
2020-02-09,oruro,Oruro,Oruro,highland,,1.0,
2020-02-16,oruro,Oruro,Oruro,highland,9.100318318863092e-06,4.0,-11.607201164958413
2020-02-23,oruro,Oruro,Oruro,highland,,2.0,
2020-03-01,oruro,Oruro,Oruro,highland,8.66209749248023e-06,5.0,-11.656553660042356
2020-03-08,oruro,Oruro,Oruro,highland,7.885468788251639e-06,5.0,-11.750488886145757
2020-03-15,oruro,Oruro,Oruro,highland,9.923321423836267e-06,3.0,-11.520622871756283
2020-03-22,oruro,Oruro,Oruro,highland,,2.0,
2020-03-29,oruro,Oruro,Oruro,highland,4.776697353805006e-06,6.0,-12.251761180429478
2020-04-05,oruro,Oruro,Oruro,highland,4.525735421370719e-06,6.0,-12.305730469958162
2020-04-12,oruro,Oruro,Oruro,highland,2.9981201786092846e-06,6.0,-12.7175250728267
2020-04-19,oruro,Oruro,Oruro,highland,4.076063065627157e-06,6.0,-12.410378970292886
2020-04-26,oruro,Oruro,Oruro,highland,4.3187354216518125e-06,6.0,-12.3525479250305
2020-05-03,oruro,Oruro,Oruro,highland,3.0295560103031095e-06,7.0,-12.707094480432849
2020-05-10,oruro,Oruro,Oruro,highland,4.326094715414573e-06,5.0,-12.350845336217569
2020-05-17,oruro,Oruro,Oruro,highland,4.204825414013166e-06,7.0,-12.379277784066407
2020-05-24,oruro,Oruro,Oruro,highland,3.501282437911446e-06,7.0,-12.56238124574912
2020-05-31,oruro,Oruro,Oruro,highland,4.814717021139854e-06,7.0,-12.243833284713322
2020-06-07,oruro,Oruro,Oruro,highland,3.1717328501471428e-06,7.0,-12.66123247900357
2020-06-14,oruro,Oruro,Oruro,highland,5.645909524107855e-06,7.0,-12.084579253038587
2020-06-21,oruro,Oruro,Oruro,highland,9.261725051787728e-06,7.0,-11.589620235966322
2020-06-28,oruro,Oruro,Oruro,highland,5.104413564475393e-06,7.0,-12.185404987681729
2020-07-05,oruro,Oruro,Oruro,highland,8.995170303094702e-06,7.0,-11.618822757656549
2020-07-12,oruro,Oruro,Oruro,highland,6.591194245777203e-06,7.0,-11.929776004961372
2020-07-19,oruro,Oruro,Oruro,highland,1.2197495787882659e-05,6.0,-11.314279890582762
2020-07-26,oruro,Oruro,Oruro,highland,5.270372341373902e-06,5.0,-12.153409544894684
2020-08-02,oruro,Oruro,Oruro,highland,1.4395076903319096e-05,7.0,-11.148624291551148
2020-08-09,oruro,Oruro,Oruro,highland,1.6126221674988483e-05,7.0,-11.03506393536231
2020-08-16,oruro,Oruro,Oruro,highland,7.1154882620711684e-06,6.0,-11.853236704452168
2020-08-23,oruro,Oruro,Oruro,highland,4.364750545006738e-06,7.0,-12.341949519216024
2020-08-30,oruro,Oruro,Oruro,highland,9.605822259307257e-06,7.0,-11.553141157983887
2020-09-06,oruro,Oruro,Oruro,highland,1.7211947589262846e-05,6.0,-10.969906788004012
2020-09-13,oruro,Oruro,Oruro,highland,1.6591931227314865e-05,3.0,-11.006594051416089
2020-09-20,oruro,Oruro,Oruro,highland,1.6311365597042308e-05,6.0,-11.023648417243281
2020-09-27,oruro,Oruro,Oruro,highland,1.3990336486125487e-05,7.0,-11.177143717672946
2020-10-04,oruro,Oruro,Oruro,highland,,2.0,
2020-10-11,oruro,Oruro,Oruro,highland,6.988957794608459e-06,4.0,-11.871179112318757
2020-10-18,oruro,Oruro,Oruro,highland,3.883425656446586e-06,6.0,-12.458792892711022
2020-10-25,oruro,Oruro,Oruro,highland,7.216898776992758e-06,4.0,-11.839085229607422
2020-11-01,oruro,Oruro,Oruro,highland,6.359022109590855e-06,6.0,-11.965635948787602
2020-11-08,oruro,Oruro,Oruro,highland,2.2879063053778153e-06,6.0,-12.987873435731974
2020-11-15,oruro,Oruro,Oruro,highland,6.660468245578549e-06,7.0,-11.919320768739482
2020-11-22,oruro,Oruro,Oruro,highland,3.985292645917001e-06,6.0,-12.432899811550946
2020-11-29,oruro,Oruro,Oruro,highland,5.518165554614994e-06,4.0,-12.107465079970646
2020-12-06,oruro,Oruro,Oruro,highland,5.31317406222327e-06,4.0,-12.145321149461767
2020-12-13,oruro,Oruro,Oruro,highland,4.4445912492823285e-06,6.0,-12.323822650643548
2020-12-20,oruro,Oruro,Oruro,highland,1.465134794712611e-06,3.0,-13.43356330968517
2020-12-27,oruro,Oruro,Oruro,highland,2.5586618207669025e-06,4.0,-12.876026162404735
2021-01-03,oruro,Oruro,Oruro,highland,5.460830011932179e-06,3.0,-12.117909762923453
2021-01-10,oruro,Oruro,Oruro,highland,,1.0,
2021-01-17,oruro,Oruro,Oruro,highland,,1.0,
2021-01-24,oruro,Oruro,Oruro,highland,,1.0,
2021-01-31,oruro,Oruro,Oruro,highland,1.335648192111938e-05,5.0,-11.223508753790542
2021-02-07,oruro,Oruro,Oruro,highland,7.267873639143547e-06,4.0,-11.832046793500096
2021-02-14,oruro,Oruro,Oruro,highland,7.456956304198013e-06,4.0,-11.806363229122343
2021-02-21,oruro,Oruro,Oruro,highland,6.4970761803518545e-06,4.0,-11.944158300668738
2021-02-28,oruro,Oruro,Oruro,highland,5.7513958661699925e-06,7.0,-12.066067973282383
2021-03-07,oruro,Oruro,Oruro,highland,6.24547834844281e-06,4.0,-11.983652820291663
2021-03-14,oruro,Oruro,Oruro,highland,7.028584959478298e-06,3.0,-11.865525158394153
2021-03-21,oruro,Oruro,Oruro,highland,,2.0,
2021-03-28,oruro,Oruro,Oruro,highland,5.005991537122683e-06,4.0,-12.204875055502928
2021-04-04,oruro,Oruro,Oruro,highland,,2.0,
2021-04-11,oruro,Oruro,Oruro,highland,5.516828002640745e-06,6.0,-12.107707500045269
2021-04-18,oruro,Oruro,Oruro,highland,6.311238777908581e-06,5.0,-11.973178580884024
2021-04-25,oruro,Oruro,Oruro,highland,3.436233739390526e-06,7.0,-12.581134529558028
2021-05-02,oruro,Oruro,Oruro,highland,7.065061034108085e-06,7.0,-11.860348902925525
2021-05-09,oruro,Oruro,Oruro,highland,1.0918204070238658e-05,7.0,-11.4250790636053
2021-05-16,oruro,Oruro,Oruro,highland,4.439206749248334e-06,6.0,-12.325034857560958
2021-05-23,oruro,Oruro,Oruro,highland,7.1319230716362655e-06,6.0,-11.850929644387753
2021-05-30,oruro,Oruro,Oruro,highland,7.420309959949113e-06,7.0,-11.811289728079428
2021-06-06,oruro,Oruro,Oruro,highland,6.230555794486798e-06,7.0,-11.986045016545917
2021-06-13,oruro,Oruro,Oruro,highland,8.471478128959648e-06,7.0,-11.678805551071509
2021-06-20,oruro,Oruro,Oruro,highland,6.799593911457513e-06,7.0,-11.898647666468765
2021-06-27,oruro,Oruro,Oruro,highland,3.2311242875866876e-06,7.0,-12.642680404642109
2021-07-04,oruro,Oruro,Oruro,highland,7.366457120442027e-06,7.0,-11.818573683702114
2021-07-11,oruro,Oruro,Oruro,highland,1.6490191756124525e-05,7.0,-11.01274479282942
2021-07-18,oruro,Oruro,Oruro,highland,9.998631906168711e-06,7.0,-11.513062283712614
2021-07-25,oruro,Oruro,Oruro,highland,6.411118129819095e-06,7.0,-11.957476867014563
2021-08-01,oruro,Oruro,Oruro,highland,8.183345711160556e-06,6.0,-11.713409479827554
2021-08-08,oruro,Oruro,Oruro,highland,1.4137995064824054e-05,5.0,-11.166644699287291
2021-08-15,oruro,Oruro,Oruro,highland,9.724856854686795e-06,7.0,-11.540825387880506
2021-08-22,oruro,Oruro,Oruro,highland,1.3612403847601727e-05,7.0,-11.204529133267206
2021-08-29,oruro,Oruro,Oruro,highland,9.083958540981932e-06,7.0,-11.609000497691975
2021-09-05,oruro,Oruro,Oruro,highland,1.1437287113657194e-05,7.0,-11.378631740549437
2021-09-12,oruro,Oruro,Oruro,highland,6.222658516278353e-06,6.0,-11.987313328335953
2021-09-19,oruro,Oruro,Oruro,highland,1.7603395266044102e-05,6.0,-10.947418761682043
2021-09-26,oruro,Oruro,Oruro,highland,1.5234387556474528e-05,3.0,-11.091955346106571
2021-10-03,oruro,Oruro,Oruro,highland,9.682455809414032e-06,7.0,-11.545194989532387
2021-10-10,oruro,Oruro,Oruro,highland,6.905026233994199e-06,4.0,-11.883260971835188
2021-10-17,oruro,Oruro,Oruro,highland,4.057395021552237e-06,6.0,-12.414969410584362
2021-10-24,oruro,Oruro,Oruro,highland,3.7490237566250254e-06,7.0,-12.49401508344076
2021-10-31,oruro,Oruro,Oruro,highland,7.36837203704966e-06,6.0,-11.818313766658225
2021-11-07,oruro,Oruro,Oruro,highland,6.9689074006945425e-06,6.0,-11.874052102912206
2021-11-14,oruro,Oruro,Oruro,highland,5.879449837999985e-06,4.0,-12.044047365397201
2021-11-21,oruro,Oruro,Oruro,highland,3.8390418063052565e-06,6.0,-12.470287752110337
2021-11-28,oruro,Oruro,Oruro,highland,3.6120067418009278e-06,3.0,-12.531247055910466
2021-12-05,oruro,Oruro,Oruro,highland,1.2182935910616513e-05,4.0,-11.315474281164281
2021-12-12,oruro,Oruro,Oruro,highland,1.0253039768535185e-05,4.0,-11.487936333561986
2021-12-19,oruro,Oruro,Oruro,highland,,2.0,
2021-12-26,oruro,Oruro,Oruro,highland,4.361442044065161e-06,4.0,-12.342707811235446
2022-01-02,oruro,Oruro,Oruro,highland,4.658401301935483e-06,6.0,-12.276838236942284
2022-01-09,oruro,Oruro,Oruro,highland,9.18043876763311e-06,5.0,-11.598435558435604
2022-01-16,oruro,Oruro,Oruro,highland,7.477474988039719e-06,5.0,-11.803615391410828
2022-01-23,oruro,Oruro,Oruro,highland,,2.0,
2022-01-30,oruro,Oruro,Oruro,highland,6.546743614264055e-06,4.0,-11.936542790068817
2022-02-06,oruro,Oruro,Oruro,highland,7.650297528338031e-06,4.0,-11.78076601828892
2022-02-13,oruro,Oruro,Oruro,highland,7.4474644542514556e-06,6.0,-11.807636925213405
2022-02-20,oruro,Oruro,Oruro,highland,5.092938727674873e-06,6.0,-12.18765554082829
2022-02-27,oruro,Oruro,Oruro,highland,,1.0,
2022-03-06,oruro,Oruro,Oruro,highland,4.0166178388593305e-06,7.0,-12.425070343070189
2022-03-13,oruro,Oruro,Oruro,highland,4.277612161589951e-06,6.0,-12.362115610228697
2022-03-20,oruro,Oruro,Oruro,highland,5.131720664190618e-06,4.0,-12.18006954289674
2022-03-27,oruro,Oruro,Oruro,highland,5.1176712260788975e-06,3.0,-12.182811061039802
2022-04-03,oruro,Oruro,Oruro,highland,1.59109822447311e-06,7.0,-13.351086072944787
2022-04-10,oruro,Oruro,Oruro,highland,,2.0,
2022-04-17,oruro,Oruro,Oruro,highland,5.8989861131666034e-06,7.0,-12.040730067045683
2022-04-24,oruro,Oruro,Oruro,highland,6.877552023791062e-06,7.0,-11.88724777983008
2022-05-01,oruro,Oruro,Oruro,highland,2.376456342800137e-06,6.0,-12.949900111437632
2022-05-08,oruro,Oruro,Oruro,highland,5.889682753580404e-06,7.0,-12.04230842362228
2022-05-15,oruro,Oruro,Oruro,highland,6.580126449515139e-06,7.0,-11.931456595560157
2022-05-22,oruro,Oruro,Oruro,highland,1.2976171019498412e-05,6.0,-11.252395881000323
2022-05-29,oruro,Oruro,Oruro,highland,9.310323978429617e-06,7.0,-11.584386668308737
2022-06-05,oruro,Oruro,Oruro,highland,3.344708984200204e-06,7.0,-12.608130868407924
2022-06-12,oruro,Oruro,Oruro,highland,9.68083146178435e-06,7.0,-11.545362765552104
2022-06-19,oruro,Oruro,Oruro,highland,7.599861178934674e-06,7.0,-11.787380576768461
2022-06-26,oruro,Oruro,Oruro,highland,6.556054671114589e-06,7.0,-11.935121558021276
2022-07-03,oruro,Oruro,Oruro,highland,8.866860578802631e-06,7.0,-11.6331897612941
2022-07-10,oruro,Oruro,Oruro,highland,1.1814717550997035e-05,7.0,-11.346164553578397
2022-07-17,oruro,Oruro,Oruro,highland,6.199452488328419e-06,6.0,-11.991049578146765
2022-07-24,oruro,Oruro,Oruro,highland,9.957778170736768e-06,7.0,-11.51715658647998
2022-07-31,oruro,Oruro,Oruro,highland,1.2441553988560843e-05,7.0,-11.294468559760329
2022-08-07,oruro,Oruro,Oruro,highland,6.896332016294147e-06,6.0,-11.884520879547525
2022-08-14,oruro,Oruro,Oruro,highland,1.3281996469769551e-05,7.0,-11.229101088636364
2022-08-21,oruro,Oruro,Oruro,highland,9.922116632394812e-06,7.0,-11.520744289226586
2022-08-28,oruro,Oruro,Oruro,highland,1.2076832876088066e-05,7.0,-11.324221578964345
2022-09-04,oruro,Oruro,Oruro,highland,1.1849498054827294e-05,6.0,-11.343225049522692
2022-09-11,oruro,Oruro,Oruro,highland,1.5242797803848818e-05,7.0,-11.091403441625346
2022-09-18,oruro,Oruro,Oruro,highland,9.154782285525841e-06,7.0,-11.601234161057127
2022-09-25,oruro,Oruro,Oruro,highland,7.6024448001783565e-06,7.0,-11.787040678167275
2022-10-02,oruro,Oruro,Oruro,highland,9.307683470443474e-06,6.0,-11.584670319286007
2022-10-09,oruro,Oruro,Oruro,highland,8.773737950390801e-06,5.0,-11.643747622273198
2022-10-16,oruro,Oruro,Oruro,highland,7.757539725000953e-06,5.0,-11.766845319786075
2022-10-23,oruro,Oruro,Oruro,highland,7.39000079717e-06,6.0,-11.815382715132722
2022-10-30,oruro,Oruro,Oruro,highland,8.565639879224375e-06,7.0,-11.667751720371108
2022-11-06,oruro,Oruro,Oruro,highland,4.427848988906265e-06,7.0,-12.327596647379133
2022-11-13,oruro,Oruro,Oruro,highland,7.4625264442974415e-06,7.0,-11.805616535627385
2022-11-20,oruro,Oruro,Oruro,highland,8.287399967526596e-06,6.0,-11.700774272808507
2022-11-27,oruro,Oruro,Oruro,highland,6.698752390081337e-06,5.0,-11.913589259342292
2022-12-04,oruro,Oruro,Oruro,highland,4.774167785585733e-06,7.0,-12.252290884962314
2022-12-11,oruro,Oruro,Oruro,highland,7.245941105977042e-06,3.0,-11.835069093322232
2022-12-18,oruro,Oruro,Oruro,highland,1.0103749321960834e-05,6.0,-11.502603983006034
2022-12-25,oruro,Oruro,Oruro,highland,7.883493060273107e-06,6.0,-11.750739470554274
2023-01-01,oruro,Oruro,Oruro,highland,1.090025458090127e-05,4.0,-11.426724412955936
2023-01-08,oruro,Oruro,Oruro,highland,7.097717985206799e-06,4.0,-11.855737236114694
2023-01-15,oruro,Oruro,Oruro,highland,1.169340540818246e-05,7.0,-11.356485515391771
2023-01-22,oruro,Oruro,Oruro,highland,6.161637661824452e-06,7.0,-11.997167961559528
2023-01-29,oruro,Oruro,Oruro,highland,9.323850199076967e-06,4.0,-11.582934903084887
2023-02-05,oruro,Oruro,Oruro,highland,6.604240518801119e-06,5.0,-11.927798612399828
2023-02-12,oruro,Oruro,Oruro,highland,1.2146220321997697e-05,4.0,-11.318492521183813
2023-02-19,oruro,Oruro,Oruro,highland,6.759297015733034e-06,6.0,-11.904591665072386
2023-02-26,oruro,Oruro,Oruro,highland,5.6800904631427656e-06,7.0,-12.0785433987484
2023-03-05,oruro,Oruro,Oruro,highland,7.3526140582089525e-06,5.0,-11.820454653791396
2023-03-12,oruro,Oruro,Oruro,highland,7.211559377498947e-06,6.0,-11.839825350232976
2023-03-19,oruro,Oruro,Oruro,highland,3.318482685092387e-06,5.0,-12.616002902065052
2023-03-26,oruro,Oruro,Oruro,highland,2.7695429638935385e-06,4.0,-12.796828246362479
2023-04-02,oruro,Oruro,Oruro,highland,6.346540033134863e-06,5.0,-11.967600770230588
2023-04-09,oruro,Oruro,Oruro,highland,8.015533042746133e-06,6.0,-11.734129268468978
2023-04-16,oruro,Oruro,Oruro,highland,5.811609596848661e-06,7.0,-12.055652986424164
2023-04-23,oruro,Oruro,Oruro,highland,1.03467898319789e-05,7.0,-11.478834247524276
2023-04-30,oruro,Oruro,Oruro,highland,9.90388429981647e-06,7.0,-11.52258352425743
2023-05-07,oruro,Oruro,Oruro,highland,,2.0,
2023-05-14,oruro,Oruro,Oruro,highland,9.101483432711192e-06,5.0,-11.607073143143255
2023-05-21,oruro,Oruro,Oruro,highland,8.792303189089194e-06,6.0,-11.641633856802258
2023-05-28,oruro,Oruro,Oruro,highland,8.072562565151052e-06,6.0,-11.727039583938186
2023-06-04,oruro,Oruro,Oruro,highland,1.4454122399006375e-05,5.0,-11.144530896964
2023-06-11,oruro,Oruro,Oruro,highland,1.5064905032154544e-05,7.0,-11.103142689274794
2023-06-18,oruro,Oruro,Oruro,highland,1.0664020722832231e-05,7.0,-11.44863503183842
2023-06-25,oruro,Oruro,Oruro,highland,1.0262187176815962e-05,7.0,-11.487044565811978
2023-07-02,oruro,Oruro,Oruro,highland,1.49818234859841e-05,7.0,-11.108672859247136
2023-07-09,oruro,Oruro,Oruro,highland,1.9399212984001812e-05,7.0,-10.850278060552847
2023-07-16,oruro,Oruro,Oruro,highland,1.0710552872264352e-05,7.0,-11.444281052776827
2023-07-23,oruro,Oruro,Oruro,highland,1.268964169825154e-05,7.0,-11.27472451160495
2023-07-30,oruro,Oruro,Oruro,highland,1.557275912271224e-05,6.0,-11.069987380193362
2023-08-06,oruro,Oruro,Oruro,highland,1.4310455224762081e-05,7.0,-11.15452015324836
2023-08-13,oruro,Oruro,Oruro,highland,1.0827771717582983e-05,5.0,-11.433396269036697
2023-08-20,oruro,Oruro,Oruro,highland,1.1853834925255028e-05,7.0,-11.342859120353172
2023-08-27,oruro,Oruro,Oruro,highland,9.519142618803824e-06,7.0,-11.562205774266758
2023-09-03,oruro,Oruro,Oruro,highland,1.3705586211408929e-05,6.0,-11.197707055581132
2023-09-10,oruro,Oruro,Oruro,highland,1.2533063900842007e-05,5.0,-11.28714029374085
2023-09-17,oruro,Oruro,Oruro,highland,1.2362548721465068e-05,7.0,-11.300838919954245
2023-09-24,oruro,Oruro,Oruro,highland,1.4328191894899955e-05,7.0,-11.153281500295831
2023-10-01,oruro,Oruro,Oruro,highland,1.428486088151436e-05,6.0,-11.156310261109894
2023-10-08,oruro,Oruro,Oruro,highland,6.28242113444068e-06,6.0,-11.977755120820241
2023-10-15,oruro,Oruro,Oruro,highland,8.147362089992282e-06,6.0,-11.71781635304352
2023-10-22,oruro,Oruro,Oruro,highland,5.783644234815102e-06,4.0,-12.06047658350315
2023-10-29,oruro,Oruro,Oruro,highland,4.4805791204525015e-06,6.0,-12.315758251933616
2023-11-05,oruro,Oruro,Oruro,highland,7.459284856325072e-06,7.0,-11.806051012107224
2023-11-12,oruro,Oruro,Oruro,highland,5.9958615613495115e-06,5.0,-12.024441066491216
2023-11-19,oruro,Oruro,Oruro,highland,3.399397664359343e-06,7.0,-12.591912299577778
2023-11-26,oruro,Oruro,Oruro,highland,8.84002079138139e-06,5.0,-11.636221329351267
2023-12-03,oruro,Oruro,Oruro,highland,1.0256643174960546e-05,5.0,-11.487584947685143
2023-12-10,oruro,Oruro,Oruro,highland,6.11226732339002e-06,3.0,-12.005212769590866
2023-12-17,oruro,Oruro,Oruro,highland,,2.0,
2023-12-24,oruro,Oruro,Oruro,highland,4.823463736419868e-06,6.0,-12.242018270469202
2023-12-31,oruro,Oruro,Oruro,highland,,2.0,
2024-01-07,oruro,Oruro,Oruro,highland,6.237756199213725e-06,7.0,-11.98489002370791
2024-01-14,oruro,Oruro,Oruro,highland,7.153934741659535e-06,7.0,-11.847848039106497
2024-01-21,oruro,Oruro,Oruro,highland,8.491051699166746e-06,5.0,-11.676497690263812
2024-01-28,oruro,Oruro,Oruro,highland,4.764254836275087e-06,5.0,-12.254369415820618
2024-02-04,oruro,Oruro,Oruro,highland,6.0288119651578834e-06,7.0,-12.01896058733981
2024-02-11,oruro,Oruro,Oruro,highland,8.904897972146541e-06,3.0,-11.628909098655322
2024-02-18,oruro,Oruro,Oruro,highland,8.270372962833013e-06,3.0,-11.70283095165863
2024-02-25,oruro,Oruro,Oruro,highland,5.4410525130007465e-06,5.0,-12.121538039156068
2024-03-03,oruro,Oruro,Oruro,highland,6.224328691617329e-06,4.0,-11.987044962132773
2024-03-10,oruro,Oruro,Oruro,highland,-2.7251664046311804e-06,3.0,
2024-03-17,oruro,Oruro,Oruro,highland,6.045815977029419e-06,4.0,-12.01614409921389
2024-03-24,oruro,Oruro,Oruro,highland,1.914668458452257e-06,6.0,-13.165966079065734
2024-03-31,oruro,Oruro,Oruro,highland,3.0587017854304957e-06,6.0,-12.697519985148094
2024-04-07,oruro,Oruro,Oruro,highland,5.642282496539776e-06,6.0,-12.085221876354396
2024-04-14,oruro,Oruro,Oruro,highland,5.672821497689313e-06,6.0,-12.079823945355619
2024-04-21,oruro,Oruro,Oruro,highland,7.217835781925613e-06,7.0,-11.838955403190408
2024-04-28,oruro,Oruro,Oruro,highland,1.0087635537385456e-05,7.0,-11.504200088286431
2024-05-05,oruro,Oruro,Oruro,highland,1.0615993641201346e-05,5.0,-11.453148859917087
2024-05-12,oruro,Oruro,Oruro,highland,1.2094114159683275e-05,7.0,-11.322791656792559
2024-05-19,oruro,Oruro,Oruro,highland,3.7284623586661825e-06,7.0,-12.49951464558381
2024-05-26,oruro,Oruro,Oruro,highland,5.985760320324142e-06,7.0,-12.026127189374792
2024-06-02,oruro,Oruro,Oruro,highland,1.0646456479278243e-05,7.0,-11.450283446124468
2024-06-09,oruro,Oruro,Oruro,highland,1.3129369672291904e-05,7.0,-11.240658877481904
2024-06-16,oruro,Oruro,Oruro,highland,1.0218479886687355e-05,7.0,-11.491312723323157
2024-06-23,oruro,Oruro,Oruro,highland,7.99622525575178e-06,6.0,-11.736540970668418
2024-06-30,oruro,Oruro,Oruro,highland,1.4273878944581943e-05,7.0,-11.157079338284909
2024-07-07,oruro,Oruro,Oruro,highland,1.7224482054803403e-05,7.0,-10.969178810903966
2024-07-14,oruro,Oruro,Oruro,highland,8.089838001460853e-06,7.0,-11.724901851635671
2024-07-21,oruro,Oruro,Oruro,highland,9.892265334503087e-06,7.0,-11.523757385524615
2024-07-28,oruro,Oruro,Oruro,highland,9.486120909012247e-06,7.0,-11.565680784542018
2024-08-04,oruro,Oruro,Oruro,highland,8.494970982714255e-06,7.0,-11.676036218653834
2024-08-11,oruro,Oruro,Oruro,highland,1.283044988711345e-05,7.0,-11.263689314704934
2024-08-18,oruro,Oruro,Oruro,highland,1.4921562219892922e-05,7.0,-11.112703262242855
2024-08-25,oruro,Oruro,Oruro,highland,1.179990487347665e-05,7.0,-11.347419088094925
2024-09-01,oruro,Oruro,Oruro,highland,1.1067993785097104e-05,5.0,-11.41145305755971
2024-09-08,oruro,Oruro,Oruro,highland,8.85443665012506e-06,6.0,-11.634591908163209
2024-09-15,oruro,Oruro,Oruro,highland,1.2612686474850908e-05,5.0,-11.280807387470084
2024-09-22,oruro,Oruro,Oruro,highland,7.726409928496758e-06,6.0,-11.770866236818543
2024-09-29,oruro,Oruro,Oruro,highland,9.30665902541735e-06,4.0,-11.584780389789694
2024-10-06,oruro,Oruro,Oruro,highland,1.2339309946258715e-05,6.0,-11.302720461126897
2024-10-13,oruro,Oruro,Oruro,highland,8.27644305530571e-06,6.0,-11.702097264556732
2024-10-20,oruro,Oruro,Oruro,highland,1.1538604977755646e-05,7.0,-11.369812190001335
2024-10-27,oruro,Oruro,Oruro,highland,9.754733868081122e-06,6.0,-11.537757865852212
2024-11-03,oruro,Oruro,Oruro,highland,1.1975222522996292e-05,5.0,-11.332670832543803
2024-11-10,oruro,Oruro,Oruro,highland,7.860478150125514e-06,5.0,-11.75366312002413
2024-11-17,oruro,Oruro,Oruro,highland,3.938564245610522e-06,6.0,-12.444694305733327
2024-11-24,oruro,Oruro,Oruro,highland,1.1506634975402512e-05,3.0,-11.372586734586433
2024-12-01,oruro,Oruro,Oruro,highland,8.99275049030919e-06,6.0,-11.61909180629512
2024-12-08,oruro,Oruro,Oruro,highland,9.10630095764767e-06,3.0,-11.606543971120388
2024-12-15,oruro,Oruro,Oruro,highland,5.815618383245245e-06,5.0,-12.054963434871157
2024-12-22,oruro,Oruro,Oruro,highland,1.359485255630052e-05,4.0,-11.205819325374437
2024-12-29,oruro,Oruro,Oruro,highland,7.869740331639311e-06,5.0,-11.752485490788409
2025-01-05,oruro,Oruro,Oruro,highland,5.639195233923243e-06,4.0,-12.085769191656055
2025-01-12,oruro,Oruro,Oruro,highland,9.731234639814797e-06,4.0,-11.540169779804419
2025-01-19,oruro,Oruro,Oruro,highland,8.783488211609378e-06,4.0,-11.642636938600166
2025-01-26,oruro,Oruro,Oruro,highland,2.7402603859339026e-06,5.0,-12.807457610716751
2025-02-02,oruro,Oruro,Oruro,highland,4.959392675658037e-06,3.0,-12.214227269148152
2025-02-09,oruro,Oruro,Oruro,highland,8.484098971783885e-06,5.0,-11.67731685563164
2025-02-16,oruro,Oruro,Oruro,highland,6.821025120285675e-06,5.0,-11.895500786512127
2025-02-23,oruro,Oruro,Oruro,highland,6.418924763723378e-06,4.0,-11.956259936575206
2025-03-02,oruro,Oruro,Oruro,highland,5.886034880966008e-06,3.0,-12.042927982080506
2025-03-09,oruro,Oruro,Oruro,highland,5.063649570094198e-06,4.0,-12.19342307573521
2025-03-16,oruro,Oruro,Oruro,highland,7.575398632380986e-06,3.0,-11.79060458321671
2025-03-23,oruro,Oruro,Oruro,highland,5.328945179369105e-06,7.0,-12.142357241929208
2025-03-30,oruro,Oruro,Oruro,highland,6.7037933286578215e-06,6.0,-11.912837023323855
2025-04-06,oruro,Oruro,Oruro,highland,7.751457843842927e-06,5.0,-11.767629623406318
2025-04-13,oruro,Oruro,Oruro,highland,8.547346171664076e-06,6.0,-11.669889712475383
2025-04-20,oruro,Oruro,Oruro,highland,7.724762438915784e-06,5.0,-11.771079487897236
2025-04-27,oruro,Oruro,Oruro,highland,6.60908323759323e-06,6.0,-11.92706560697315
2025-05-04,oruro,Oruro,Oruro,highland,9.77154011305252e-06,7.0,-11.53603646737776
2025-05-11,oruro,Oruro,Oruro,highland,7.246191795988165e-06,6.0,-11.835034496618926
2025-05-18,oruro,Oruro,Oruro,highland,1.460877488979505e-05,7.0,-11.133888189941102
2025-05-25,oruro,Oruro,Oruro,highland,1.2147295216642657e-05,7.0,-11.318404028874502
2025-06-01,oruro,Oruro,Oruro,highland,1.4226113991148393e-05,6.0,-11.160431268810852
2025-06-08,oruro,Oruro,Oruro,highland,7.256164673300154e-06,7.0,-11.833659150632203
2025-06-15,oruro,Oruro,Oruro,highland,8.671755281139802e-06,6.0,-11.65543933309092
2025-06-22,oruro,Oruro,Oruro,highland,7.000118193438313e-06,6.0,-11.869583524274605
2025-06-29,oruro,Oruro,Oruro,highland,5.859718398120495e-06,6.0,-12.04740901045827
2025-07-06,oruro,Oruro,Oruro,highland,1.2099005117080315e-05,7.0,-11.32238733047087
2025-07-13,oruro,Oruro,Oruro,highland,1.903544785991265e-05,7.0,-10.86920764017373
2025-07-20,oruro,Oruro,Oruro,highland,1.2438649247209743e-05,6.0,-11.294702057962636
2025-07-27,oruro,Oruro,Oruro,highland,9.579270875108731e-06,7.0,-11.555909077948018
2025-08-03,oruro,Oruro,Oruro,highland,1.1005067802544728e-05,6.0,-11.41715468193761
2025-08-10,oruro,Oruro,Oruro,highland,1.1002432667517976e-05,7.0,-11.417394158023768
2025-08-17,oruro,Oruro,Oruro,highland,1.647482123055124e-05,7.0,-11.013677328587459
2025-08-24,oruro,Oruro,Oruro,highland,7.936546872274936e-06,5.0,-11.744032280039008
2025-08-31,oruro,Oruro,Oruro,highland,6.490674442111786e-06,7.0,-11.945144112445481
2025-09-07,oruro,Oruro,Oruro,highland,1.0610763832012684e-05,4.0,-11.453641616222528
2025-09-14,oruro,Oruro,Oruro,highland,1.5189947810917241e-05,7.0,-11.094876677115145
2025-09-21,oruro,Oruro,Oruro,highland,1.268648853389868e-05,7.0,-11.274973025806307
2025-09-28,oruro,Oruro,Oruro,highland,9.93628416678062e-06,7.0,-11.519317433465869
2025-10-05,oruro,Oruro,Oruro,highland,1.1361371332013475e-05,5.0,-11.385291436110585
2025-10-12,oruro,Oruro,Oruro,highland,9.940593172782782e-06,4.0,-11.518883863746034
2025-10-19,oruro,Oruro,Oruro,highland,6.587140219830499e-06,5.0,-11.930391261173781
2025-10-26,oruro,Oruro,Oruro,highland,,2.0,
2025-11-02,oruro,Oruro,Oruro,highland,,0.0,
2025-11-09,oruro,Oruro,Oruro,highland,9.883736720762881e-06,5.0,-11.524619907104569
2025-11-16,oruro,Oruro,Oruro,highland,9.93231452644709e-06,4.0,-11.519717022832753
2025-11-23,oruro,Oruro,Oruro,highland,1.0131874785801607e-05,3.0,-11.499824184191615
2025-11-30,oruro,Oruro,Oruro,highland,7.729080158099373e-06,5.0,-11.770520698810467
2025-12-07,oruro,Oruro,Oruro,highland,8.883902532147716e-06,4.0,-11.6312696231598
2025-12-14,oruro,Oruro,Oruro,highland,1.4469673359219625e-05,5.0,-11.143455591230154
2025-12-21,oruro,Oruro,Oruro,highland,,2.0,
2025-12-28,oruro,Oruro,Oruro,highland,1.562480778144183e-05,3.0,-11.066650664405202
2026-01-04,oruro,Oruro,Oruro,highland,,0.0,
2026-01-11,oruro,Oruro,Oruro,highland,8.421553498759324e-06,4.0,-11.684716245687962
2026-01-18,oruro,Oruro,Oruro,highland,8.18844122965787e-06,3.0,-11.712787004262697
2026-01-25,oruro,Oruro,Oruro,highland,8.574663993857738e-06,4.0,-11.666698750069767
2026-02-01,oruro,Oruro,Oruro,highland,9.143477088802164e-06,6.0,-11.602469819370942
2026-02-08,oruro,Oruro,Oruro,highland,6.405057583159274e-06,6.0,-11.95842263231106
2026-02-15,oruro,Oruro,Oruro,highland,7.903487946384527e-06,5.0,-11.748206383728558
2026-02-22,oruro,Oruro,Oruro,highland,4.487183759881411e-06,3.0,-12.314285277968716
2026-03-01,oruro,Oruro,Oruro,highland,8.18304781676645e-06,6.0,-11.713445883008697
2026-03-08,oruro,Oruro,Oruro,highland,8.849224712233477e-06,7.0,-11.635180705919275
2026-03-15,oruro,Oruro,Oruro,highland,5.847370920774167e-06,3.0,-12.04951841299009
2026-03-22,oruro,Oruro,Oruro,highland,1.2550395568198768e-05,5.0,-11.285758373504818
2026-03-29,oruro,Oruro,Oruro,highland,,2.0,
2026-04-05,oruro,Oruro,Oruro,highland,,2.0,
2026-04-12,oruro,Oruro,Oruro,highland,6.030192123476272e-06,5.0,-12.018731686459725
2026-04-19,oruro,Oruro,Oruro,highland,9.381062166623471e-06,5.0,-11.576817563977109
2026-04-26,oruro,Oruro,Oruro,highland,8.773629273775886e-06,5.0,-11.643760008930812
2026-05-03,oruro,Oruro,Oruro,highland,7.391678799430897e-06,6.0,-11.815155677026917
2026-05-10,oruro,Oruro,Oruro,highland,1.0696565069677463e-05,6.0,-11.445587889560324
2018-07-01,potosi,Potosí,Potosí,highland,,1.0,
2018-07-08,potosi,Potosí,Potosí,highland,6.430271205931358e-06,6.0,-11.954493842387837
2018-07-15,potosi,Potosí,Potosí,highland,1.2228137033941275e-05,3.0,-11.311770947428208
2018-07-22,potosi,Potosí,Potosí,highland,4.180887740777443e-06,5.0,-12.38498695580024
2018-07-29,potosi,Potosí,Potosí,highland,-1.3822762989697906e-06,5.0,
2018-08-05,potosi,Potosí,Potosí,highland,2.6442611915063387e-06,3.0,-12.84311885435377
2018-08-12,potosi,Potosí,Potosí,highland,9.687477722730697e-06,6.0,-11.544676462876541
2018-08-19,potosi,Potosí,Potosí,highland,1.1544009967830674e-05,6.0,-11.369343873028882
2018-08-26,potosi,Potosí,Potosí,highland,1.1277662467809376e-05,6.0,-11.39268656140014
2018-09-02,potosi,Potosí,Potosí,highland,1.095581074606555e-05,6.0,-11.421640580711768
2018-09-09,potosi,Potosí,Potosí,highland,1.3511745163768282e-05,6.0,-11.211951238630094
2018-09-16,potosi,Potosí,Potosí,highland,1.0124450704610475e-05,6.0,-11.500557197839827
2018-09-23,potosi,Potosí,Potosí,highland,1.0985539604140661e-05,5.0,-11.418930731427846
2018-09-30,potosi,Potosí,Potosí,highland,3.8038296597259462e-06,4.0,-12.479502193535605
2018-10-07,potosi,Potosí,Potosí,highland,7.082662623517075e-06,3.0,-11.85786064418984
2018-10-14,potosi,Potosí,Potosí,highland,8.924136443840128e-06,6.0,-11.626750991972534
2018-10-21,potosi,Potosí,Potosí,highland,5.393367903713431e-06,3.0,-12.130340525186963
2018-10-28,potosi,Potosí,Potosí,highland,1.2030408788396264e-05,4.0,-11.3280730478072
2018-11-04,potosi,Potosí,Potosí,highland,6.027414749762123e-06,3.0,-12.01919237053949
2018-11-11,potosi,Potosí,Potosí,highland,4.64266552991387e-06,5.0,-12.280221889015635
2018-11-18,potosi,Potosí,Potosí,highland,,2.0,
2018-11-25,potosi,Potosí,Potosí,highland,4.018187144235189e-06,3.0,-12.424679716191475
2018-12-02,potosi,Potosí,Potosí,highland,,2.0,
2018-12-09,potosi,Potosí,Potosí,highland,8.617044230994603e-06,3.0,-11.661768428727523
2018-12-16,potosi,Potosí,Potosí,highland,3.589807532558879e-06,3.0,-12.537411969001857
2018-12-23,potosi,Potosí,Potosí,highland,,2.0,
2018-12-30,potosi,Potosí,Potosí,highland,,1.0,
2019-01-06,potosi,Potosí,Potosí,highland,,2.0,
2019-01-13,potosi,Potosí,Potosí,highland,6.980772312634143e-06,4.0,-11.872351000801677
2019-01-20,potosi,Potosí,Potosí,highland,,1.0,
2019-01-27,potosi,Potosí,Potosí,highland,5.906652837953834e-06,5.0,-12.039431242662394
2019-02-03,potosi,Potosí,Potosí,highland,,2.0,
2019-02-10,potosi,Potosí,Potosí,highland,8.434221682842799e-06,4.0,-11.683213118560056
2019-02-17,potosi,Potosí,Potosí,highland,,2.0,
2019-02-24,potosi,Potosí,Potosí,highland,2.185216919247122e-06,3.0,-13.033795457801006
2019-03-03,potosi,Potosí,Potosí,highland,8.153736756962038e-06,4.0,-11.717034238002743
2019-03-10,potosi,Potosí,Potosí,highland,2.3650124043715687e-06,3.0,-12.954727291056725
2019-03-17,potosi,Potosí,Potosí,highland,8.331020617898e-06,4.0,-11.69552458613385
2019-03-24,potosi,Potosí,Potosí,highland,9.826043846648987e-06,5.0,-11.530474161918697
2019-03-31,potosi,Potosí,Potosí,highland,7.373859845852076e-06,3.0,-11.817569264862366
2019-04-07,potosi,Potosí,Potosí,highland,7.527500401389462e-06,3.0,-11.796947523267447
2019-04-14,potosi,Potosí,Potosí,highland,8.005170127501202e-06,7.0,-11.735422959086689
2019-04-21,potosi,Potosí,Potosí,highland,7.433630506035677e-06,5.0,-11.809496190574976
2019-04-28,potosi,Potosí,Potosí,highland,8.530487909025358e-06,4.0,-11.671863998914157
2019-05-05,potosi,Potosí,Potosí,highland,6.128722808814953e-06,6.0,-12.002524180651637
2019-05-12,potosi,Potosí,Potosí,highland,3.1434335154037996e-06,5.0,-12.670194879210548
2019-05-19,potosi,Potosí,Potosí,highland,9.760432096736251e-06,7.0,-11.537173886312676
2019-05-26,potosi,Potosí,Potosí,highland,5.673831173614919e-06,7.0,-12.079645976406095
2019-06-02,potosi,Potosí,Potosí,highland,3.006916584004626e-06,7.0,-12.714595394946375
2019-06-09,potosi,Potosí,Potosí,highland,1.1982814451583185e-05,7.0,-11.332037063687944
2019-06-16,potosi,Potosí,Potosí,highland,1.075889095948544e-05,5.0,-11.439778079222576
2019-06-23,potosi,Potosí,Potosí,highland,8.196177231536778e-06,7.0,-11.711842703671007
2019-06-30,potosi,Potosí,Potosí,highland,6.023811314206565e-06,7.0,-12.019790390300104
2019-07-07,potosi,Potosí,Potosí,highland,1.1854273244679537e-05,7.0,-11.342822144022424
2019-07-14,potosi,Potosí,Potosí,highland,8.971466210568466e-06,7.0,-11.621461438108705
2019-07-21,potosi,Potosí,Potosí,highland,1.1208105767042355e-05,4.0,-11.398873312228702
2019-07-28,potosi,Potosí,Potosí,highland,9.080806442842004e-06,6.0,-11.609347554003946
2019-08-04,potosi,Potosí,Potosí,highland,7.627948287139794e-06,6.0,-11.78369164959625
2019-08-11,potosi,Potosí,Potosí,highland,1.3964970364469569e-05,6.0,-11.178958480698311
2019-08-18,potosi,Potosí,Potosí,highland,1.6018043586869897e-05,7.0,-11.041794746948375
2019-08-25,potosi,Potosí,Potosí,highland,1.9248830696590832e-05,5.0,-10.858060242109657
2019-09-01,potosi,Potosí,Potosí,highland,1.3626156134429965e-05,7.0,-11.203519367111738
2019-09-08,potosi,Potosí,Potosí,highland,,2.0,
2019-09-15,potosi,Potosí,Potosí,highland,1.3953790894649295e-05,5.0,-11.179759337893515
2019-09-22,potosi,Potosí,Potosí,highland,1.3957258268620424e-05,5.0,-11.179510879014835
2019-09-29,potosi,Potosí,Potosí,highland,1.6138179668459415e-05,6.0,-11.03432268534554
2019-10-06,potosi,Potosí,Potosí,highland,,1.0,
2019-10-13,potosi,Potosí,Potosí,highland,1.2392185178623216e-05,3.0,-11.298444511560518
2019-10-20,potosi,Potosí,Potosí,highland,,2.0,
2019-10-27,potosi,Potosí,Potosí,highland,6.77110471685546e-06,5.0,-11.902846306087007
2019-11-03,potosi,Potosí,Potosí,highland,1.1946818841959834e-06,7.0,-13.637630613713563
2019-11-10,potosi,Potosí,Potosí,highland,,0.0,
2019-11-17,potosi,Potosí,Potosí,highland,3.3155504645585157e-06,4.0,-12.616886895454495
2019-11-24,potosi,Potosí,Potosí,highland,5.225107605773921e-06,4.0,-12.162035165918969
2019-12-01,potosi,Potosí,Potosí,highland,9.388623368785778e-06,3.0,-11.576011881584927
2019-12-08,potosi,Potosí,Potosí,highland,8.399805572297337e-06,3.0,-11.687301998537961
2019-12-15,potosi,Potosí,Potosí,highland,4.281844818875019e-06,3.0,-12.361126608790935
2019-12-22,potosi,Potosí,Potosí,highland,,2.0,
2019-12-29,potosi,Potosí,Potosí,highland,,1.0,
2020-01-05,potosi,Potosí,Potosí,highland,,0.0,
2020-01-12,potosi,Potosí,Potosí,highland,,2.0,
2020-01-19,potosi,Potosí,Potosí,highland,8.24469774494724e-06,4.0,-11.705940261818462
2020-01-26,potosi,Potosí,Potosí,highland,7.789038229863732e-06,5.0,-11.762793167852125
2020-02-02,potosi,Potosí,Potosí,highland,1.2252267394807867e-05,3.0,-11.309799544647515
2020-02-09,potosi,Potosí,Potosí,highland,,1.0,
2020-02-16,potosi,Potosí,Potosí,highland,8.612433995830892e-06,4.0,-11.662303585418057
2020-02-23,potosi,Potosí,Potosí,highland,,1.0,
2020-03-01,potosi,Potosí,Potosí,highland,,1.0,
2020-03-08,potosi,Potosí,Potosí,highland,3.4709071647774596e-06,4.0,-12.571094567400973
2020-03-15,potosi,Potosí,Potosí,highland,4.80510810716463e-06,4.0,-12.245831016905493
2020-03-22,potosi,Potosí,Potosí,highland,8.401404748988638e-06,4.0,-11.687111634074265
2020-03-29,potosi,Potosí,Potosí,highland,1.0399263895253094e-05,6.0,-11.473775533624508
2020-04-05,potosi,Potosí,Potosí,highland,6.502264183570034e-06,4.0,-11.943360105783707
2020-04-12,potosi,Potosí,Potosí,highland,3.837869775992024e-06,5.0,-12.47059309112845
2020-04-19,potosi,Potosí,Potosí,highland,2.3165708969379804e-06,5.0,-12.975422527361413
2020-04-26,potosi,Potosí,Potosí,highland,3.7587794071546465e-06,5.0,-12.49141627902156
2020-05-03,potosi,Potosí,Potosí,highland,2.840551901232954e-06,5.0,-12.77151219325101
2020-05-10,potosi,Potosí,Potosí,highland,5.629806020823465e-06,5.0,-12.08743557096691
2020-05-17,potosi,Potosí,Potosí,highland,3.68488480875453e-06,7.0,-12.511271292308297
2020-05-24,potosi,Potosí,Potosí,highland,1.1830847197462435e-06,7.0,-13.647385361207403
2020-05-31,potosi,Potosí,Potosí,highland,5.181333547034652e-06,7.0,-12.170448093312782
2020-06-07,potosi,Potosí,Potosí,highland,2.5505758232401417e-06,7.0,-12.879191411250515
2020-06-14,potosi,Potosí,Potosí,highland,6.83596580319881e-06,5.0,-11.893312795181194
2020-06-21,potosi,Potosí,Potosí,highland,6.072541951943411e-06,7.0,-12.01173326758124
2020-06-28,potosi,Potosí,Potosí,highland,3.929882733284192e-06,7.0,-12.446900971387276
2020-07-05,potosi,Potosí,Potosí,highland,4.992644089053317e-06,7.0,-12.207544910970597
2020-07-12,potosi,Potosí,Potosí,highland,4.028586758803411e-06,7.0,-12.422094923706027
2020-07-19,potosi,Potosí,Potosí,highland,9.037163506104076e-06,6.0,-11.614165204245413
2020-07-26,potosi,Potosí,Potosí,highland,3.978117594086968e-06,5.0,-12.43470181686158
2020-08-02,potosi,Potosí,Potosí,highland,1.0254354278776067e-05,6.0,-11.487808134899627
2020-08-09,potosi,Potosí,Potosí,highland,1.572292591182143e-05,6.0,-11.060390661576442
2020-08-16,potosi,Potosí,Potosí,highland,5.817704784054448e-06,7.0,-12.054604741004997
2020-08-23,potosi,Potosí,Potosí,highland,8.438604493897017e-06,6.0,-11.682693607352286
2020-08-30,potosi,Potosí,Potosí,highland,1.4242686253060065e-05,7.0,-11.159267028404413
2020-09-06,potosi,Potosí,Potosí,highland,1.4805716784492907e-05,7.0,-11.120497182554463
2020-09-13,potosi,Potosí,Potosí,highland,,2.0,
2020-09-20,potosi,Potosí,Potosí,highland,1.3629440345752533e-05,5.0,-11.203278373571871
2020-09-27,potosi,Potosí,Potosí,highland,1.3344212590534665e-05,7.0,-11.224427780929926
2020-10-04,potosi,Potosí,Potosí,highland,9.835864275922399e-06,4.0,-11.529475232412079
2020-10-11,potosi,Potosí,Potosí,highland,,2.0,
2020-10-18,potosi,Potosí,Potosí,highland,9.73537116781533e-06,3.0,-11.539744792715897
2020-10-25,potosi,Potosí,Potosí,highland,6.686811033809189e-06,4.0,-11.915373474031185
2020-11-01,potosi,Potosí,Potosí,highland,5.85962009389571e-06,7.0,-12.047425786870157
2020-11-08,potosi,Potosí,Potosí,highland,4.614267140445709e-06,4.0,-12.286357502089482
2020-11-15,potosi,Potosí,Potosí,highland,1.00518902463603e-05,6.0,-11.507749856929852
2020-11-22,potosi,Potosí,Potosí,highland,5.843916973563075e-06,6.0,-12.050109271301475
2020-11-29,potosi,Potosí,Potosí,highland,,1.0,
2020-12-06,potosi,Potosí,Potosí,highland,,0.0,
2020-12-13,potosi,Potosí,Potosí,highland,1.1918957943316597e-06,5.0,-13.639965414005244
2020-12-20,potosi,Potosí,Potosí,highland,6.59831602821297e-06,5.0,-11.928696088727948
2020-12-27,potosi,Potosí,Potosí,highland,,2.0,
2021-01-03,potosi,Potosí,Potosí,highland,4.8347400187830216e-06,3.0,-12.239683201180405
2021-01-10,potosi,Potosí,Potosí,highland,,0.0,
2021-01-17,potosi,Potosí,Potosí,highland,,1.0,
2021-01-24,potosi,Potosí,Potosí,highland,,0.0,
2021-01-31,potosi,Potosí,Potosí,highland,6.769522257707018e-06,4.0,-11.903080041077066
2021-02-07,potosi,Potosí,Potosí,highland,7.88415095199419e-06,4.0,-11.750656022231754
2021-02-14,potosi,Potosí,Potosí,highland,9.503177360770734e-06,4.0,-11.563884356248234
2021-02-21,potosi,Potosí,Potosí,highland,,1.0,
2021-02-28,potosi,Potosí,Potosí,highland,1.2266087307773862e-05,5.0,-11.308672232917408
2021-03-07,potosi,Potosí,Potosí,highland,,1.0,
2021-03-14,potosi,Potosí,Potosí,highland,7.995348080983906e-06,4.0,-11.736650675292257
2021-03-21,potosi,Potosí,Potosí,highland,,2.0,
2021-03-28,potosi,Potosí,Potosí,highland,8.407331691604327e-06,4.0,-11.686406412372172
2021-04-04,potosi,Potosí,Potosí,highland,9.551722180177429e-06,4.0,-11.558789086726804
2021-04-11,potosi,Potosí,Potosí,highland,2.7674800024081838e-06,5.0,-12.797573398258494
2021-04-18,potosi,Potosí,Potosí,highland,9.01546377676785e-06,5.0,-11.616569257621943
2021-04-25,potosi,Potosí,Potosí,highland,5.0341676834611796e-06,5.0,-12.19926235162293
2021-05-02,potosi,Potosí,Potosí,highland,6.4272644175134835e-06,6.0,-11.954961550751358
2021-05-09,potosi,Potosí,Potosí,highland,2.6521960469543262e-06,6.0,-12.840122564181994
2021-05-16,potosi,Potosí,Potosí,highland,4.332943704765977e-06,6.0,-12.349263407498153
2021-05-23,potosi,Potosí,Potosí,highland,5.543809831423918e-06,7.0,-12.1028285983562
2021-05-30,potosi,Potosí,Potosí,highland,4.397584053179069e-06,5.0,-12.334455246661976
2021-06-06,potosi,Potosí,Potosí,highland,6.6251895845604055e-06,7.0,-11.924631569964014
2021-06-13,potosi,Potosí,Potosí,highland,6.0034143837941385e-06,7.0,-12.023182186626027
2021-06-20,potosi,Potosí,Potosí,highland,6.926282877582926e-06,7.0,-11.880187269967537
2021-06-27,potosi,Potosí,Potosí,highland,-7.3941743190291345e-09,6.0,
2021-07-04,potosi,Potosí,Potosí,highland,1.1858075711039518e-05,7.0,-11.34250142789264
2021-07-11,potosi,Potosí,Potosí,highland,1.135863739537402e-05,7.0,-11.38553209945587
2021-07-18,potosi,Potosí,Potosí,highland,3.621621938472294e-06,7.0,-12.528588583168972
2021-07-25,potosi,Potosí,Potosí,highland,7.638607593319045e-06,4.0,-11.782295223579164
2021-08-01,potosi,Potosí,Potosí,highland,3.645741978725262e-06,5.0,-12.521950652526519
2021-08-08,potosi,Potosí,Potosí,highland,1.120925029419363e-05,5.0,-11.398771201422312
2021-08-15,potosi,Potosí,Potosí,highland,8.614276885623009e-06,7.0,-11.662089628173192
2021-08-22,potosi,Potosí,Potosí,highland,1.642583666033028e-05,7.0,-11.016655056666842
2021-08-29,potosi,Potosí,Potosí,highland,7.0404341385899385e-06,7.0,-11.863840722282337
2021-09-05,potosi,Potosí,Potosí,highland,1.7025348586682466e-05,7.0,-10.980807231149617
2021-09-12,potosi,Potosí,Potosí,highland,8.615189929189341e-06,7.0,-11.661983641890853
2021-09-19,potosi,Potosí,Potosí,highland,1.1482344767480925e-05,5.0,-11.374699939890236
2021-09-26,potosi,Potosí,Potosí,highland,1.564611104209642e-05,5.0,-11.065288167570976
2021-10-03,potosi,Potosí,Potosí,highland,4.773451436660101e-06,5.0,-12.25244094308891
2021-10-10,potosi,Potosí,Potosí,highland,7.847788457271475e-06,4.0,-11.7552787910503
2021-10-17,potosi,Potosí,Potosí,highland,2.3686696416243803e-06,6.0,-12.953182093071328
2021-10-24,potosi,Potosí,Potosí,highland,5.370488527561853e-06,6.0,-12.134591680106132
2021-10-31,potosi,Potosí,Potosí,highland,7.025506912600282e-06,3.0,-11.865963186970491
2021-11-07,potosi,Potosí,Potosí,highland,1.3888088158904098e-06,3.0,-13.487064145213116
2021-11-14,potosi,Potosí,Potosí,highland,1.1934353680896892e-06,5.0,-13.638674545889259
2021-11-21,potosi,Potosí,Potosí,highland,3.341729781832491e-06,4.0,-12.609021986286695
2021-11-28,potosi,Potosí,Potosí,highland,2.551897967964727e-06,4.0,-12.878673174486044
2021-12-05,potosi,Potosí,Potosí,highland,,1.0,
2021-12-12,potosi,Potosí,Potosí,highland,,1.0,
2021-12-19,potosi,Potosí,Potosí,highland,6.839992796549951e-06,5.0,-11.892723879466342
2021-12-26,potosi,Potosí,Potosí,highland,,2.0,
2022-01-02,potosi,Potosí,Potosí,highland,2.4518466593033788e-06,4.0,-12.918669078834663
2022-01-09,potosi,Potosí,Potosí,highland,,2.0,
2022-01-16,potosi,Potosí,Potosí,highland,,2.0,
2022-01-23,potosi,Potosí,Potosí,highland,,1.0,
2022-01-30,potosi,Potosí,Potosí,highland,,1.0,
2022-02-06,potosi,Potosí,Potosí,highland,,1.0,
2022-02-13,potosi,Potosí,Potosí,highland,3.3548175577535613e-06,3.0,-12.605113168228305
2022-02-20,potosi,Potosí,Potosí,highland,6.471951604538981e-06,4.0,-11.948032855903072
2022-02-27,potosi,Potosí,Potosí,highland,5.156300218073468e-06,3.0,-12.175291247648113
2022-03-06,potosi,Potosí,Potosí,highland,3.597748327509543e-06,6.0,-12.535202372767463
2022-03-13,potosi,Potosí,Potosí,highland,9.043710265748896e-06,3.0,-11.613441040135479
2022-03-20,potosi,Potosí,Potosí,highland,3.1854647615132547e-06,3.0,-12.65691235760354
2022-03-27,potosi,Potosí,Potosí,highland,1.3895331118830271e-06,4.0,-13.486542757977237
2022-04-03,potosi,Potosí,Potosí,highland,8.092155300687838e-06,4.0,-11.72461544696357
2022-04-10,potosi,Potosí,Potosí,highland,6.605878036380844e-06,3.0,-11.927550693718208
2022-04-17,potosi,Potosí,Potosí,highland,5.8948874705168194e-06,7.0,-12.04142511312799
2022-04-24,potosi,Potosí,Potosí,highland,4.926560708780303e-06,7.0,-12.220869438357077
2022-05-01,potosi,Potosí,Potosí,highland,9.863659206156437e-06,5.0,-11.526653341953283
2022-05-08,potosi,Potosí,Potosí,highland,7.439247222437618e-06,7.0,-11.808740894018182
2022-05-15,potosi,Potosí,Potosí,highland,4.855773404088169e-06,7.0,-12.235342168374874
2022-05-22,potosi,Potosí,Potosí,highland,7.815755137411432e-06,7.0,-11.75936897209076
2022-05-29,potosi,Potosí,Potosí,highland,5.946326065974005e-06,7.0,-12.032736997022079
2022-06-05,potosi,Potosí,Potosí,highland,3.865703038044395e-06,5.0,-12.463366993877973
2022-06-12,potosi,Potosí,Potosí,highland,1.0571101748885472e-05,6.0,-11.457386529939285
2022-06-19,potosi,Potosí,Potosí,highland,9.580166143332587e-06,7.0,-11.555815623404062
2022-06-26,potosi,Potosí,Potosí,highland,4.3248218062957816e-06,7.0,-12.351139619285677
2022-07-03,potosi,Potosí,Potosí,highland,1.014729740741925e-05,7.0,-11.498303153210262
2022-07-10,potosi,Potosí,Potosí,highland,7.228718267889906e-06,5.0,-11.837448817192778
2022-07-17,potosi,Potosí,Potosí,highland,6.799836068139936e-06,6.0,-11.898612053699287
2022-07-24,potosi,Potosí,Potosí,highland,8.952944298776632e-06,7.0,-11.62352810784656
2022-07-31,potosi,Potosí,Potosí,highland,1.363988141211878e-05,7.0,-11.202512599712941
2022-08-07,potosi,Potosí,Potosí,highland,8.662606037788165e-06,7.0,-11.656494952508666
2022-08-14,potosi,Potosí,Potosí,highland,1.1416329788248561e-05,7.0,-11.380465789958173
2022-08-21,potosi,Potosí,Potosí,highland,7.520245566862488e-06,7.0,-11.79791176536781
2022-08-28,potosi,Potosí,Potosí,highland,1.2716243793765567e-05,7.0,-11.272630342893969
2022-09-04,potosi,Potosí,Potosí,highland,1.2474265165444e-05,6.0,-11.291842822635262
2022-09-11,potosi,Potosí,Potosí,highland,1.3754726444718725e-05,7.0,-11.194128051483156
2022-09-18,potosi,Potosí,Potosí,highland,1.2357279000568607e-05,7.0,-11.301265275755389
2022-09-25,potosi,Potosí,Potosí,highland,4.680353030618307e-06,6.0,-12.27213701698691
2022-10-02,potosi,Potosí,Potosí,highland,8.882955106299634e-06,5.0,-11.631376274078974
2022-10-09,potosi,Potosí,Potosí,highland,7.86876054003771e-06,7.0,-11.752609999674084
2022-10-16,potosi,Potosí,Potosí,highland,1.0752432570936473e-05,4.0,-11.440378543320833
2022-10-23,potosi,Potosí,Potosí,highland,4.729611989529693e-06,7.0,-12.26166739063713
2022-10-30,potosi,Potosí,Potosí,highland,1.0563314148242327e-05,6.0,-11.45812348912789
2022-11-06,potosi,Potosí,Potosí,highland,8.105788507042103e-06,6.0,-11.722932121013644
2022-11-13,potosi,Potosí,Potosí,highland,3.935283084805198e-06,4.0,-12.445527738452444
2022-11-20,potosi,Potosí,Potosí,highland,7.800947880796662e-06,6.0,-11.761265308473012
2022-11-27,potosi,Potosí,Potosí,highland,5.646074317303305e-06,4.0,-12.084550065395783
2022-12-04,potosi,Potosí,Potosí,highland,9.377079856128343e-06,3.0,-11.577242159392808
2022-12-11,potosi,Potosí,Potosí,highland,,2.0,
2022-12-18,potosi,Potosí,Potosí,highland,9.759612242835845e-06,4.0,-11.537257887546138
2022-12-25,potosi,Potosí,Potosí,highland,5.302672032691716e-06,3.0,-12.147299707339052
2023-01-01,potosi,Potosí,Potosí,highland,1.0803319859800253e-06,4.0,-13.738242169638184
2023-01-08,potosi,Potosí,Potosí,highland,,1.0,
2023-01-15,potosi,Potosí,Potosí,highland,1.07350534607836e-05,5.0,-11.44199614660088
2023-01-22,potosi,Potosí,Potosí,highland,4.972062529562438e-06,5.0,-12.211675808054899
2023-01-29,potosi,Potosí,Potosí,highland,,2.0,
2023-02-05,potosi,Potosí,Potosí,highland,4.3434693326135815e-06,4.0,-12.34683714379546
2023-02-12,potosi,Potosí,Potosí,highland,6.430498350733041e-06,4.0,-11.954458518715997
2023-02-19,potosi,Potosí,Potosí,highland,9.859084696725758e-06,4.0,-11.527117223605375
2023-02-26,potosi,Potosí,Potosí,highland,4.609127532261783e-06,5.0,-12.28747197434146
2023-03-05,potosi,Potosí,Potosí,highland,1.0665396029653379e-05,4.0,-11.448506073148268
2023-03-12,potosi,Potosí,Potosí,highland,4.344932252933339e-06,4.0,-12.346500391328581
2023-03-19,potosi,Potosí,Potosí,highland,8.984506021497306e-06,3.0,-11.620009017370622
2023-03-26,potosi,Potosí,Potosí,highland,4.805439779958738e-06,5.0,-12.24576199424453
2023-04-02,potosi,Potosí,Potosí,highland,7.842305895046491e-06,6.0,-11.755977647580416
2023-04-09,potosi,Potosí,Potosí,highland,,2.0,
2023-04-16,potosi,Potosí,Potosí,highland,7.055615781814804e-06,6.0,-11.86168669343303
2023-04-23,potosi,Potosí,Potosí,highland,8.099393557691339e-06,7.0,-11.723721368509558
2023-04-30,potosi,Potosí,Potosí,highland,9.411321687534719e-06,7.0,-11.573597158593959
2023-05-07,potosi,Potosí,Potosí,highland,7.229291951530571e-06,5.0,-11.837369458604389
2023-05-14,potosi,Potosí,Potosí,highland,4.978719020335666e-06,5.0,-12.21033792484789
2023-05-21,potosi,Potosí,Potosí,highland,6.228871965528324e-06,6.0,-11.986315306482368
2023-05-28,potosi,Potosí,Potosí,highland,4.409844516683516e-06,6.0,-12.331671126114927
2023-06-04,potosi,Potosí,Potosí,highland,1.0421546656021603e-05,5.0,-11.471635101173915
2023-06-11,potosi,Potosí,Potosí,highland,1.2089287604154851e-05,7.0,-11.323190819461205
2023-06-18,potosi,Potosí,Potosí,highland,6.477318174207316e-06,7.0,-11.94720399526965
2023-06-25,potosi,Potosí,Potosí,highland,1.0208409323041971e-05,7.0,-11.492298733905372
2023-07-02,potosi,Potosí,Potosí,highland,1.341510934985044e-05,7.0,-11.219128922807911
2023-07-09,potosi,Potosí,Potosí,highland,1.035059522705738e-05,7.0,-11.478466530045909
2023-07-16,potosi,Potosí,Potosí,highland,6.955212982105066e-06,7.0,-11.876019110181382
2023-07-23,potosi,Potosí,Potosí,highland,1.4997208049780643e-05,7.0,-11.107646504201028
2023-07-30,potosi,Potosí,Potosí,highland,7.317879764444492e-06,6.0,-11.825189921613674
2023-08-06,potosi,Potosí,Potosí,highland,6.914848111341277e-06,7.0,-11.881839558187664
2023-08-13,potosi,Potosí,Potosí,highland,8.650266270393602e-06,5.0,-11.657920454789801
2023-08-20,potosi,Potosí,Potosí,highland,1.1517428231490543e-05,7.0,-11.371649171413358
2023-08-27,potosi,Potosí,Potosí,highland,1.1596477958836348e-05,7.0,-11.364809130193372
2023-09-03,potosi,Potosí,Potosí,highland,1.230051123234061e-05,7.0,-11.305869732844718
2023-09-10,potosi,Potosí,Potosí,highland,9.688295126034782e-06,5.0,-11.544592089126814
2023-09-17,potosi,Potosí,Potosí,highland,1.3375247488825892e-05,5.0,-11.222104761515947
2023-09-24,potosi,Potosí,Potosí,highland,9.84588386566482e-06,7.0,-11.528457071775543
2023-10-01,potosi,Potosí,Potosí,highland,1.8838714458575718e-05,7.0,-10.879596525826967
2023-10-08,potosi,Potosí,Potosí,highland,5.479893119764463e-06,7.0,-12.114424960887165
2023-10-15,potosi,Potosí,Potosí,highland,1.04741860205269e-05,6.0,-11.466596802046348
2023-10-22,potosi,Potosí,Potosí,highland,1.2651788585588192e-05,3.0,-11.277711962620318
2023-10-29,potosi,Potosí,Potosí,highland,3.6071655216296404e-06,6.0,-12.5325882680939
2023-11-05,potosi,Potosí,Potosí,highland,7.16779749834434e-06,6.0,-11.845912133479722
2023-11-12,potosi,Potosí,Potosí,highland,,1.0,
2023-11-19,potosi,Potosí,Potosí,highland,-4.901022561632708e-06,6.0,
2023-11-26,potosi,Potosí,Potosí,highland,,1.0,
2023-12-03,potosi,Potosí,Potosí,highland,9.809572827514516e-06,3.0,-11.532151829930966
2023-12-10,potosi,Potosí,Potosí,highland,,2.0,
2023-12-17,potosi,Potosí,Potosí,highland,6.313745129384029e-06,4.0,-11.972781534594416
2023-12-24,potosi,Potosí,Potosí,highland,,1.0,
2023-12-31,potosi,Potosí,Potosí,highland,,1.0,
2024-01-07,potosi,Potosí,Potosí,highland,2.8415151543707683e-06,3.0,-12.771173142994257
2024-01-14,potosi,Potosí,Potosí,highland,9.047136762974762e-06,5.0,-11.613062230092876
2024-01-21,potosi,Potosí,Potosí,highland,8.708211461012058e-06,4.0,-11.651244131353044
2024-01-28,potosi,Potosí,Potosí,highland,7.815741017760849e-06,3.0,-11.759370778654949
2024-02-04,potosi,Potosí,Potosí,highland,8.3965265224919e-06,3.0,-11.687692446860677
2024-02-11,potosi,Potosí,Potosí,highland,,2.0,
2024-02-18,potosi,Potosí,Potosí,highland,,1.0,
2024-02-25,potosi,Potosí,Potosí,highland,1.0375540178986415e-05,3.0,-11.476059427758397
2024-03-03,potosi,Potosí,Potosí,highland,8.967973205731024e-06,3.0,-11.621850859963038
2024-03-10,potosi,Potosí,Potosí,highland,,2.0,
2024-03-17,potosi,Potosí,Potosí,highland,5.4147121655659315e-06,3.0,-12.12639083394424
2024-03-24,potosi,Potosí,Potosí,highland,3.793089808613587e-07,4.0,-14.784914711069806
2024-03-31,potosi,Potosí,Potosí,highland,9.008206742077933e-06,7.0,-11.617374535889152
2024-04-07,potosi,Potosí,Potosí,highland,4.783911265841293e-06,4.0,-12.25025208959806
2024-04-14,potosi,Potosí,Potosí,highland,1.3152723370444498e-05,3.0,-11.2388817203688
2024-04-21,potosi,Potosí,Potosí,highland,6.977310970113828e-06,7.0,-11.8728469632517
2024-04-28,potosi,Potosí,Potosí,highland,8.619400531240226e-06,6.0,-11.661495019646614
2024-05-05,potosi,Potosí,Potosí,highland,5.3895490440409924e-06,4.0,-12.131048841842022
2024-05-12,potosi,Potosí,Potosí,highland,8.346499797220675e-06,7.0,-11.693668292946102
2024-05-19,potosi,Potosí,Potosí,highland,4.1644055406985056e-07,5.0,-14.691522112849315
2024-05-26,potosi,Potosí,Potosí,highland,4.621347837613665e-06,7.0,-12.284824155675173
2024-06-02,potosi,Potosí,Potosí,highland,1.0060589976737854e-05,7.0,-11.506884749213286
2024-06-09,potosi,Potosí,Potosí,highland,7.63724619257336e-06,7.0,-11.782473465760368
2024-06-16,potosi,Potosí,Potosí,highland,1.0795453556769242e-05,7.0,-11.43638547943138
2024-06-23,potosi,Potosí,Potosí,highland,6.056685204359978e-06,6.0,-12.01434790352013
2024-06-30,potosi,Potosí,Potosí,highland,6.354459059704881e-06,7.0,-11.9663537773699
2024-07-07,potosi,Potosí,Potosí,highland,1.6371624597968205e-05,7.0,-11.019960929112749
2024-07-14,potosi,Potosí,Potosí,highland,7.719915834133799e-06,7.0,-11.771707096301295
2024-07-21,potosi,Potosí,Potosí,highland,9.876343839306756e-06,7.0,-11.525368171442722
2024-07-28,potosi,Potosí,Potosí,highland,8.351770906140629e-06,6.0,-11.693036957020523
2024-08-04,potosi,Potosí,Potosí,highland,1.1283972070483855e-05,7.0,-11.392127239970812
2024-08-11,potosi,Potosí,Potosí,highland,8.165974830437735e-06,7.0,-11.715534447310468
2024-08-18,potosi,Potosí,Potosí,highland,8.583432872622637e-06,6.0,-11.665676622779477
2024-08-25,potosi,Potosí,Potosí,highland,1.3706803206171274e-05,7.0,-11.197618263995357
2024-09-01,potosi,Potosí,Potosí,highland,7.677657325360222e-06,6.0,-11.777196093097952
2024-09-08,potosi,Potosí,Potosí,highland,1.2541110874732193e-05,6.0,-11.286498440181282
2024-09-15,potosi,Potosí,Potosí,highland,,2.0,
2024-09-22,potosi,Potosí,Potosí,highland,1.46829126592141e-05,6.0,-11.128826144430363
2024-09-29,potosi,Potosí,Potosí,highland,9.95594582850224e-06,4.0,-11.517340614564306
2024-10-06,potosi,Potosí,Potosí,highland,8.027162867907957e-06,6.0,-11.732679409010961
2024-10-13,potosi,Potosí,Potosí,highland,1.3296486412342165e-05,5.0,-11.228010737161268
2024-10-20,potosi,Potosí,Potosí,highland,8.048214445413006e-06,4.0,-11.730060299160069
2024-10-27,potosi,Potosí,Potosí,highland,8.718565959782242e-06,5.0,-11.650055787720865
2024-11-03,potosi,Potosí,Potosí,highland,6.274933882100632e-06,3.0,-11.978947609718968
2024-11-10,potosi,Potosí,Potosí,highland,4.04997898287346e-06,3.0,-12.416798866273252
2024-11-17,potosi,Potosí,Potosí,highland,1.3727615417101428e-06,3.0,-13.498686123093659
2024-11-24,potosi,Potosí,Potosí,highland,1.3430074528064313e-06,4.0,-13.520599091066694
2024-12-01,potosi,Potosí,Potosí,highland,,1.0,
2024-12-08,potosi,Potosí,Potosí,highland,,1.0,
2024-12-15,potosi,Potosí,Potosí,highland,4.8453940897811874e-06,5.0,-12.237481976449299
2024-12-22,potosi,Potosí,Potosí,highland,,1.0,
2024-12-29,potosi,Potosí,Potosí,highland,1.0708803395742158e-05,4.0,-11.444444407501795
2025-01-05,potosi,Potosí,Potosí,highland,7.5094712961611615e-06,3.0,-11.799345494644966
2025-01-12,potosi,Potosí,Potosí,highland,,2.0,
2025-01-19,potosi,Potosí,Potosí,highland,7.470693684604989e-06,3.0,-11.804522700399433
2025-01-26,potosi,Potosí,Potosí,highland,,2.0,
2025-02-02,potosi,Potosí,Potosí,highland,3.921273163938314e-06,4.0,-12.449094170174734
2025-02-09,potosi,Potosí,Potosí,highland,5.929498681995628e-06,4.0,-12.03557088782076
2025-02-16,potosi,Potosí,Potosí,highland,,1.0,
2025-02-23,potosi,Potosí,Potosí,highland,7.667891165059024e-06,4.0,-11.778468926275053
2025-03-02,potosi,Potosí,Potosí,highland,7.333985373459323e-06,3.0,-11.822991482664099
2025-03-09,potosi,Potosí,Potosí,highland,,0.0,
2025-03-16,potosi,Potosí,Potosí,highland,,2.0,
2025-03-23,potosi,Potosí,Potosí,highland,8.014469002900438e-06,6.0,-11.734262024515326
2025-03-30,potosi,Potosí,Potosí,highland,6.0234509724485756e-06,6.0,-12.019850211651963
2025-04-06,potosi,Potosí,Potosí,highland,,2.0,
2025-04-13,potosi,Potosí,Potosí,highland,7.372616503743385e-06,6.0,-11.817737893907319
2025-04-20,potosi,Potosí,Potosí,highland,6.936901979698665e-06,7.0,-11.878655283731769
2025-04-27,potosi,Potosí,Potosí,highland,6.7978034870853225e-06,4.0,-11.898911014568414
2025-05-04,potosi,Potosí,Potosí,highland,5.606743083911735e-06,6.0,-12.091540562469692
2025-05-11,potosi,Potosí,Potosí,highland,6.93866590431042e-06,7.0,-11.878401034732953
2025-05-18,potosi,Potosí,Potosí,highland,1.1538855397556399e-05,7.0,-11.369790487457234
2025-05-25,potosi,Potosí,Potosí,highland,1.1813279116587094e-05,7.0,-11.346286310359723
2025-06-01,potosi,Potosí,Potosí,highland,1.0405830256978344e-05,5.0,-11.473144307262807
2025-06-08,potosi,Potosí,Potosí,highland,6.508364903792292e-06,7.0,-11.942422300143654
2025-06-15,potosi,Potosí,Potosí,highland,5.149373418687006e-06,7.0,-12.17663551696494
2025-06-22,potosi,Potosí,Potosí,highland,4.8561210312700745e-06,6.0,-12.235270580450528
2025-06-29,potosi,Potosí,Potosí,highland,3.7996911057504526e-06,7.0,-12.480590782496387
2025-07-06,potosi,Potosí,Potosí,highland,1.2427047643668754e-05,7.0,-11.295635199264387
2025-07-13,potosi,Potosí,Potosí,highland,1.4567960930070725e-05,7.0,-11.136685897443256
2025-07-20,potosi,Potosí,Potosí,highland,5.924013826126323e-06,6.0,-12.036496327644105
2025-07-27,potosi,Potosí,Potosí,highland,9.470220683938677e-06,7.0,-11.567358347559596
2025-08-03,potosi,Potosí,Potosí,highland,5.664240006989269e-06,5.0,-12.081337828355275
2025-08-10,potosi,Potosí,Potosí,highland,6.385901881358805e-06,7.0,-11.961417828437575
2025-08-17,potosi,Potosí,Potosí,highland,6.895595156672624e-06,7.0,-11.884627733305232
2025-08-24,potosi,Potosí,Potosí,highland,6.310361981821246e-06,6.0,-11.973317516682332
2025-08-31,potosi,Potosí,Potosí,highland,1.097166914597909e-05,7.0,-11.420194139738477
2025-09-07,potosi,Potosí,Potosí,highland,,2.0,
2025-09-14,potosi,Potosí,Potosí,highland,1.241378242819189e-05,5.0,-11.29670321645217
2025-09-21,potosi,Potosí,Potosí,highland,1.267097289177766e-05,5.0,-11.276196779540712
2025-09-28,potosi,Potosí,Potosí,highland,9.163248273326082e-06,6.0,-11.60030982714734
2025-10-05,potosi,Potosí,Potosí,highland,1.1409796312373806e-05,5.0,-11.381038245925899
2025-10-12,potosi,Potosí,Potosí,highland,7.617696666420265e-06,5.0,-11.785036508707936
2025-10-19,potosi,Potosí,Potosí,highland,7.5798768587631265e-06,3.0,-11.790013603987715
2025-10-26,potosi,Potosí,Potosí,highland,,1.0,
2025-11-02,potosi,Potosí,Potosí,highland,,0.0,
2025-11-09,potosi,Potosí,Potosí,highland,7.183686702744068e-06,5.0,-11.84369783833515
2025-11-16,potosi,Potosí,Potosí,highland,9.424582951894808e-06,3.0,-11.57218907474505
2025-11-23,potosi,Potosí,Potosí,highland,6.297739015109533e-06,5.0,-11.975319875472506
2025-11-30,potosi,Potosí,Potosí,highland,8.675812268679021e-07,3.0,-13.957556696231599
2025-12-07,potosi,Potosí,Potosí,highland,,2.0,
2025-12-14,potosi,Potosí,Potosí,highland,1.3268261859215058e-05,5.0,-11.230135700925967
2025-12-21,potosi,Potosí,Potosí,highland,4.618742891441412e-06,4.0,-12.285387991316542
2025-12-28,potosi,Potosí,Potosí,highland,1.1388043338143987e-05,3.0,-11.382946582958255
2026-01-04,potosi,Potosí,Potosí,highland,,2.0,
2026-01-11,potosi,Potosí,Potosí,highland,,2.0,
2026-01-18,potosi,Potosí,Potosí,highland,,2.0,
2026-01-25,potosi,Potosí,Potosí,highland,,2.0,
2026-02-01,potosi,Potosí,Potosí,highland,,0.0,
2026-02-08,potosi,Potosí,Potosí,highland,8.144892771249408e-06,6.0,-11.718119480975512
2026-02-15,potosi,Potosí,Potosí,highland,7.147400502339915e-06,5.0,-11.848761833470844
2026-02-22,potosi,Potosí,Potosí,highland,1.1697015862053799e-05,3.0,-11.356176803217817
2026-03-01,potosi,Potosí,Potosí,highland,7.81282293764132e-06,5.0,-11.759744207737976
2026-03-08,potosi,Potosí,Potosí,highland,,2.0,
2026-03-15,potosi,Potosí,Potosí,highland,4.552228270694292e-06,3.0,-12.299893715057006
2026-03-22,potosi,Potosí,Potosí,highland,1.2078673215480565e-05,4.0,-11.32406920464529
2026-03-29,potosi,Potosí,Potosí,highland,6.700831855337673e-06,4.0,-11.913278881761174
2026-04-05,potosi,Potosí,Potosí,highland,1.2242107908488293e-05,4.0,-11.310629080961576
2026-04-12,potosi,Potosí,Potosí,highland,,1.0,
2026-04-19,potosi,Potosí,Potosí,highland,2.3236501923473467e-06,6.0,-12.972371249947827
2026-04-26,potosi,Potosí,Potosí,highland,5.390709264640262e-06,5.0,-12.130833592713378
2026-05-03,potosi,Potosí,Potosí,highland,6.710163402864738e-06,5.0,-11.911887255136397
2026-05-10,potosi,Potosí,Potosí,highland,1.027103540255483e-05,7.0,-11.48618272094059
2018-07-01,santa_cruz,Santa Cruz,Santa Cruz,lowland,,1.0,
2018-07-08,santa_cruz,Santa Cruz,Santa Cruz,lowland,1.2012171434188151e-05,4.0,-11.329590136034598
2018-07-15,santa_cruz,Santa Cruz,Santa Cruz,lowland,1.315795152952457e-05,6.0,-11.238484303033916
2018-07-22,santa_cruz,Santa Cruz,Santa Cruz,lowland,1.1155288444354469e-05,5.0,-11.403596872560705
2018-07-29,santa_cruz,Santa Cruz,Santa Cruz,lowland,1.4537914605124488e-05,7.0,-11.138750520827152
2018-08-05,santa_cruz,Santa Cruz,Santa Cruz,lowland,,1.0,
2018-08-12,santa_cruz,Santa Cruz,Santa Cruz,lowland,3.076870847504268e-05,4.0,-10.389012343023012
2018-08-19,santa_cruz,Santa Cruz,Santa Cruz,lowland,2.66743442308554e-05,6.0,-10.531808344739169
2018-08-26,santa_cruz,Santa Cruz,Santa Cruz,lowland,2.664513543000474e-05,5.0,-10.53290395947353
2018-09-02,santa_cruz,Santa Cruz,Santa Cruz,lowland,3.5313277275777085e-05,6.0,-10.251251537950422
2018-09-09,santa_cruz,Santa Cruz,Santa Cruz,lowland,3.525902669423791e-05,7.0,-10.25278898505569
2018-09-16,santa_cruz,Santa Cruz,Santa Cruz,lowland,5.085730163828013e-05,4.0,-9.886486854071418
2018-09-23,santa_cruz,Santa Cruz,Santa Cruz,lowland,3.191358571203663e-05,5.0,-10.35247875444663
2018-09-30,santa_cruz,Santa Cruz,Santa Cruz,lowland,3.1396381348991884e-05,7.0,-10.368817915353807
2018-10-07,santa_cruz,Santa Cruz,Santa Cruz,lowland,2.2561608912627476e-05,4.0,-10.699260816828266
2018-10-14,santa_cruz,Santa Cruz,Santa Cruz,lowland,2.2889272026779246e-05,5.0,-10.684842227616963
2018-10-21,santa_cruz,Santa Cruz,Santa Cruz,lowland,1.7286321724722116e-05,5.0,-10.965595020940654
2018-10-28,santa_cruz,Santa Cruz,Santa Cruz,lowland,1.9425103537480575e-05,4.0,-10.848944331609937
2018-11-04,santa_cruz,Santa Cruz,Santa Cruz,lowland,1.3168969033445571e-05,4.0,-11.237647326712448
2018-11-11,santa_cruz,Santa Cruz,Santa Cruz,lowland,1.575910397778165e-05,5.0,-11.058092329352474
2018-11-18,santa_cruz,Santa Cruz,Santa Cruz,lowland,1.2629257113587066e-05,5.0,-11.279494442525214
2018-11-25,santa_cruz,Santa Cruz,Santa Cruz,lowland,1.6269652197148047e-05,4.0,-11.026209013904163
2018-12-02,santa_cruz,Santa Cruz,Santa Cruz,lowland,1.5445826194679933e-05,4.0,-11.078171740329045
2018-12-09,santa_cruz,Santa Cruz,Santa Cruz,lowland,1.4046429916823564e-05,6.0,-11.17314229291972
2018-12-16,santa_cruz,Santa Cruz,Santa Cruz,lowland,9.738264846898106e-06,5.0,-11.539447603315635
2018-12-23,santa_cruz,Santa Cruz,Santa Cruz,lowland,2.5354947862228515e-06,4.0,-12.885121758024692
2018-12-30,santa_cruz,Santa Cruz,Santa Cruz,lowland,9.893268156407147e-06,6.0,-11.523656016319142
2019-01-06,santa_cruz,Santa Cruz,Santa Cruz,lowland,9.791278412843671e-06,7.0,-11.534018526408463
2019-01-13,santa_cruz,Santa Cruz,Santa Cruz,lowland,,2.0,
2019-01-20,santa_cruz,Santa Cruz,Santa Cruz,lowland,1.3342792762136729e-05,6.0,-11.224534186903957
2019-01-27,santa_cruz,Santa Cruz,Santa Cruz,lowland,1.5297522539482705e-05,7.0,-11.087819668201243
2019-02-03,santa_cruz,Santa Cruz,Santa Cruz,lowland,2.0169160686823578e-05,4.0,-10.81135581882114
2019-02-10,santa_cruz,Santa Cruz,Santa Cruz,lowland,9.493601016901226e-06,7.0,-11.564892563481092
2019-02-17,santa_cruz,Santa Cruz,Santa Cruz,lowland,1.1787686427414212e-05,4.0,-11.348455094442452
2019-02-24,santa_cruz,Santa Cruz,Santa Cruz,lowland,1.0251532823666774e-05,7.0,-11.488083319788045
2019-03-03,santa_cruz,Santa Cruz,Santa Cruz,lowland,,2.0,
2019-03-10,santa_cruz,Santa Cruz,Santa Cruz,lowland,1.143685019066845e-05,5.0,-11.378669942907234
2019-03-17,santa_cruz,Santa Cruz,Santa Cruz,lowland,9.940119191617045e-06,4.0,-11.51893154625933
2019-03-24,santa_cruz,Santa Cruz,Santa Cruz,lowland,7.57795951396927e-06,4.0,-11.790266587956792
2019-03-31,santa_cruz,Santa Cruz,Santa Cruz,lowland,1.0665888513587383e-05,6.0,-11.448459898344955
2019-04-07,santa_cruz,Santa Cruz,Santa Cruz,lowland,7.806296533730614e-06,3.0,-11.760579902003903
2019-04-14,santa_cruz,Santa Cruz,Santa Cruz,lowland,1.1077704382531497e-05,7.0,-11.41057608380316
2019-04-21,santa_cruz,Santa Cruz,Santa Cruz,lowland,8.5081949849719e-06,6.0,-11.674480743050164
2019-04-28,santa_cruz,Santa Cruz,Santa Cruz,lowland,,2.0,
2019-05-05,santa_cruz,Santa Cruz,Santa Cruz,lowland,5.745209985531614e-06,6.0,-12.067144096325153
2019-05-12,santa_cruz,Santa Cruz,Santa Cruz,lowland,9.698609999904678e-06,4.0,-11.543527981702116
2019-05-19,santa_cruz,Santa Cruz,Santa Cruz,lowland,8.945097834669113e-06,7.0,-11.624404903705203
2019-05-26,santa_cruz,Santa Cruz,Santa Cruz,lowland,1.0823581652685632e-05,4.0,-11.433783317816328
2019-06-02,santa_cruz,Santa Cruz,Santa Cruz,lowland,,2.0,
2019-06-09,santa_cruz,Santa Cruz,Santa Cruz,lowland,1.2214435234480684e-05,7.0,-11.312892089732328
2019-06-16,santa_cruz,Santa Cruz,Santa Cruz,lowland,9.354751411971162e-06,4.0,-11.579626171336214
2019-06-23,santa_cruz,Santa Cruz,Santa Cruz,lowland,1.0505652254888855e-05,6.0,-11.463597135648229
2019-06-30,santa_cruz,Santa Cruz,Santa Cruz,lowland,9.115820186856683e-06,5.0,-11.605499171780128
2019-07-07,santa_cruz,Santa Cruz,Santa Cruz,lowland,1.0995471357464281e-05,3.0,-11.418027064711438
2019-07-14,santa_cruz,Santa Cruz,Santa Cruz,lowland,1.1553387310980913e-05,7.0,-11.36853189031479
2019-07-21,santa_cruz,Santa Cruz,Santa Cruz,lowland,1.5768202773903953e-05,5.0,-11.057515128359913
2019-07-28,santa_cruz,Santa Cruz,Santa Cruz,lowland,1.3752897294962148e-05,4.0,-11.194261043687542
2019-08-04,santa_cruz,Santa Cruz,Santa Cruz,lowland,1.6212655538885995e-05,6.0,-11.029718414604524
2019-08-11,santa_cruz,Santa Cruz,Santa Cruz,lowland,2.4730769444398715e-05,6.0,-10.607462363109931
2019-08-18,santa_cruz,Santa Cruz,Santa Cruz,lowland,2.4442155793564495e-05,7.0,-10.619201219958285
2019-08-25,santa_cruz,Santa Cruz,Santa Cruz,lowland,2.669271838824799e-05,7.0,-10.531119749294081
2019-09-01,santa_cruz,Santa Cruz,Santa Cruz,lowland,2.480513924691677e-05,7.0,-10.604459698563774
2019-09-08,santa_cruz,Santa Cruz,Santa Cruz,lowland,2.9416505649061722e-05,7.0,-10.433954624520245
2019-09-15,santa_cruz,Santa Cruz,Santa Cruz,lowland,3.48984634606729e-05,5.0,-10.263067756639922
2019-09-22,santa_cruz,Santa Cruz,Santa Cruz,lowland,3.236821267927908e-05,5.0,-10.338333706895645
2019-09-29,santa_cruz,Santa Cruz,Santa Cruz,lowland,3.597092808169569e-05,6.0,-10.232799499041203
2019-10-06,santa_cruz,Santa Cruz,Santa Cruz,lowland,,2.0,
2019-10-13,santa_cruz,Santa Cruz,Santa Cruz,lowland,2.0311217549110046e-05,6.0,-10.804337235911294
2019-10-20,santa_cruz,Santa Cruz,Santa Cruz,lowland,2.3605662314372842e-05,7.0,-10.654023946135847
2019-10-27,santa_cruz,Santa Cruz,Santa Cruz,lowland,2.0481391495397284e-05,6.0,-10.795993815989869
2019-11-03,santa_cruz,Santa Cruz,Santa Cruz,lowland,1.7945003531382328e-05,5.0,-10.928198836575515
2019-11-10,santa_cruz,Santa Cruz,Santa Cruz,lowland,8.09780951038195e-06,4.0,-11.723916963675931
2019-11-17,santa_cruz,Santa Cruz,Santa Cruz,lowland,1.6496877726300322e-05,6.0,-11.012339423672822
2019-11-24,santa_cruz,Santa Cruz,Santa Cruz,lowland,2.2310903877973995e-05,6.0,-10.710435035863876
2019-12-01,santa_cruz,Santa Cruz,Santa Cruz,lowland,7.904387455089689e-06,5.0,-11.748092578592411
2019-12-08,santa_cruz,Santa Cruz,Santa Cruz,lowland,1.0401539600480203e-05,6.0,-11.473556724265855
2019-12-15,santa_cruz,Santa Cruz,Santa Cruz,lowland,1.1709811012948318e-05,6.0,-11.355083519430371
2019-12-22,santa_cruz,Santa Cruz,Santa Cruz,lowland,1.1150162244157669e-05,3.0,-11.404056509118481
2019-12-29,santa_cruz,Santa Cruz,Santa Cruz,lowland,6.3274346871632105e-06,6.0,-11.970615666640743
2020-01-05,santa_cruz,Santa Cruz,Santa Cruz,lowland,1.1227155388396538e-05,6.0,-11.397175125985163
2020-01-12,santa_cruz,Santa Cruz,Santa Cruz,lowland,8.04964942403732e-06,4.0,-11.729882017291152
2020-01-19,santa_cruz,Santa Cruz,Santa Cruz,lowland,1.2521718183159779e-05,7.0,-11.288045966631534
2020-01-26,santa_cruz,Santa Cruz,Santa Cruz,lowland,1.4850351397746718e-05,6.0,-11.117487029847606
2020-02-02,santa_cruz,Santa Cruz,Santa Cruz,lowland,9.444685387735056e-06,4.0,-11.570058367493058
2020-02-09,santa_cruz,Santa Cruz,Santa Cruz,lowland,8.55702718526056e-06,7.0,-11.668757719571786
2020-02-16,santa_cruz,Santa Cruz,Santa Cruz,lowland,1.2248701117888739e-05,5.0,-11.310090657787999
2020-02-23,santa_cruz,Santa Cruz,Santa Cruz,lowland,8.555600626549912e-06,5.0,-11.668924445422384
2020-03-01,santa_cruz,Santa Cruz,Santa Cruz,lowland,1.3114622166006193e-05,5.0,-11.241782754362287
2020-03-08,santa_cruz,Santa Cruz,Santa Cruz,lowland,1.3217589480078818e-05,7.0,-11.23396207904101
2020-03-15,santa_cruz,Santa Cruz,Santa Cruz,lowland,8.777001696420935e-06,7.0,-11.643375701074042
2020-03-22,santa_cruz,Santa Cruz,Santa Cruz,lowland,7.682305745817348e-06,3.0,-11.77659082854393
2020-03-29,santa_cruz,Santa Cruz,Santa Cruz,lowland,9.244744270733272e-06,6.0,-11.591455354867069
2020-04-05,santa_cruz,Santa Cruz,Santa Cruz,lowland,8.992873717850614e-06,7.0,-11.619078103402188
2020-04-12,santa_cruz,Santa Cruz,Santa Cruz,lowland,7.579451302403636e-06,5.0,-11.790069748475792
2020-04-19,santa_cruz,Santa Cruz,Santa Cruz,lowland,8.406481335417412e-06,6.0,-11.686507562085955
2020-04-26,santa_cruz,Santa Cruz,Santa Cruz,lowland,7.302113489409518e-06,7.0,-11.8273467326153
2020-05-03,santa_cruz,Santa Cruz,Santa Cruz,lowland,9.034031471790968e-06,4.0,-11.61451183703293
2020-05-10,santa_cruz,Santa Cruz,Santa Cruz,lowland,4.29693054204623e-06,5.0,-12.357609617591976
2020-05-17,santa_cruz,Santa Cruz,Santa Cruz,lowland,8.221986313158933e-06,6.0,-11.708698734150769
2020-05-24,santa_cruz,Santa Cruz,Santa Cruz,lowland,6.99794370623512e-06,5.0,-11.869894208315905
2020-05-31,santa_cruz,Santa Cruz,Santa Cruz,lowland,8.476122569275323e-06,7.0,-11.678257456917693
2020-06-07,santa_cruz,Santa Cruz,Santa Cruz,lowland,,2.0,
2020-06-14,santa_cruz,Santa Cruz,Santa Cruz,lowland,6.15912264756811e-06,6.0,-11.997576217905422
2020-06-21,santa_cruz,Santa Cruz,Santa Cruz,lowland,9.714819097544356e-06,6.0,-11.541858096250666
2020-06-28,santa_cruz,Santa Cruz,Santa Cruz,lowland,4.494743965197931e-06,3.0,-12.31260185157444
2020-07-05,santa_cruz,Santa Cruz,Santa Cruz,lowland,9.820920882742085e-06,4.0,-11.53099566374797
2020-07-12,santa_cruz,Santa Cruz,Santa Cruz,lowland,,2.0,
2020-07-19,santa_cruz,Santa Cruz,Santa Cruz,lowland,1.75519944702943e-05,7.0,-10.950342969478493
2020-07-26,santa_cruz,Santa Cruz,Santa Cruz,lowland,8.429451113039573e-06,4.0,-11.683778899216291
2020-08-02,santa_cruz,Santa Cruz,Santa Cruz,lowland,1.99489196772503e-05,6.0,-10.822335567610924
2020-08-09,santa_cruz,Santa Cruz,Santa Cruz,lowland,2.449489015686842e-05,7.0,-10.617046027192082
2020-08-16,santa_cruz,Santa Cruz,Santa Cruz,lowland,1.3060929565486251e-05,4.0,-11.245885260118577
2020-08-23,santa_cruz,Santa Cruz,Santa Cruz,lowland,2.6496808315133735e-05,3.0,-10.53848627316404
2020-08-30,santa_cruz,Santa Cruz,Santa Cruz,lowland,2.497264513604403e-05,7.0,-10.597729526722215
2020-09-06,santa_cruz,Santa Cruz,Santa Cruz,lowland,3.236859727758457e-05,7.0,-10.338321824990876
2020-09-13,santa_cruz,Santa Cruz,Santa Cruz,lowland,3.1019120679481045e-05,6.0,-10.380906747507376
2020-09-20,santa_cruz,Santa Cruz,Santa Cruz,lowland,2.454554670323571e-05,4.0,-10.61498011719505
2020-09-27,santa_cruz,Santa Cruz,Santa Cruz,lowland,2.708656593412423e-05,6.0,-10.51647267497742
2020-10-04,santa_cruz,Santa Cruz,Santa Cruz,lowland,3.070773311495791e-05,7.0,-10.390996042095464
2020-10-11,santa_cruz,Santa Cruz,Santa Cruz,lowland,1.5761199558971612e-05,7.0,-11.05795936228313
2020-10-18,santa_cruz,Santa Cruz,Santa Cruz,lowland,1.3715743207350266e-05,5.0,-11.196966245662638
2020-10-25,santa_cruz,Santa Cruz,Santa Cruz,lowland,1.7445483551785527e-05,6.0,-10.956429765063344
2020-11-01,santa_cruz,Santa Cruz,Santa Cruz,lowland,1.585092257591609e-05,6.0,-11.052282852652525
2020-11-08,santa_cruz,Santa Cruz,Santa Cruz,lowland,2.5190666202700215e-05,6.0,-10.589037020839502
2020-11-15,santa_cruz,Santa Cruz,Santa Cruz,lowland,1.6278966257139174e-05,4.0,-11.02563669712467
2020-11-22,santa_cruz,Santa Cruz,Santa Cruz,lowland,2.1327015455111757e-05,5.0,-10.75553595767558
2020-11-29,santa_cruz,Santa Cruz,Santa Cruz,lowland,1.6019360060157742e-05,6.0,-11.041712563429193
2020-12-06,santa_cruz,Santa Cruz,Santa Cruz,lowland,9.01575398273311e-06,5.0,-11.616537068341202
2020-12-13,santa_cruz,Santa Cruz,Santa Cruz,lowland,1.4300749591107501e-05,5.0,-11.155198603113671
2020-12-20,santa_cruz,Santa Cruz,Santa Cruz,lowland,1.3254941858436767e-05,5.0,-11.231140104620174
2020-12-27,santa_cruz,Santa Cruz,Santa Cruz,lowland,1.651988897976468e-05,7.0,-11.010945510247252
2021-01-03,santa_cruz,Santa Cruz,Santa Cruz,lowland,1.1353566027297024e-05,6.0,-11.385978675956347
2021-01-10,santa_cruz,Santa Cruz,Santa Cruz,lowland,9.766408059648306e-06,3.0,-11.536561809494227
2021-01-17,santa_cruz,Santa Cruz,Santa Cruz,lowland,1.1189231109398899e-05,5.0,-11.40055875029803
2021-01-24,santa_cruz,Santa Cruz,Santa Cruz,lowland,6.105792849036511e-06,5.0,-12.006272590031779
2021-01-31,santa_cruz,Santa Cruz,Santa Cruz,lowland,,2.0,
2021-02-07,santa_cruz,Santa Cruz,Santa Cruz,lowland,1.1807412676469396e-05,5.0,-11.346783030802097
2021-02-14,santa_cruz,Santa Cruz,Santa Cruz,lowland,9.94646871128776e-06,3.0,-11.51829297317505
2021-02-21,santa_cruz,Santa Cruz,Santa Cruz,lowland,9.871596204149807e-06,5.0,-11.525848994783077
2021-02-28,santa_cruz,Santa Cruz,Santa Cruz,lowland,1.3375898208647821e-05,7.0,-11.2220561116503
2021-03-07,santa_cruz,Santa Cruz,Santa Cruz,lowland,1.4369178703143064e-05,7.0,-11.150425013080568
2021-03-14,santa_cruz,Santa Cruz,Santa Cruz,lowland,9.815873008712537e-06,6.0,-11.531509787812075
2021-03-21,santa_cruz,Santa Cruz,Santa Cruz,lowland,1.0732406921492765e-05,3.0,-11.442242709469252
2021-03-28,santa_cruz,Santa Cruz,Santa Cruz,lowland,6.470543168555437e-06,6.0,-11.948250501111943
2021-04-04,santa_cruz,Santa Cruz,Santa Cruz,lowland,1.1954062823403412e-05,5.0,-11.33443935214659
2021-04-11,santa_cruz,Santa Cruz,Santa Cruz,lowland,5.212550240152018e-06,5.0,-12.164441332487336
2021-04-18,santa_cruz,Santa Cruz,Santa Cruz,lowland,7.493529572009041e-06,5.0,-11.801470633514434
2021-04-25,santa_cruz,Santa Cruz,Santa Cruz,lowland,7.304838993294361e-06,3.0,-11.826973553621297
2021-05-02,santa_cruz,Santa Cruz,Santa Cruz,lowland,1.093111705332067e-05,6.0,-11.423897060328182
2021-05-09,santa_cruz,Santa Cruz,Santa Cruz,lowland,1.3360095569325803e-05,4.0,-11.22323823648871
2021-05-16,santa_cruz,Santa Cruz,Santa Cruz,lowland,1.845368947408732e-05,5.0,-10.900246235974125
2021-05-23,santa_cruz,Santa Cruz,Santa Cruz,lowland,1.4465047177978007e-05,4.0,-11.143775358015189
2021-05-30,santa_cruz,Santa Cruz,Santa Cruz,lowland,1.0728638717073192e-05,5.0,-11.442593876371532
2021-06-06,santa_cruz,Santa Cruz,Santa Cruz,lowland,9.02580269148787e-06,5.0,-11.615423116815252
2021-06-13,santa_cruz,Santa Cruz,Santa Cruz,lowland,,2.0,
2021-06-20,santa_cruz,Santa Cruz,Santa Cruz,lowland,1.2250197494129243e-05,3.0,-11.309968499133761
2021-06-27,santa_cruz,Santa Cruz,Santa Cruz,lowland,1.7115768001517316e-05,4.0,-10.975510413981741
2021-07-04,santa_cruz,Santa Cruz,Santa Cruz,lowland,1.2635983919097071e-05,6.0,-11.278961947651307
2021-07-11,santa_cruz,Santa Cruz,Santa Cruz,lowland,1.6372382278445442e-05,7.0,-11.019914650080361
2021-07-18,santa_cruz,Santa Cruz,Santa Cruz,lowland,1.2759663298848058e-05,4.0,-11.269221667633392
2021-07-25,santa_cruz,Santa Cruz,Santa Cruz,lowland,1.7676730319474433e-05,7.0,-10.943261454538984
2021-08-01,santa_cruz,Santa Cruz,Santa Cruz,lowland,2.036407706481882e-05,5.0,-10.801738137565856
2021-08-08,santa_cruz,Santa Cruz,Santa Cruz,lowland,2.803400028196491e-05,7.0,-10.482092488665446
2021-08-15,santa_cruz,Santa Cruz,Santa Cruz,lowland,2.1760900074533597e-05,7.0,-10.735395773112613
2021-08-22,santa_cruz,Santa Cruz,Santa Cruz,lowland,3.066084856424967e-05,7.0,-10.392524008313586
2021-08-29,santa_cruz,Santa Cruz,Santa Cruz,lowland,2.7709511617057545e-05,4.0,-10.493734824035123
2021-09-05,santa_cruz,Santa Cruz,Santa Cruz,lowland,3.287301501215996e-05,7.0,-10.322858449147535
2021-09-12,santa_cruz,Santa Cruz,Santa Cruz,lowland,3.088716811791609e-05,5.0,-10.385169731574416
2021-09-19,santa_cruz,Santa Cruz,Santa Cruz,lowland,3.204819209486413e-05,5.0,-10.34826978508523
2021-09-26,santa_cruz,Santa Cruz,Santa Cruz,lowland,2.86278661556146e-05,7.0,-10.461129973395254
2021-10-03,santa_cruz,Santa Cruz,Santa Cruz,lowland,2.7263911421555638e-05,7.0,-10.509946656238593
2021-10-10,santa_cruz,Santa Cruz,Santa Cruz,lowland,2.1518691794673196e-05,5.0,-10.746588614728843
2021-10-17,santa_cruz,Santa Cruz,Santa Cruz,lowland,2.125731567655746e-05,4.0,-10.758809454708064
2021-10-24,santa_cruz,Santa Cruz,Santa Cruz,lowland,2.027280058699759e-05,6.0,-10.806230442910081
2021-10-31,santa_cruz,Santa Cruz,Santa Cruz,lowland,2.931706320785992e-05,7.0,-10.43734084940522
2021-11-07,santa_cruz,Santa Cruz,Santa Cruz,lowland,1.6606781007792628e-05,6.0,-11.00569945156758
2021-11-14,santa_cruz,Santa Cruz,Santa Cruz,lowland,1.7533504874995807e-05,6.0,-10.951396943191572
2021-11-21,santa_cruz,Santa Cruz,Santa Cruz,lowland,2.4256929609644677e-05,5.0,-10.626808224302815
2021-11-28,santa_cruz,Santa Cruz,Santa Cruz,lowland,1.21037770174106e-05,6.0,-11.321993003871093
2021-12-05,santa_cruz,Santa Cruz,Santa Cruz,lowland,1.2099496500882338e-05,4.0,-11.322346717724688
2021-12-12,santa_cruz,Santa Cruz,Santa Cruz,lowland,1.9808719056531756e-05,5.0,-10.829388360801714
2021-12-19,santa_cruz,Santa Cruz,Santa Cruz,lowland,1.5561292190228402e-05,4.0,-11.070723997017629
2021-12-26,santa_cruz,Santa Cruz,Santa Cruz,lowland,1.4727971853868499e-05,5.0,-11.125762025098027
2022-01-02,santa_cruz,Santa Cruz,Santa Cruz,lowland,1.1997949879078553e-05,7.0,-11.330774766181792
2022-01-09,santa_cruz,Santa Cruz,Santa Cruz,lowland,1.6675049826514736e-05,7.0,-11.001596978070216
2022-01-16,santa_cruz,Santa Cruz,Santa Cruz,lowland,1.5909138295594387e-05,7.0,-11.048616878263347
2022-01-23,santa_cruz,Santa Cruz,Santa Cruz,lowland,1.101819229180208e-05,7.0,-11.415962806551786
2022-01-30,santa_cruz,Santa Cruz,Santa Cruz,lowland,1.960112866608545e-05,5.0,-10.839923408381395
2022-02-06,santa_cruz,Santa Cruz,Santa Cruz,lowland,1.625087247480954e-05,6.0,-11.027363959872314
2022-02-13,santa_cruz,Santa Cruz,Santa Cruz,lowland,1.3708054719585437e-05,6.0,-11.197526962160532
2022-02-20,santa_cruz,Santa Cruz,Santa Cruz,lowland,1.3361315812564735e-05,7.0,-11.223146905741068
2022-02-27,santa_cruz,Santa Cruz,Santa Cruz,lowland,1.3893269457166753e-05,7.0,-11.1841060468106
2022-03-06,santa_cruz,Santa Cruz,Santa Cruz,lowland,1.2558704762701281e-05,7.0,-11.285096526230618
2022-03-13,santa_cruz,Santa Cruz,Santa Cruz,lowland,1.1204197899977525e-05,4.0,-11.39922203738989
2022-03-20,santa_cruz,Santa Cruz,Santa Cruz,lowland,1.2938382331284456e-05,5.0,-11.255312289744596
2022-03-27,santa_cruz,Santa Cruz,Santa Cruz,lowland,9.788125113179618e-06,5.0,-11.534340630162761
2022-04-03,santa_cruz,Santa Cruz,Santa Cruz,lowland,9.35232046176354e-06,5.0,-11.579886067725957
2022-04-10,santa_cruz,Santa Cruz,Santa Cruz,lowland,1.0700159422461581e-05,7.0,-11.445251917311932
2022-04-17,santa_cruz,Santa Cruz,Santa Cruz,lowland,5.440357631620255e-06,4.0,-12.12166575815061
2022-04-24,santa_cruz,Santa Cruz,Santa Cruz,lowland,8.500444163641498e-06,7.0,-11.675392141287166
2022-05-01,santa_cruz,Santa Cruz,Santa Cruz,lowland,9.693702827347041e-06,5.0,-11.544034076329002
2022-05-08,santa_cruz,Santa Cruz,Santa Cruz,lowland,1.549048585015919e-05,6.0,-11.075284538620073
2022-05-15,santa_cruz,Santa Cruz,Santa Cruz,lowland,1.3002812306752455e-05,4.0,-11.250344892610325
2022-05-22,santa_cruz,Santa Cruz,Santa Cruz,lowland,1.3274082665461528e-05,6.0,-11.229697095637398
2022-05-29,santa_cruz,Santa Cruz,Santa Cruz,lowland,5.355459102617362e-06,6.0,-12.137394124290843
2022-06-05,santa_cruz,Santa Cruz,Santa Cruz,lowland,1.0443248493313023e-05,4.0,-11.469554865546188
2022-06-12,santa_cruz,Santa Cruz,Santa Cruz,lowland,1.438325690934055e-05,4.0,-11.149445742488519
2022-06-19,santa_cruz,Santa Cruz,Santa Cruz,lowland,1.3095121994534538e-05,7.0,-11.243270763932335
2022-06-26,santa_cruz,Santa Cruz,Santa Cruz,lowland,1.557507233740919e-05,7.0,-11.069838848845095
2022-07-03,santa_cruz,Santa Cruz,Santa Cruz,lowland,1.7151497996492397e-05,7.0,-10.973425041432579
2022-07-10,santa_cruz,Santa Cruz,Santa Cruz,lowland,1.756190769623857e-05,6.0,-10.949778336920104
2022-07-17,santa_cruz,Santa Cruz,Santa Cruz,lowland,1.4725456180583038e-05,3.0,-11.125932848900854
2022-07-24,santa_cruz,Santa Cruz,Santa Cruz,lowland,1.800383750055805e-05,7.0,-10.924925628315375
2022-07-31,santa_cruz,Santa Cruz,Santa Cruz,lowland,2.0785707600958833e-05,6.0,-10.781244942011448
2022-08-07,santa_cruz,Santa Cruz,Santa Cruz,lowland,,2.0,
2022-08-14,santa_cruz,Santa Cruz,Santa Cruz,lowland,2.4686889925647216e-05,5.0,-10.609238227480795
2022-08-21,santa_cruz,Santa Cruz,Santa Cruz,lowland,1.7625977655692305e-05,5.0,-10.946136740977822
2022-08-28,santa_cruz,Santa Cruz,Santa Cruz,lowland,3.7095357380233456e-05,6.0,-10.202018734180395
2022-09-04,santa_cruz,Santa Cruz,Santa Cruz,lowland,3.496920545209877e-05,5.0,-10.261042727990727
2022-09-11,santa_cruz,Santa Cruz,Santa Cruz,lowland,3.902730294366344e-05,6.0,-10.151249081294605
2022-09-18,santa_cruz,Santa Cruz,Santa Cruz,lowland,4.398091793251756e-05,4.0,-10.03175470146571
2022-09-25,santa_cruz,Santa Cruz,Santa Cruz,lowland,4.171431970901235e-05,6.0,-10.084666089809561
2022-10-02,santa_cruz,Santa Cruz,Santa Cruz,lowland,3.1265734164019474e-05,4.0,-10.372987815243436
2022-10-09,santa_cruz,Santa Cruz,Santa Cruz,lowland,2.269695545538934e-05,6.0,-10.69327976337989
2022-10-16,santa_cruz,Santa Cruz,Santa Cruz,lowland,1.4598486974536711e-05,4.0,-11.134592666501185
2022-10-23,santa_cruz,Santa Cruz,Santa Cruz,lowland,2.1053731254584324e-05,6.0,-10.768432756794157
2022-10-30,santa_cruz,Santa Cruz,Santa Cruz,lowland,1.888147985950732e-05,6.0,-10.8773290179295
2022-11-06,santa_cruz,Santa Cruz,Santa Cruz,lowland,1.3676021187760675e-05,6.0,-11.199866536922503
2022-11-13,santa_cruz,Santa Cruz,Santa Cruz,lowland,2.0235601315956682e-05,6.0,-10.808067063450514
2022-11-20,santa_cruz,Santa Cruz,Santa Cruz,lowland,1.6254474721884416e-05,7.0,-11.02714231959462
2022-11-27,santa_cruz,Santa Cruz,Santa Cruz,lowland,2.0724647728335066e-05,6.0,-10.784186854513909
2022-12-04,santa_cruz,Santa Cruz,Santa Cruz,lowland,2.432644284774384e-05,7.0,-10.623946616225034
2022-12-11,santa_cruz,Santa Cruz,Santa Cruz,lowland,1.9869291586987173e-05,6.0,-10.826335154427294
2022-12-18,santa_cruz,Santa Cruz,Santa Cruz,lowland,1.8198100990017805e-05,6.0,-10.91419331053326
2022-12-25,santa_cruz,Santa Cruz,Santa Cruz,lowland,1.294651433980466e-05,6.0,-11.254683968999023
2023-01-01,santa_cruz,Santa Cruz,Santa Cruz,lowland,1.625836255982548e-05,7.0,-11.026903162493324
2023-01-08,santa_cruz,Santa Cruz,Santa Cruz,lowland,1.3478266379484668e-05,5.0,-11.21443206761384
2023-01-15,santa_cruz,Santa Cruz,Santa Cruz,lowland,1.0981037113057553e-05,4.0,-11.419340671602333
2023-01-22,santa_cruz,Santa Cruz,Santa Cruz,lowland,1.0422927865842009e-05,7.0,-11.471502575902436
2023-01-29,santa_cruz,Santa Cruz,Santa Cruz,lowland,1.133864208627269e-05,4.0,-11.38729401231333
2023-02-05,santa_cruz,Santa Cruz,Santa Cruz,lowland,9.835526602216672e-06,5.0,-11.52950956386407
2023-02-12,santa_cruz,Santa Cruz,Santa Cruz,lowland,1.0921603407068216e-05,6.0,-11.424767766277196
2023-02-19,santa_cruz,Santa Cruz,Santa Cruz,lowland,7.5574202735694035e-06,4.0,-11.792980659661124
2023-02-26,santa_cruz,Santa Cruz,Santa Cruz,lowland,8.070540109660483e-06,4.0,-11.7272901498352
2023-03-05,santa_cruz,Santa Cruz,Santa Cruz,lowland,9.753920805987094e-06,5.0,-11.53784121984131
2023-03-12,santa_cruz,Santa Cruz,Santa Cruz,lowland,1.1372433449294332e-05,5.0,-11.384318249416992
2023-03-19,santa_cruz,Santa Cruz,Santa Cruz,lowland,1.3252566701993372e-05,6.0,-11.231319310934062
2023-03-26,santa_cruz,Santa Cruz,Santa Cruz,lowland,9.15682391329566e-06,4.0,-11.60101117376086
2023-04-02,santa_cruz,Santa Cruz,Santa Cruz,lowland,1.1600128933732766e-05,7.0,-11.364494344936764
2023-04-09,santa_cruz,Santa Cruz,Santa Cruz,lowland,9.416820209891025e-06,6.0,-11.573013083697713
2023-04-16,santa_cruz,Santa Cruz,Santa Cruz,lowland,1.3115244677551875e-05,4.0,-11.24173528850594
2023-04-23,santa_cruz,Santa Cruz,Santa Cruz,lowland,1.1730125087161926e-05,5.0,-11.353350231488577
2023-04-30,santa_cruz,Santa Cruz,Santa Cruz,lowland,8.248665895853035e-06,5.0,-11.705459080287662
2023-05-07,santa_cruz,Santa Cruz,Santa Cruz,lowland,,0.0,
2023-05-14,santa_cruz,Santa Cruz,Santa Cruz,lowland,1.1358054716342111e-05,6.0,-11.385583399093088
2023-05-21,santa_cruz,Santa Cruz,Santa Cruz,lowland,9.919913130667282e-06,4.0,-11.520966393695021
2023-05-28,santa_cruz,Santa Cruz,Santa Cruz,lowland,6.669238267502682e-06,6.0,-11.918004907331586
2023-06-04,santa_cruz,Santa Cruz,Santa Cruz,lowland,,2.0,
2023-06-11,santa_cruz,Santa Cruz,Santa Cruz,lowland,1.0348159140861637e-05,6.0,-11.478701914858316
2023-06-18,santa_cruz,Santa Cruz,Santa Cruz,lowland,1.4480263746845156e-05,4.0,-11.142723956611457
2023-06-25,santa_cruz,Santa Cruz,Santa Cruz,lowland,9.524689812887596e-06,7.0,-11.561623203057884
2023-07-02,santa_cruz,Santa Cruz,Santa Cruz,lowland,1.21473815432011e-05,5.0,-11.318396922251162
2023-07-09,santa_cruz,Santa Cruz,Santa Cruz,lowland,1.6944468209272194e-05,4.0,-10.985569136739587
2023-07-16,santa_cruz,Santa Cruz,Santa Cruz,lowland,1.477256886888081e-05,4.0,-11.122738551772256
2023-07-23,santa_cruz,Santa Cruz,Santa Cruz,lowland,1.785759901092363e-05,5.0,-10.933081425431821
2023-07-30,santa_cruz,Santa Cruz,Santa Cruz,lowland,1.838759256717261e-05,5.0,-10.903834437804788
2023-08-06,santa_cruz,Santa Cruz,Santa Cruz,lowland,2.5023438122377178e-05,7.0,-10.595697647402964
2023-08-13,santa_cruz,Santa Cruz,Santa Cruz,lowland,3.732034204450344e-05,5.0,-10.195972016847511
2023-08-20,santa_cruz,Santa Cruz,Santa Cruz,lowland,2.69483309163706e-05,6.0,-10.521589195129375
2023-08-27,santa_cruz,Santa Cruz,Santa Cruz,lowland,2.5356541855323762e-05,5.0,-10.582473799865191
2023-09-03,santa_cruz,Santa Cruz,Santa Cruz,lowland,4.312437829398975e-05,7.0,-10.051422099087919
2023-09-10,santa_cruz,Santa Cruz,Santa Cruz,lowland,3.5251447662588604e-05,4.0,-10.253003961107051
2023-09-17,santa_cruz,Santa Cruz,Santa Cruz,lowland,3.888455755739886e-05,6.0,-10.154913364115382
2023-09-24,santa_cruz,Santa Cruz,Santa Cruz,lowland,4.773623598299643e-05,7.0,-9.949819784255027
2023-10-01,santa_cruz,Santa Cruz,Santa Cruz,lowland,4.524914774258774e-05,5.0,-10.003326722413659
2023-10-08,santa_cruz,Santa Cruz,Santa Cruz,lowland,3.507780574695445e-05,4.0,-10.257941942389415
2023-10-15,santa_cruz,Santa Cruz,Santa Cruz,lowland,2.9773944261949052e-05,5.0,-10.421876900548877
2023-10-22,santa_cruz,Santa Cruz,Santa Cruz,lowland,5.4409628107909875e-05,7.0,-9.818969432485023
2023-10-29,santa_cruz,Santa Cruz,Santa Cruz,lowland,3.196525872621973e-05,3.0,-10.350860909731109
2023-11-05,santa_cruz,Santa Cruz,Santa Cruz,lowland,1.646368772137634e-05,4.0,-11.014353346412987
2023-11-12,santa_cruz,Santa Cruz,Santa Cruz,lowland,3.116850777484761e-05,7.0,-10.37610233909272
2023-11-19,santa_cruz,Santa Cruz,Santa Cruz,lowland,2.027149604045189e-05,5.0,-10.8062947945775
2023-11-26,santa_cruz,Santa Cruz,Santa Cruz,lowland,2.0702823193694877e-05,5.0,-10.785240480823864
2023-12-03,santa_cruz,Santa Cruz,Santa Cruz,lowland,1.5145678272775127e-05,7.0,-11.097795329227083
2023-12-10,santa_cruz,Santa Cruz,Santa Cruz,lowland,1.5450211632235797e-05,5.0,-11.077887856834995
2023-12-17,santa_cruz,Santa Cruz,Santa Cruz,lowland,1.1596433832567483e-05,7.0,-11.364812935344641
2023-12-24,santa_cruz,Santa Cruz,Santa Cruz,lowland,1.8062772703257086e-05,5.0,-10.921657494447416
2023-12-31,santa_cruz,Santa Cruz,Santa Cruz,lowland,1.359137831106721e-05,5.0,-11.206074913967733
2024-01-07,santa_cruz,Santa Cruz,Santa Cruz,lowland,1.2824336842030886e-05,5.0,-11.26416587646807
2024-01-14,santa_cruz,Santa Cruz,Santa Cruz,lowland,1.1864537646891223e-05,6.0,-11.341956636649448
2024-01-21,santa_cruz,Santa Cruz,Santa Cruz,lowland,1.3707386136915016e-05,7.0,-11.197575736329371
2024-01-28,santa_cruz,Santa Cruz,Santa Cruz,lowland,1.585726597239394e-05,3.0,-11.05188274171255
2024-02-04,santa_cruz,Santa Cruz,Santa Cruz,lowland,1.5937051550464635e-05,6.0,-11.046863873451573
2024-02-11,santa_cruz,Santa Cruz,Santa Cruz,lowland,1.6193250738936374e-05,5.0,-11.03091602358991
2024-02-18,santa_cruz,Santa Cruz,Santa Cruz,lowland,1.2481812816285054e-05,6.0,-11.291237947856724
2024-02-25,santa_cruz,Santa Cruz,Santa Cruz,lowland,1.1442766685174162e-05,4.0,-11.378152758142324
2024-03-03,santa_cruz,Santa Cruz,Santa Cruz,lowland,9.899301966576702e-06,7.0,-11.523046311736161
2024-03-10,santa_cruz,Santa Cruz,Santa Cruz,lowland,1.1347068085941873e-05,7.0,-11.386551165826031
2024-03-17,santa_cruz,Santa Cruz,Santa Cruz,lowland,1.063179291626579e-05,6.0,-11.451661714144654
2024-03-24,santa_cruz,Santa Cruz,Santa Cruz,lowland,1.0817816391783772e-05,6.0,-11.43431611713238
2024-03-31,santa_cruz,Santa Cruz,Santa Cruz,lowland,1.1373331289299102e-05,4.0,-11.384239303730572
2024-04-07,santa_cruz,Santa Cruz,Santa Cruz,lowland,1.2679229264830138e-05,7.0,-11.275545394333333
2024-04-14,santa_cruz,Santa Cruz,Santa Cruz,lowland,,2.0,
2024-04-21,santa_cruz,Santa Cruz,Santa Cruz,lowland,1.2078397392754007e-05,3.0,-11.324092040421286
2024-04-28,santa_cruz,Santa Cruz,Santa Cruz,lowland,9.279386925471725e-06,7.0,-11.587715077414039
2024-05-05,santa_cruz,Santa Cruz,Santa Cruz,lowland,7.034450990235126e-06,4.0,-11.864690910210756
2024-05-12,santa_cruz,Santa Cruz,Santa Cruz,lowland,7.221606684851237e-06,5.0,-11.838433097288357
2024-05-19,santa_cruz,Santa Cruz,Santa Cruz,lowland,,1.0,
2024-05-26,santa_cruz,Santa Cruz,Santa Cruz,lowland,1.0294644922312733e-05,4.0,-11.483886708384063
2024-06-02,santa_cruz,Santa Cruz,Santa Cruz,lowland,1.3157487413065112e-05,6.0,-11.238519576354685
2024-06-09,santa_cruz,Santa Cruz,Santa Cruz,lowland,9.45594292882183e-06,7.0,-11.56886713276483
2024-06-16,santa_cruz,Santa Cruz,Santa Cruz,lowland,6.426708510113654e-06,4.0,-11.955048046561378
2024-06-23,santa_cruz,Santa Cruz,Santa Cruz,lowland,8.710531386183853e-06,6.0,-11.65097776021411
2024-06-30,santa_cruz,Santa Cruz,Santa Cruz,lowland,1.2118633778020646e-05,3.0,-11.320766308262755
2024-07-07,santa_cruz,Santa Cruz,Santa Cruz,lowland,1.8351939812845596e-05,5.0,-10.905775277179107
2024-07-14,santa_cruz,Santa Cruz,Santa Cruz,lowland,,1.0,
2024-07-21,santa_cruz,Santa Cruz,Santa Cruz,lowland,2.6199771920144078e-05,7.0,-10.549759852573127
2024-07-28,santa_cruz,Santa Cruz,Santa Cruz,lowland,2.3029845759744387e-05,7.0,-10.678719541516488
2024-08-04,santa_cruz,Santa Cruz,Santa Cruz,lowland,1.69170097400496e-05,4.0,-10.987190948716151
2024-08-11,santa_cruz,Santa Cruz,Santa Cruz,lowland,3.921745758608086e-05,3.0,-10.14638856372152
2024-08-18,santa_cruz,Santa Cruz,Santa Cruz,lowland,2.8286435658281884e-05,7.0,-10.473128173579678
2024-08-25,santa_cruz,Santa Cruz,Santa Cruz,lowland,3.379669730654737e-05,3.0,-10.295147473073552
2024-09-01,santa_cruz,Santa Cruz,Santa Cruz,lowland,3.7141111749783054e-05,5.0,-10.200786068460182
2024-09-08,santa_cruz,Santa Cruz,Santa Cruz,lowland,5.167600139509882e-05,4.0,-9.870517073869184
2024-09-15,santa_cruz,Santa Cruz,Santa Cruz,lowland,3.977177301536957e-05,4.0,-10.13235311800923
2024-09-22,santa_cruz,Santa Cruz,Santa Cruz,lowland,4.182857542822424e-05,6.0,-10.08193082931232
2024-09-29,santa_cruz,Santa Cruz,Santa Cruz,lowland,3.8165904711702586e-05,6.0,-10.173567987722892
2024-10-06,santa_cruz,Santa Cruz,Santa Cruz,lowland,4.169008915705757e-05,4.0,-10.085247127502074
2024-10-13,santa_cruz,Santa Cruz,Santa Cruz,lowland,2.8892036684776714e-05,5.0,-10.451944548055563
2024-10-20,santa_cruz,Santa Cruz,Santa Cruz,lowland,2.651713759747319e-05,5.0,-10.537719332202148
2024-10-27,santa_cruz,Santa Cruz,Santa Cruz,lowland,2.7430840852857177e-05,6.0,-10.503842598987438
2024-11-03,santa_cruz,Santa Cruz,Santa Cruz,lowland,3.209961528113663e-05,5.0,-10.346666512911444
2024-11-10,santa_cruz,Santa Cruz,Santa Cruz,lowland,1.7182420174850807e-05,6.0,-10.971623779685242
2024-11-17,santa_cruz,Santa Cruz,Santa Cruz,lowland,1.6227908976156184e-05,7.0,-11.028778021696922
2024-11-24,santa_cruz,Santa Cruz,Santa Cruz,lowland,2.3041831383414415e-05,4.0,-10.678199238168157
2024-12-01,santa_cruz,Santa Cruz,Santa Cruz,lowland,1.661875160891309e-05,5.0,-11.004978885141963
2024-12-08,santa_cruz,Santa Cruz,Santa Cruz,lowland,,2.0,
2024-12-15,santa_cruz,Santa Cruz,Santa Cruz,lowland,9.656964152304753e-06,6.0,-11.547831229080744
2024-12-22,santa_cruz,Santa Cruz,Santa Cruz,lowland,9.747132320373066e-06,4.0,-11.538537437203956
2024-12-29,santa_cruz,Santa Cruz,Santa Cruz,lowland,1.2971376716594646e-05,7.0,-11.252765419039687
2025-01-05,santa_cruz,Santa Cruz,Santa Cruz,lowland,1.219894746944446e-05,7.0,-11.314160882943147
2025-01-12,santa_cruz,Santa Cruz,Santa Cruz,lowland,1.0072383442628792e-05,4.0,-11.505713191789134
2025-01-19,santa_cruz,Santa Cruz,Santa Cruz,lowland,1.5862139135650546e-05,6.0,-11.051575474708118
2025-01-26,santa_cruz,Santa Cruz,Santa Cruz,lowland,1.142273814846757e-05,6.0,-11.379904614659344
2025-02-02,santa_cruz,Santa Cruz,Santa Cruz,lowland,1.2557644541826826e-05,6.0,-11.285180950990142
2025-02-09,santa_cruz,Santa Cruz,Santa Cruz,lowland,1.4059931690099411e-05,7.0,-11.172181530050214
2025-02-16,santa_cruz,Santa Cruz,Santa Cruz,lowland,1.708876140441799e-05,7.0,-10.977089538336347
2025-02-23,santa_cruz,Santa Cruz,Santa Cruz,lowland,1.2583163242777953e-05,7.0,-11.283150888158936
2025-03-02,santa_cruz,Santa Cruz,Santa Cruz,lowland,1.0933982782084151e-05,7.0,-11.423634932206063
2025-03-09,santa_cruz,Santa Cruz,Santa Cruz,lowland,4.999847558443715e-06,6.0,-12.20610313430621
2025-03-16,santa_cruz,Santa Cruz,Santa Cruz,lowland,7.5905011562536796e-06,4.0,-11.7886129402446
2025-03-23,santa_cruz,Santa Cruz,Santa Cruz,lowland,9.254756225705095e-06,7.0,-11.59037295202584
2025-03-30,santa_cruz,Santa Cruz,Santa Cruz,lowland,6.769485435880639e-06,3.0,-11.903085480445624
2025-04-06,santa_cruz,Santa Cruz,Santa Cruz,lowland,8.030040658737258e-06,6.0,-11.732320966663845
2025-04-13,santa_cruz,Santa Cruz,Santa Cruz,lowland,8.94230763821163e-06,3.0,-11.624716877007797
2025-04-20,santa_cruz,Santa Cruz,Santa Cruz,lowland,9.938138215033814e-06,4.0,-11.519130857149541
2025-04-27,santa_cruz,Santa Cruz,Santa Cruz,lowland,5.174419924127976e-06,4.0,-12.171783317051561
2025-05-04,santa_cruz,Santa Cruz,Santa Cruz,lowland,1.0131135396675449e-05,5.0,-11.499897163390642
2025-05-11,santa_cruz,Santa Cruz,Santa Cruz,lowland,8.464514419518419e-06,6.0,-11.679627907341889
2025-05-18,santa_cruz,Santa Cruz,Santa Cruz,lowland,1.1220867785855197e-05,7.0,-11.397735318092678
2025-05-25,santa_cruz,Santa Cruz,Santa Cruz,lowland,1.300894404414557e-05,4.0,-11.24987343367276
2025-06-01,santa_cruz,Santa Cruz,Santa Cruz,lowland,1.1699760060544055e-05,6.0,-11.355942224016655
2025-06-08,santa_cruz,Santa Cruz,Santa Cruz,lowland,1.1692597634363546e-05,5.0,-11.356554597211161
2025-06-15,santa_cruz,Santa Cruz,Santa Cruz,lowland,9.177467046154359e-06,4.0,-11.598759312303267
2025-06-22,santa_cruz,Santa Cruz,Santa Cruz,lowland,6.090766189385878e-06,3.0,-12.008736673091013
2025-06-29,santa_cruz,Santa Cruz,Santa Cruz,lowland,6.537294452759812e-06,3.0,-11.937987170327968
2025-07-06,santa_cruz,Santa Cruz,Santa Cruz,lowland,2.2392988463535468e-05,5.0,-10.706762663123445
2025-07-13,santa_cruz,Santa Cruz,Santa Cruz,lowland,2.0485052733031674e-05,7.0,-10.795815072742164
2025-07-20,santa_cruz,Santa Cruz,Santa Cruz,lowland,2.0839749108736398e-05,7.0,-10.778648380079773
2025-07-27,santa_cruz,Santa Cruz,Santa Cruz,lowland,1.4619772708101306e-05,7.0,-11.13313565040499
2025-08-03,santa_cruz,Santa Cruz,Santa Cruz,lowland,1.4897798203731166e-05,7.0,-11.11429712749382
2025-08-10,santa_cruz,Santa Cruz,Santa Cruz,lowland,1.8131656903286903e-05,6.0,-10.917851147230653
2025-08-17,santa_cruz,Santa Cruz,Santa Cruz,lowland,2.920276811007792e-05,7.0,-10.441247054892772
2025-08-24,santa_cruz,Santa Cruz,Santa Cruz,lowland,2.844020233524176e-05,4.0,-10.467706838594564
2025-08-31,santa_cruz,Santa Cruz,Santa Cruz,lowland,3.0794809987292764e-05,6.0,-10.388164389089708
2025-09-07,santa_cruz,Santa Cruz,Santa Cruz,lowland,2.7480610340950677e-05,7.0,-10.502029880487388
2025-09-14,santa_cruz,Santa Cruz,Santa Cruz,lowland,4.006595538027069e-05,7.0,-10.124983577261135
2025-09-21,santa_cruz,Santa Cruz,Santa Cruz,lowland,3.32850328892601e-05,7.0,-10.310402724801532
2025-09-28,santa_cruz,Santa Cruz,Santa Cruz,lowland,4.380886969322817e-05,5.0,-10.035674256671522
2025-10-05,santa_cruz,Santa Cruz,Santa Cruz,lowland,1.573933375912203e-05,5.0,-11.059347643753838
2025-10-12,santa_cruz,Santa Cruz,Santa Cruz,lowland,1.6703555094057446e-05,6.0,-10.999888981313592
2025-10-19,santa_cruz,Santa Cruz,Santa Cruz,lowland,2.682303706522505e-05,5.0,-10.526249447699064
2025-10-26,santa_cruz,Santa Cruz,Santa Cruz,lowland,,2.0,
2025-11-02,santa_cruz,Santa Cruz,Santa Cruz,lowland,,0.0,
2025-11-09,santa_cruz,Santa Cruz,Santa Cruz,lowland,1.0791112354381013e-05,5.0,-11.436787692776903
2025-11-16,santa_cruz,Santa Cruz,Santa Cruz,lowland,1.1435366129502418e-05,5.0,-11.37879971268095
2025-11-23,santa_cruz,Santa Cruz,Santa Cruz,lowland,1.1354175831169826e-05,6.0,-11.385924967060344
2025-11-30,santa_cruz,Santa Cruz,Santa Cruz,lowland,1.5927229299471858e-05,7.0,-11.047480378895404
2025-12-07,santa_cruz,Santa Cruz,Santa Cruz,lowland,1.5707813068977557e-05,6.0,-11.061352321689988
2025-12-14,santa_cruz,Santa Cruz,Santa Cruz,lowland,8.035525416552107e-06,4.0,-11.731638169929235
2025-12-21,santa_cruz,Santa Cruz,Santa Cruz,lowland,9.172277172852495e-06,5.0,-11.59932497396899
2025-12-28,santa_cruz,Santa Cruz,Santa Cruz,lowland,1.2484435681818945e-05,5.0,-11.291027834948192
2026-01-04,santa_cruz,Santa Cruz,Santa Cruz,lowland,1.1854540574022306e-05,6.0,-11.34279959297075
2026-01-11,santa_cruz,Santa Cruz,Santa Cruz,lowland,9.928630772652134e-06,6.0,-11.52008797736505
2026-01-18,santa_cruz,Santa Cruz,Santa Cruz,lowland,1.2523389524220195e-05,7.0,-11.28791250016116
2026-01-25,santa_cruz,Santa Cruz,Santa Cruz,lowland,1.5202673415564774e-05,6.0,-11.09403926297463
2026-02-01,santa_cruz,Santa Cruz,Santa Cruz,lowland,1.1576178302498124e-05,5.0,-11.366561165980896
2026-02-08,santa_cruz,Santa Cruz,Santa Cruz,lowland,1.375418594708443e-05,5.0,-11.194167347666639
2026-02-15,santa_cruz,Santa Cruz,Santa Cruz,lowland,1.1494261791555785e-05,5.0,-11.373662621771668
2026-02-22,santa_cruz,Santa Cruz,Santa Cruz,lowland,1.5828719130045614e-05,7.0,-11.053684601429369
2026-03-01,santa_cruz,Santa Cruz,Santa Cruz,lowland,1.397726109181934e-05,3.0,-11.178078756531566
2026-03-08,santa_cruz,Santa Cruz,Santa Cruz,lowland,1.331151792000621e-05,7.0,-11.226880888483002
2026-03-15,santa_cruz,Santa Cruz,Santa Cruz,lowland,9.113365842864602e-06,3.0,-11.605768448093718
2026-03-22,santa_cruz,Santa Cruz,Santa Cruz,lowland,9.942349157142593e-06,3.0,-11.518707231501647
2026-03-29,santa_cruz,Santa Cruz,Santa Cruz,lowland,1.057003116436784e-05,6.0,-11.457487809707303
2026-04-05,santa_cruz,Santa Cruz,Santa Cruz,lowland,1.2285267090512505e-05,7.0,-11.307109811038009
2026-04-12,santa_cruz,Santa Cruz,Santa Cruz,lowland,8.696703729926183e-06,4.0,-11.652566485715191
2026-04-19,santa_cruz,Santa Cruz,Santa Cruz,lowland,6.3259421869113086e-06,3.0,-11.97085157208696
2026-04-26,santa_cruz,Santa Cruz,Santa Cruz,lowland,9.211436975069078e-06,4.0,-11.595064696515744
2026-05-03,santa_cruz,Santa Cruz,Santa Cruz,lowland,1.627300322894533e-05,3.0,-11.026003066862334
2026-05-10,santa_cruz,Santa Cruz,Santa Cruz,lowland,7.492801022338362e-06,5.0,-11.801567862074377
2018-07-01,sucre,Sucre,Chuquisaca,highland,,1.0,
2018-07-08,sucre,Sucre,Chuquisaca,highland,1.5196889589244826e-05,6.0,-11.09441978333861
2018-07-15,sucre,Sucre,Chuquisaca,highland,1.5868998734515436e-05,6.0,-11.051143117129275
2018-07-22,sucre,Sucre,Chuquisaca,highland,8.52480501816685e-06,6.0,-11.67253040682554
2018-07-29,sucre,Sucre,Chuquisaca,highland,1.0032984255875002e-05,7.0,-11.509632467256058
2018-08-05,sucre,Sucre,Chuquisaca,highland,8.047831744010333e-06,4.0,-11.730107851384789
2018-08-12,sucre,Sucre,Chuquisaca,highland,1.8340977457300457e-05,6.0,-10.906372796083945
2018-08-19,sucre,Sucre,Chuquisaca,highland,1.48834937554744e-05,7.0,-11.115257760724669
2018-08-26,sucre,Sucre,Chuquisaca,highland,1.7948234268401605e-05,7.0,-10.928018817316957
2018-09-02,sucre,Sucre,Chuquisaca,highland,2.3251209142401075e-05,7.0,-10.669153421158404
2018-09-09,sucre,Sucre,Chuquisaca,highland,2.051816637327226e-05,7.0,-10.79419989968204
2018-09-16,sucre,Sucre,Chuquisaca,highland,1.4786643989300512e-05,7.0,-11.121786217787518
2018-09-23,sucre,Sucre,Chuquisaca,highland,1.7545813951049548e-05,7.0,-10.950695157810848
2018-09-30,sucre,Sucre,Chuquisaca,highland,1.669267055589479e-05,5.0,-11.000540823750049
2018-10-07,sucre,Sucre,Chuquisaca,highland,2.1128235453880773e-05,3.0,-10.764900238868307
2018-10-14,sucre,Sucre,Chuquisaca,highland,1.4616359292659718e-05,4.0,-11.133369157043761
2018-10-21,sucre,Sucre,Chuquisaca,highland,1.0891231650581017e-05,4.0,-11.427552528187734
2018-10-28,sucre,Sucre,Chuquisaca,highland,1.3898428842009954e-05,4.0,-11.183734757165258
2018-11-04,sucre,Sucre,Chuquisaca,highland,1.6436298567900353e-05,3.0,-11.016018341623777
2018-11-11,sucre,Sucre,Chuquisaca,highland,9.43208654792163e-06,5.0,-11.571393218783005
2018-11-18,sucre,Sucre,Chuquisaca,highland,1.0379245664426166e-05,5.0,-11.475702354887872
2018-11-25,sucre,Sucre,Chuquisaca,highland,1.0920686858929846e-05,5.0,-11.424851690456185
2018-12-02,sucre,Sucre,Chuquisaca,highland,1.1519412386071576e-05,4.0,-11.371476912150998
2018-12-09,sucre,Sucre,Chuquisaca,highland,8.597679586207274e-06,5.0,-11.664018206668873
2018-12-16,sucre,Sucre,Chuquisaca,highland,7.972593850439356e-06,4.0,-11.739500666361105
2018-12-23,sucre,Sucre,Chuquisaca,highland,,2.0,
2018-12-30,sucre,Sucre,Chuquisaca,highland,9.158562021822115e-06,3.0,-11.60082137611883
2019-01-06,sucre,Sucre,Chuquisaca,highland,6.573991999505588e-06,4.0,-11.932389299713314
2019-01-13,sucre,Sucre,Chuquisaca,highland,4.250823746188867e-06,3.0,-12.368397771176454
2019-01-20,sucre,Sucre,Chuquisaca,highland,9.142344000834406e-06,5.0,-11.602593750143715
2019-01-27,sucre,Sucre,Chuquisaca,highland,1.2586449345197593e-05,5.0,-11.28288977151069
2019-02-03,sucre,Sucre,Chuquisaca,highland,,2.0,
2019-02-10,sucre,Sucre,Chuquisaca,highland,7.438376694104439e-06,6.0,-11.808857919201648
2019-02-17,sucre,Sucre,Chuquisaca,highland,8.352536134217021e-06,3.0,-11.692945336568974
2019-02-24,sucre,Sucre,Chuquisaca,highland,9.42958336828009e-06,7.0,-11.571658643813489
2019-03-03,sucre,Sucre,Chuquisaca,highland,5.507804196124088e-06,4.0,-12.109344526726826
2019-03-10,sucre,Sucre,Chuquisaca,highland,6.1033519840959995e-06,4.0,-12.00667243211841
2019-03-17,sucre,Sucre,Chuquisaca,highland,7.528053922098468e-06,4.0,-11.796873992835108
2019-03-24,sucre,Sucre,Chuquisaca,highland,8.057535133891671e-06,6.0,-11.728902862870212
2019-03-31,sucre,Sucre,Chuquisaca,highland,5.487405148872781e-06,3.0,-12.113055064655828
2019-04-07,sucre,Sucre,Chuquisaca,highland,1.1594323107732614e-05,4.0,-11.364994966905416
2019-04-14,sucre,Sucre,Chuquisaca,highland,1.0523306157835287e-05,5.0,-11.461918126469813
2019-04-21,sucre,Sucre,Chuquisaca,highland,5.733810298874548e-06,7.0,-12.069130274609046
2019-04-28,sucre,Sucre,Chuquisaca,highland,3.936292564928968e-06,7.0,-12.445271251016072
2019-05-05,sucre,Sucre,Chuquisaca,highland,4.841349873663578e-06,5.0,-12.238316976603706
2019-05-12,sucre,Sucre,Chuquisaca,highland,8.159817409500654e-06,5.0,-11.716288765525295
2019-05-19,sucre,Sucre,Chuquisaca,highland,1.3400158159870685e-05,7.0,-11.22024404810164
2019-05-26,sucre,Sucre,Chuquisaca,highland,1.4127716223438712e-05,7.0,-11.167372000414343
2019-06-02,sucre,Sucre,Chuquisaca,highland,9.203215130665733e-06,7.0,-11.595957664235414
2019-06-09,sucre,Sucre,Chuquisaca,highland,1.840144853324454e-05,7.0,-10.9030811718151
2019-06-16,sucre,Sucre,Chuquisaca,highland,1.6817850436343494e-05,6.0,-10.993069709663423
2019-06-23,sucre,Sucre,Chuquisaca,highland,1.873006021483362e-05,7.0,-10.885380826626438
2019-06-30,sucre,Sucre,Chuquisaca,highland,1.5246413104144013e-05,7.0,-11.091166288861828
2019-07-07,sucre,Sucre,Chuquisaca,highland,1.323983948465327e-05,7.0,-11.232280131044517
2019-07-14,sucre,Sucre,Chuquisaca,highland,2.358947793589447e-05,7.0,-10.654709795527413
2019-07-21,sucre,Sucre,Chuquisaca,highland,1.1702742948220583e-05,6.0,-11.355687303618478
2019-07-28,sucre,Sucre,Chuquisaca,highland,1.5626863925706777e-05,5.0,-11.06651907821121
2019-08-04,sucre,Sucre,Chuquisaca,highland,1.1765857809103038e-05,6.0,-11.350308626491936
2019-08-11,sucre,Sucre,Chuquisaca,highland,1.4981262812202708e-05,6.0,-11.108710283548215
2019-08-18,sucre,Sucre,Chuquisaca,highland,2.0674350173973543e-05,7.0,-10.786616748069699
2019-08-25,sucre,Sucre,Chuquisaca,highland,2.001643339272575e-05,7.0,-10.818956952159692
2019-09-01,sucre,Sucre,Chuquisaca,highland,2.3660342555509465e-05,7.0,-10.651710221264004
2019-09-08,sucre,Sucre,Chuquisaca,highland,1.641135418426499e-05,5.0,-11.017537134373967
2019-09-15,sucre,Sucre,Chuquisaca,highland,2.3711915219766913e-05,5.0,-10.649532884271677
2019-09-22,sucre,Sucre,Chuquisaca,highland,1.9599201183532192e-05,6.0,-10.840021748500584
2019-09-29,sucre,Sucre,Chuquisaca,highland,1.8065791436264046e-05,6.0,-10.921490383847486
2019-10-06,sucre,Sucre,Chuquisaca,highland,1.4233566248211376e-05,4.0,-11.15990756248874
2019-10-13,sucre,Sucre,Chuquisaca,highland,8.624416559720998e-06,7.0,-11.660913242584632
2019-10-20,sucre,Sucre,Chuquisaca,highland,7.3882694198040615e-06,5.0,-11.815617029074534
2019-10-27,sucre,Sucre,Chuquisaca,highland,6.76500295268737e-06,7.0,-11.903747859876376
2019-11-03,sucre,Sucre,Chuquisaca,highland,5.2658057331885936e-06,7.0,-12.154276388343787
2019-11-10,sucre,Sucre,Chuquisaca,highland,,1.0,
2019-11-17,sucre,Sucre,Chuquisaca,highland,9.828692678016382e-06,5.0,-11.530204625730297
2019-11-24,sucre,Sucre,Chuquisaca,highland,1.3291138518005654e-06,4.0,-13.530998114633348
2019-12-01,sucre,Sucre,Chuquisaca,highland,6.3134091368468446e-06,3.0,-11.972834752054213
2019-12-08,sucre,Sucre,Chuquisaca,highland,6.843100860433711e-06,3.0,-11.89226958688966
2019-12-15,sucre,Sucre,Chuquisaca,highland,6.674531209824862e-06,5.0,-11.917211586882104
2019-12-22,sucre,Sucre,Chuquisaca,highland,,2.0,
2019-12-29,sucre,Sucre,Chuquisaca,highland,7.487922330048715e-06,6.0,-11.802219191432426
2020-01-05,sucre,Sucre,Chuquisaca,highland,8.406312225834073e-06,6.0,-11.686527678859855
2020-01-12,sucre,Sucre,Chuquisaca,highland,1.2648350612568677e-05,4.0,-11.277983737649992
2020-01-19,sucre,Sucre,Chuquisaca,highland,1.4438032590255979e-05,5.0,-11.145644680994279
2020-01-26,sucre,Sucre,Chuquisaca,highland,1.3248164745021593e-05,3.0,-11.231651524935103
2020-02-02,sucre,Sucre,Chuquisaca,highland,,2.0,
2020-02-09,sucre,Sucre,Chuquisaca,highland,8.733354854618506e-06,3.0,-11.648360971599073
2020-02-16,sucre,Sucre,Chuquisaca,highland,1.1211560785811905e-05,5.0,-11.398565099009852
2020-02-23,sucre,Sucre,Chuquisaca,highland,1.4004996724979665e-05,4.0,-11.176096383098736
2020-03-01,sucre,Sucre,Chuquisaca,highland,3.5340290596396247e-06,3.0,-12.553071961225754
2020-03-08,sucre,Sucre,Chuquisaca,highland,9.679293047968975e-06,5.0,-11.545521691577383
2020-03-15,sucre,Sucre,Chuquisaca,highland,5.127577345345979e-06,6.0,-12.18087726269707
2020-03-22,sucre,Sucre,Chuquisaca,highland,7.290311643101329e-06,4.0,-11.82896426346082
2020-03-29,sucre,Sucre,Chuquisaca,highland,8.826327671144544e-06,5.0,-11.637771522138198
2020-04-05,sucre,Sucre,Chuquisaca,highland,5.349791387524863e-06,5.0,-12.138452990802612
2020-04-12,sucre,Sucre,Chuquisaca,highland,6.055973328975186e-06,5.0,-12.014465445905008
2020-04-19,sucre,Sucre,Chuquisaca,highland,5.062193494502346e-06,5.0,-12.193710671660329
2020-04-26,sucre,Sucre,Chuquisaca,highland,7.109318546033188e-06,7.0,-11.854104163182273
2020-05-03,sucre,Sucre,Chuquisaca,highland,4.519301770418034e-06,6.0,-12.307153051623946
2020-05-10,sucre,Sucre,Chuquisaca,highland,9.292451048270653e-06,3.0,-11.586308202663977
2020-05-17,sucre,Sucre,Chuquisaca,highland,6.160361078379973e-06,7.0,-11.997375165516607
2020-05-24,sucre,Sucre,Chuquisaca,highland,5.315632019962508e-06,7.0,-12.144858640735189
2020-05-31,sucre,Sucre,Chuquisaca,highland,5.1745600091572056e-06,7.0,-12.17175624481253
2020-06-07,sucre,Sucre,Chuquisaca,highland,5.7801701855509084e-06,7.0,-12.061077431846511
2020-06-14,sucre,Sucre,Chuquisaca,highland,1.1585486543139994e-05,5.0,-11.365757403280329
2020-06-21,sucre,Sucre,Chuquisaca,highland,7.73833352836213e-06,7.0,-11.769324199957554
2020-06-28,sucre,Sucre,Chuquisaca,highland,8.162396439743074e-06,7.0,-11.71597275076312
2020-07-05,sucre,Sucre,Chuquisaca,highland,1.1871814560204381e-05,7.0,-11.341343491590118
2020-07-12,sucre,Sucre,Chuquisaca,highland,9.747062108542222e-06,7.0,-11.538544640561971
2020-07-19,sucre,Sucre,Chuquisaca,highland,9.71199846255395e-06,6.0,-11.542148481950898
2020-07-26,sucre,Sucre,Chuquisaca,highland,8.293252724482695e-06,5.0,-11.700068298525359
2020-08-02,sucre,Sucre,Chuquisaca,highland,9.187595751470988e-06,7.0,-11.597656271550813
2020-08-09,sucre,Sucre,Chuquisaca,highland,1.403781829685688e-05,7.0,-11.17375556340295
2020-08-16,sucre,Sucre,Chuquisaca,highland,1.5900672298724748e-05,6.0,-11.049149166693324
2020-08-23,sucre,Sucre,Chuquisaca,highland,1.3407224507141414e-05,5.0,-11.219716853968428
2020-08-30,sucre,Sucre,Chuquisaca,highland,1.786784963174674e-05,7.0,-10.932507570015368
2020-09-06,sucre,Sucre,Chuquisaca,highland,1.819954670067358e-05,7.0,-10.914113870748094
2020-09-13,sucre,Sucre,Chuquisaca,highland,2.4745257669234796e-05,5.0,-10.606876696632833
2020-09-20,sucre,Sucre,Chuquisaca,highland,1.3994573900184376e-05,4.0,-11.176840882035256
2020-09-27,sucre,Sucre,Chuquisaca,highland,1.895795078187392e-05,7.0,-10.873287148103378
2020-10-04,sucre,Sucre,Chuquisaca,highland,1.6814319584466816e-05,7.0,-10.993279678386076
2020-10-11,sucre,Sucre,Chuquisaca,highland,1.4914281793551709e-05,4.0,-11.113191294455548
2020-10-18,sucre,Sucre,Chuquisaca,highland,5.339002378162769e-06,5.0,-12.140471743014077
2020-10-25,sucre,Sucre,Chuquisaca,highland,9.342905225230394e-06,6.0,-11.58089330213829
2020-11-01,sucre,Sucre,Chuquisaca,highland,1.3785742816546013e-05,5.0,-11.191875629082778
2020-11-08,sucre,Sucre,Chuquisaca,highland,4.31382329137056e-06,6.0,-12.353685972502799
2020-11-15,sucre,Sucre,Chuquisaca,highland,9.643965349479111e-06,6.0,-11.549178190613324
2020-11-22,sucre,Sucre,Chuquisaca,highland,5.8321513368701336e-06,6.0,-12.052124614199855
2020-11-29,sucre,Sucre,Chuquisaca,highland,1.0525868105117213e-05,4.0,-11.46167470150097
2020-12-06,sucre,Sucre,Chuquisaca,highland,,2.0,
2020-12-13,sucre,Sucre,Chuquisaca,highland,8.875629310111731e-06,5.0,-11.632201316935058
2020-12-20,sucre,Sucre,Chuquisaca,highland,9.779088195620233e-06,5.0,-11.53526430979555
2020-12-27,sucre,Sucre,Chuquisaca,highland,6.511988437545121e-06,3.0,-11.941865704826863
2021-01-03,sucre,Sucre,Chuquisaca,highland,8.10359422438538e-06,3.0,-11.723202863299946
2021-01-10,sucre,Sucre,Chuquisaca,highland,1.2683217697815773e-05,3.0,-11.275230879489841
2021-01-17,sucre,Sucre,Chuquisaca,highland,8.246766179667984e-06,3.0,-11.705689412683292
2021-01-24,sucre,Sucre,Chuquisaca,highland,,2.0,
2021-01-31,sucre,Sucre,Chuquisaca,highland,,2.0,
2021-02-07,sucre,Sucre,Chuquisaca,highland,1.1595263171434088e-05,3.0,-11.36491389053858
2021-02-14,sucre,Sucre,Chuquisaca,highland,5.701363710235944e-06,4.0,-12.074805164329053
2021-02-21,sucre,Sucre,Chuquisaca,highland,8.749600457967374e-06,5.0,-11.646502520583875
2021-02-28,sucre,Sucre,Chuquisaca,highland,1.257536241514201e-05,6.0,-11.283771022104144
2021-03-07,sucre,Sucre,Chuquisaca,highland,1.0388415872278174e-05,3.0,-11.474819231053077
2021-03-14,sucre,Sucre,Chuquisaca,highland,7.8579275930897e-06,4.0,-11.753987651290197
2021-03-21,sucre,Sucre,Chuquisaca,highland,7.1867476234658866e-06,5.0,-11.84327183579429
2021-03-28,sucre,Sucre,Chuquisaca,highland,5.1331503549166255e-06,4.0,-12.179790982994216
2021-04-04,sucre,Sucre,Chuquisaca,highland,6.8397702390701465e-06,3.0,-11.892756417673215
2021-04-11,sucre,Sucre,Chuquisaca,highland,6.7201684767535705e-06,6.0,-11.910397332798015
2021-04-18,sucre,Sucre,Chuquisaca,highland,5.615805701142375e-06,6.0,-12.0899254892142
2021-04-25,sucre,Sucre,Chuquisaca,highland,4.740080116235563e-06,5.0,-12.259456520240727
2021-05-02,sucre,Sucre,Chuquisaca,highland,8.220483534178823e-06,7.0,-11.70888152651691
2021-05-09,sucre,Sucre,Chuquisaca,highland,5.9529809558353795e-06,7.0,-12.03161846288509
2021-05-16,sucre,Sucre,Chuquisaca,highland,7.761187269844642e-06,7.0,-11.766375236780933
2021-05-23,sucre,Sucre,Chuquisaca,highland,6.919097050711424e-06,6.0,-11.881225280849714
2021-05-30,sucre,Sucre,Chuquisaca,highland,7.469363354906021e-06,6.0,-11.804700789371779
2021-06-06,sucre,Sucre,Chuquisaca,highland,8.701708053200112e-06,7.0,-11.651991223619511
2021-06-13,sucre,Sucre,Chuquisaca,highland,8.61105648910698e-06,7.0,-11.66246354216179
2021-06-20,sucre,Sucre,Chuquisaca,highland,1.2722019258879303e-05,7.0,-11.272176265883992
2021-06-27,sucre,Sucre,Chuquisaca,highland,4.065964868314046e-06,7.0,-12.412859483151069
2021-07-04,sucre,Sucre,Chuquisaca,highland,1.567468072188126e-05,7.0,-11.063463840272748
2021-07-11,sucre,Sucre,Chuquisaca,highland,1.4408123680381991e-05,7.0,-11.147718365981017
2021-07-18,sucre,Sucre,Chuquisaca,highland,1.0601725338062122e-05,7.0,-11.454493802349775
2021-07-25,sucre,Sucre,Chuquisaca,highland,6.103095407595931e-06,7.0,-12.006714471622924
2021-08-01,sucre,Sucre,Chuquisaca,highland,7.439493381427567e-06,5.0,-11.808707805331911
2021-08-08,sucre,Sucre,Chuquisaca,highland,1.526803002045017e-05,7.0,-11.089749456849914
2021-08-15,sucre,Sucre,Chuquisaca,highland,1.1016081775612716e-05,7.0,-11.416154373216461
2021-08-22,sucre,Sucre,Chuquisaca,highland,2.1293023016382556e-05,7.0,-10.757131096824018
2021-08-29,sucre,Sucre,Chuquisaca,highland,9.827544863576764e-06,7.0,-11.530321414555065
2021-09-05,sucre,Sucre,Chuquisaca,highland,1.8006629169089356e-05,7.0,-10.924770580697553
2021-09-12,sucre,Sucre,Chuquisaca,highland,1.0572450960865906e-05,7.0,-11.45725890597743
2021-09-19,sucre,Sucre,Chuquisaca,highland,1.7543605478614587e-05,6.0,-10.950821034640605
2021-09-26,sucre,Sucre,Chuquisaca,highland,2.3978277324903086e-05,5.0,-10.638362248939412
2021-10-03,sucre,Sucre,Chuquisaca,highland,1.4005035643240072e-05,7.0,-11.176093604218662
2021-10-10,sucre,Sucre,Chuquisaca,highland,1.0175105843544414e-05,6.0,-11.495566424375772
2021-10-17,sucre,Sucre,Chuquisaca,highland,3.387293180493221e-06,5.0,-12.595479427351249
2021-10-24,sucre,Sucre,Chuquisaca,highland,3.178260336152844e-06,6.0,-12.659176574969232
2021-10-31,sucre,Sucre,Chuquisaca,highland,6.069959734175398e-06,7.0,-12.012158586493882
2021-11-07,sucre,Sucre,Chuquisaca,highland,6.641211404569342e-06,6.0,-11.922216170668976
2021-11-14,sucre,Sucre,Chuquisaca,highland,6.869534318244403e-06,5.0,-11.888414238853654
2021-11-21,sucre,Sucre,Chuquisaca,highland,5.740523939564586e-06,5.0,-12.067960073128654
2021-11-28,sucre,Sucre,Chuquisaca,highland,5.109429540953383e-06,3.0,-12.184422795801659
2021-12-05,sucre,Sucre,Chuquisaca,highland,9.43024386590498e-06,3.0,-11.571588601005889
2021-12-12,sucre,Sucre,Chuquisaca,highland,8.677133415786108e-06,4.0,-11.654819335474642
2021-12-19,sucre,Sucre,Chuquisaca,highland,7.992055231995478e-06,3.0,-11.737062605731557
2021-12-26,sucre,Sucre,Chuquisaca,highland,7.995187754855204e-06,3.0,-11.73667072791968
2022-01-02,sucre,Sucre,Chuquisaca,highland,8.863652733224389e-06,6.0,-11.633551605935233
2022-01-09,sucre,Sucre,Chuquisaca,highland,9.177900524977166e-06,5.0,-11.598712080470813
2022-01-16,sucre,Sucre,Chuquisaca,highland,1.2041611469429759e-05,3.0,-11.327142284063877
2022-01-23,sucre,Sucre,Chuquisaca,highland,1.131827134710247e-05,4.0,-11.389092204703408
2022-01-30,sucre,Sucre,Chuquisaca,highland,1.389387521358578e-05,4.0,-11.184062447050616
2022-02-06,sucre,Sucre,Chuquisaca,highland,,1.0,
2022-02-13,sucre,Sucre,Chuquisaca,highland,6.335613524402943e-06,3.0,-11.969323902092366
2022-02-20,sucre,Sucre,Chuquisaca,highland,7.670971269125248e-06,7.0,-11.778067318382572
2022-02-27,sucre,Sucre,Chuquisaca,highland,7.850043082781164e-06,6.0,-11.75499153793264
2022-03-06,sucre,Sucre,Chuquisaca,highland,7.3118322703113934e-06,7.0,-11.826016663037317
2022-03-13,sucre,Sucre,Chuquisaca,highland,9.428186086576006e-06,3.0,-11.571806835433922
2022-03-20,sucre,Sucre,Chuquisaca,highland,,2.0,
2022-03-27,sucre,Sucre,Chuquisaca,highland,2.988513598574543e-06,4.0,-12.720734418391453
2022-04-03,sucre,Sucre,Chuquisaca,highland,7.666043029187168e-06,4.0,-11.778709978030903
2022-04-10,sucre,Sucre,Chuquisaca,highland,6.0641830827999215e-06,7.0,-12.013110718325361
2022-04-17,sucre,Sucre,Chuquisaca,highland,2.6741658688157372e-06,5.0,-12.831873050985529
2022-04-24,sucre,Sucre,Chuquisaca,highland,5.160193407499377e-06,7.0,-12.174536497099716
2022-05-01,sucre,Sucre,Chuquisaca,highland,8.176342088372594e-06,6.0,-11.71426568482384
2022-05-08,sucre,Sucre,Chuquisaca,highland,6.9251834248268255e-06,6.0,-11.880346018902042
2022-05-15,sucre,Sucre,Chuquisaca,highland,6.3031096633201e-06,7.0,-11.974467448993492
2022-05-22,sucre,Sucre,Chuquisaca,highland,1.2146171563280594e-05,7.0,-11.318496535503797
2022-05-29,sucre,Sucre,Chuquisaca,highland,6.701492079181753e-06,7.0,-11.913180357975621
2022-06-05,sucre,Sucre,Chuquisaca,highland,7.406415089559634e-06,7.0,-11.813164029303849
2022-06-12,sucre,Sucre,Chuquisaca,highland,1.23631293265178e-05,6.0,-11.300791956222717
2022-06-19,sucre,Sucre,Chuquisaca,highland,1.226877514433599e-05,7.0,-11.308453129461816
2022-06-26,sucre,Sucre,Chuquisaca,highland,8.804113207215975e-06,7.0,-11.640291535771192
2022-07-03,sucre,Sucre,Chuquisaca,highland,9.329834513976792e-06,7.0,-11.582293280242304
2022-07-10,sucre,Sucre,Chuquisaca,highland,1.067994889616234e-05,7.0,-11.4471425094472
2022-07-17,sucre,Sucre,Chuquisaca,highland,5.839017243320668e-06,7.0,-12.050948055538159
2022-07-24,sucre,Sucre,Chuquisaca,highland,1.566188746702241e-05,7.0,-11.064280346757599
2022-07-31,sucre,Sucre,Chuquisaca,highland,1.5082160669345115e-05,7.0,-11.101997925187577
2022-08-07,sucre,Sucre,Chuquisaca,highland,1.0813774869790122e-05,7.0,-11.434689785624151
2022-08-14,sucre,Sucre,Chuquisaca,highland,1.5666696472154016e-05,7.0,-11.06397334244622
2022-08-21,sucre,Sucre,Chuquisaca,highland,1.2662864609588248e-05,7.0,-11.276836894364676
2022-08-28,sucre,Sucre,Chuquisaca,highland,2.0109859773592738e-05,6.0,-10.814300327173058
2022-09-04,sucre,Sucre,Chuquisaca,highland,1.9451208559065052e-05,6.0,-10.847601353117367
2022-09-11,sucre,Sucre,Chuquisaca,highland,1.7851628269428326e-05,7.0,-10.933415834323062
2022-09-18,sucre,Sucre,Chuquisaca,highland,1.605970402003298e-05,7.0,-11.039197279252287
2022-09-25,sucre,Sucre,Chuquisaca,highland,1.1350569928795103e-05,7.0,-11.386242601306785
2022-10-02,sucre,Sucre,Chuquisaca,highland,1.1002451186580162e-05,7.0,-11.417392474846315
2022-10-09,sucre,Sucre,Chuquisaca,highland,1.6178110661473986e-05,7.0,-11.031851423147502
2022-10-16,sucre,Sucre,Chuquisaca,highland,1.2155556885890444e-05,4.0,-11.317724135870078
2022-10-23,sucre,Sucre,Chuquisaca,highland,9.824419098833347e-06,7.0,-11.530639526757566
2022-10-30,sucre,Sucre,Chuquisaca,highland,1.1324920749768942e-05,7.0,-11.388504884432558
2022-11-06,sucre,Sucre,Chuquisaca,highland,9.581370128698763e-06,6.0,-11.55568995651069
2022-11-13,sucre,Sucre,Chuquisaca,highland,5.682211040871746e-06,7.0,-12.078170133217142
2022-11-20,sucre,Sucre,Chuquisaca,highland,1.002996614094181e-05,6.0,-11.509933331774612
2022-11-27,sucre,Sucre,Chuquisaca,highland,7.347834913283444e-06,5.0,-11.821104857754982
2022-12-04,sucre,Sucre,Chuquisaca,highland,9.012782647641282e-06,4.0,-11.616866694109467
2022-12-11,sucre,Sucre,Chuquisaca,highland,,2.0,
2022-12-18,sucre,Sucre,Chuquisaca,highland,5.519474898619681e-06,4.0,-12.107227829261788
2022-12-25,sucre,Sucre,Chuquisaca,highland,1.875972487192093e-06,4.0,-13.18638337316364
2023-01-01,sucre,Sucre,Chuquisaca,highland,5.739416963997137e-06,6.0,-12.068152927008336
2023-01-08,sucre,Sucre,Chuquisaca,highland,,2.0,
2023-01-15,sucre,Sucre,Chuquisaca,highland,7.2256668810957085e-06,6.0,-11.837871026343576
2023-01-22,sucre,Sucre,Chuquisaca,highland,9.389254989767981e-06,6.0,-11.575944608704534
2023-01-29,sucre,Sucre,Chuquisaca,highland,1.1552412624907448e-05,3.0,-11.36861625753659
2023-02-05,sucre,Sucre,Chuquisaca,highland,,2.0,
2023-02-12,sucre,Sucre,Chuquisaca,highland,7.2823719087676855e-06,5.0,-11.830053937176855
2023-02-19,sucre,Sucre,Chuquisaca,highland,5.532820830952226e-06,4.0,-12.104812776471716
2023-02-26,sucre,Sucre,Chuquisaca,highland,5.412250924740626e-06,5.0,-12.126845484218222
2023-03-05,sucre,Sucre,Chuquisaca,highland,7.03152843915839e-06,6.0,-11.865106459107789
2023-03-12,sucre,Sucre,Chuquisaca,highland,5.168960440922527e-06,6.0,-12.172838964919041
2023-03-19,sucre,Sucre,Chuquisaca,highland,7.505919820483923e-06,4.0,-11.799818539364997
2023-03-26,sucre,Sucre,Chuquisaca,highland,7.522380330726361e-06,3.0,-11.797627936747363
2023-04-02,sucre,Sucre,Chuquisaca,highland,7.9869554380957e-06,7.0,-11.737700917348993
2023-04-09,sucre,Sucre,Chuquisaca,highland,7.466916785200974e-06,6.0,-11.805028390314448
2023-04-16,sucre,Sucre,Chuquisaca,highland,5.704704059239858e-06,7.0,-12.074219449923891
2023-04-23,sucre,Sucre,Chuquisaca,highland,8.49311318324667e-06,7.0,-11.676254936604233
2023-04-30,sucre,Sucre,Chuquisaca,highland,7.157300803626779e-06,7.0,-11.847377630801263
2023-05-07,sucre,Sucre,Chuquisaca,highland,1.1751523194735726e-05,3.0,-11.351527692181284
2023-05-14,sucre,Sucre,Chuquisaca,highland,8.819482939240783e-06,5.0,-11.638547313332854
2023-05-21,sucre,Sucre,Chuquisaca,highland,7.057583609639098e-06,6.0,-11.86140782996877
2023-05-28,sucre,Sucre,Chuquisaca,highland,8.287997687698473e-06,7.0,-11.700702151441096
2023-06-04,sucre,Sucre,Chuquisaca,highland,1.7458024952673264e-05,4.0,-10.95571113235478
2023-06-11,sucre,Sucre,Chuquisaca,highland,1.2551075494637352e-05,7.0,-11.285704199274388
2023-06-18,sucre,Sucre,Chuquisaca,highland,6.40661164711404e-06,7.0,-11.958180030986524
2023-06-25,sucre,Sucre,Chuquisaca,highland,1.3101276526865573e-05,7.0,-11.242800887705705
2023-07-02,sucre,Sucre,Chuquisaca,highland,1.7485117946342816e-05,7.0,-10.954160441898749
2023-07-09,sucre,Sucre,Chuquisaca,highland,1.3496235917033565e-05,7.0,-11.213099732358158
2023-07-16,sucre,Sucre,Chuquisaca,highland,1.0781281921112349e-05,7.0,-11.437699082938197
2023-07-23,sucre,Sucre,Chuquisaca,highland,1.4388126843559924e-05,7.0,-11.1491072162426
2023-07-30,sucre,Sucre,Chuquisaca,highland,1.0045003245621345e-05,7.0,-11.50843523658928
2023-08-06,sucre,Sucre,Chuquisaca,highland,2.2903016143125184e-05,7.0,-10.684241946770213
2023-08-13,sucre,Sucre,Chuquisaca,highland,1.5478006856866406e-05,6.0,-11.076090454108842
2023-08-20,sucre,Sucre,Chuquisaca,highland,2.119706496177251e-05,7.0,-10.761647831070139
2023-08-27,sucre,Sucre,Chuquisaca,highland,1.6879901687497277e-05,7.0,-10.989386893013823
2023-09-03,sucre,Sucre,Chuquisaca,highland,1.8116859315744088e-05,6.0,-10.918667599317983
2023-09-10,sucre,Sucre,Chuquisaca,highland,1.0190184091489366e-05,5.0,-11.49408564499593
2023-09-17,sucre,Sucre,Chuquisaca,highland,1.5967812355229304e-05,7.0,-11.044935589764982
2023-09-24,sucre,Sucre,Chuquisaca,highland,1.768903362572133e-05,7.0,-10.942565679565067
2023-10-01,sucre,Sucre,Chuquisaca,highland,1.9117477733461535e-05,7.0,-10.864907576748912
2023-10-08,sucre,Sucre,Chuquisaca,highland,9.60650110212036e-06,6.0,-11.553070490548137
2023-10-15,sucre,Sucre,Chuquisaca,highland,7.798805348483018e-06,6.0,-11.761539996449883
2023-10-22,sucre,Sucre,Chuquisaca,highland,1.2271392862678205e-05,4.0,-11.30823978794342
2023-10-29,sucre,Sucre,Chuquisaca,highland,1.1349966757865711e-05,6.0,-11.386295742863556
2023-11-05,sucre,Sucre,Chuquisaca,highland,9.10139705687661e-06,6.0,-11.607082633491185
2023-11-12,sucre,Sucre,Chuquisaca,highland,8.420536574326978e-06,6.0,-11.684837005573366
2023-11-19,sucre,Sucre,Chuquisaca,highland,4.623503423464867e-06,6.0,-12.284357823480226
2023-11-26,sucre,Sucre,Chuquisaca,highland,6.033301888389886e-06,4.0,-12.018216120243265
2023-12-03,sucre,Sucre,Chuquisaca,highland,7.976936338309433e-06,6.0,-11.738956137722834
2023-12-10,sucre,Sucre,Chuquisaca,highland,7.364508300768177e-06,5.0,-11.818838271884829
2023-12-17,sucre,Sucre,Chuquisaca,highland,4.112553534998696e-06,6.0,-12.40146642432865
2023-12-24,sucre,Sucre,Chuquisaca,highland,5.514417423831415e-06,7.0,-12.108144545683274
2023-12-31,sucre,Sucre,Chuquisaca,highland,7.556664165648289e-06,5.0,-11.793080713081467
2024-01-07,sucre,Sucre,Chuquisaca,highland,4.540275844546632e-06,7.0,-12.30252278904604
2024-01-14,sucre,Sucre,Chuquisaca,highland,6.041697629338582e-06,7.0,-12.016825521048736
2024-01-21,sucre,Sucre,Chuquisaca,highland,9.478590019090952e-06,6.0,-11.56647498492247
2024-01-28,sucre,Sucre,Chuquisaca,highland,,2.0,
2024-02-04,sucre,Sucre,Chuquisaca,highland,2.0731495041653227e-07,5.0,-15.389026700392046
2024-02-11,sucre,Sucre,Chuquisaca,highland,4.946548572671929e-06,4.0,-12.216820482627195
2024-02-18,sucre,Sucre,Chuquisaca,highland,8.66674566427194e-06,4.0,-11.656017193544143
2024-02-25,sucre,Sucre,Chuquisaca,highland,9.718802402152607e-06,4.0,-11.54144815673794
2024-03-03,sucre,Sucre,Chuquisaca,highland,5.51568278007415e-06,5.0,-12.107915108738025
2024-03-10,sucre,Sucre,Chuquisaca,highland,8.4900882234862e-06,4.0,-11.676611166236093
2024-03-17,sucre,Sucre,Chuquisaca,highland,8.815861146933001e-06,5.0,-11.63895805579878
2024-03-24,sucre,Sucre,Chuquisaca,highland,7.176237936871053e-06,5.0,-11.844735276445451
2024-03-31,sucre,Sucre,Chuquisaca,highland,4.262103228412848e-06,7.0,-12.365747803930565
2024-04-07,sucre,Sucre,Chuquisaca,highland,4.343228845076504e-06,6.0,-12.346892512943143
2024-04-14,sucre,Sucre,Chuquisaca,highland,7.330597975226901e-06,4.0,-11.823453466235282
2024-04-21,sucre,Sucre,Chuquisaca,highland,7.937601286176887e-06,7.0,-11.743899433363648
2024-04-28,sucre,Sucre,Chuquisaca,highland,5.93045633494127e-06,7.0,-12.03540939429969
2024-05-05,sucre,Sucre,Chuquisaca,highland,1.0865735617187735e-05,6.0,-11.429896241330313
2024-05-12,sucre,Sucre,Chuquisaca,highland,1.4885304124768706e-05,7.0,-11.115136132078202
2024-05-19,sucre,Sucre,Chuquisaca,highland,1.0013602996475855e-05,7.0,-11.511566089692025
2024-05-26,sucre,Sucre,Chuquisaca,highland,8.515565895224732e-06,7.0,-11.67361478742904
2024-06-02,sucre,Sucre,Chuquisaca,highland,1.686028186021763e-05,7.0,-10.990549887842425
2024-06-09,sucre,Sucre,Chuquisaca,highland,1.364602174178267e-05,7.0,-11.202062526300827
2024-06-16,sucre,Sucre,Chuquisaca,highland,1.633617734116994e-05,7.0,-11.022128440750622
2024-06-23,sucre,Sucre,Chuquisaca,highland,1.277440473261424e-05,6.0,-11.268067019233005
2024-06-30,sucre,Sucre,Chuquisaca,highland,8.939811890924547e-06,7.0,-11.62499601028383
2024-07-07,sucre,Sucre,Chuquisaca,highland,2.204729022684883e-05,7.0,-10.722320855829688
2024-07-14,sucre,Sucre,Chuquisaca,highland,9.419641048736157e-06,7.0,-11.572713575331733
2024-07-21,sucre,Sucre,Chuquisaca,highland,1.0286226994569078e-05,7.0,-11.48470474255162
2024-07-28,sucre,Sucre,Chuquisaca,highland,1.3091087427755127e-05,7.0,-11.243578908325919
2024-08-04,sucre,Sucre,Chuquisaca,highland,1.0488751332307242e-05,7.0,-11.465207176739641
2024-08-11,sucre,Sucre,Chuquisaca,highland,9.870687670424223e-06,7.0,-11.525941034157245
2024-08-18,sucre,Sucre,Chuquisaca,highland,1.6322321276299876e-05,7.0,-11.022976983475367
2024-08-25,sucre,Sucre,Chuquisaca,highland,1.8644761498932145e-05,7.0,-10.889945336105724
2024-09-01,sucre,Sucre,Chuquisaca,highland,1.578341993093844e-05,7.0,-11.056550540366661
2024-09-08,sucre,Sucre,Chuquisaca,highland,1.7564144517820687e-05,6.0,-10.949650977228698
2024-09-15,sucre,Sucre,Chuquisaca,highland,7.950101446438074e-06,5.0,-11.7423258688212
2024-09-22,sucre,Sucre,Chuquisaca,highland,1.4095726405223354e-05,7.0,-11.169638898349893
2024-09-29,sucre,Sucre,Chuquisaca,highland,1.4783273631557026e-05,7.0,-11.12201417633656
2024-10-06,sucre,Sucre,Chuquisaca,highland,1.844374905555178e-05,6.0,-10.900785049462115
2024-10-13,sucre,Sucre,Chuquisaca,highland,7.716896670861143e-06,6.0,-11.772098260385224
2024-10-20,sucre,Sucre,Chuquisaca,highland,1.5770371226048802e-05,5.0,-11.057377617250612
2024-10-27,sucre,Sucre,Chuquisaca,highland,1.4778512799317264e-05,5.0,-11.122336270015984
2024-11-03,sucre,Sucre,Chuquisaca,highland,9.387378327798528e-06,5.0,-11.576144502044725
2024-11-10,sucre,Sucre,Chuquisaca,highland,8.344078674843285e-06,5.0,-11.693958411398068
2024-11-17,sucre,Sucre,Chuquisaca,highland,6.332784641540937e-06,7.0,-11.969770506765187
2024-11-24,sucre,Sucre,Chuquisaca,highland,7.94489023187521e-06,5.0,-11.74298157407164
2024-12-01,sucre,Sucre,Chuquisaca,highland,1.1445363126237426e-05,5.0,-11.377925877126199
2024-12-08,sucre,Sucre,Chuquisaca,highland,2.877161942340855e-06,5.0,-12.758706186365572
2024-12-15,sucre,Sucre,Chuquisaca,highland,3.6812664342817607e-06,6.0,-12.512253725235459
2024-12-22,sucre,Sucre,Chuquisaca,highland,7.866136750886975e-06,3.0,-11.752943499045138
2024-12-29,sucre,Sucre,Chuquisaca,highland,5.72613647195e-06,4.0,-12.070469517840271
2025-01-05,sucre,Sucre,Chuquisaca,highland,,2.0,
2025-01-12,sucre,Sucre,Chuquisaca,highland,,1.0,
2025-01-19,sucre,Sucre,Chuquisaca,highland,6.676087575322095e-06,4.0,-11.916978434317517
2025-01-26,sucre,Sucre,Chuquisaca,highland,9.600461182099531e-06,4.0,-11.553699420842323
2025-02-02,sucre,Sucre,Chuquisaca,highland,1.3079869164235065e-05,5.0,-11.244436214719572
2025-02-09,sucre,Sucre,Chuquisaca,highland,1.2827376176057856e-05,3.0,-11.26392890718348
2025-02-16,sucre,Sucre,Chuquisaca,highland,1.0273000659892701e-05,5.0,-11.485991399494512
2025-02-23,sucre,Sucre,Chuquisaca,highland,9.606971715528547e-06,6.0,-11.553021502693339
2025-03-02,sucre,Sucre,Chuquisaca,highland,4.584978325526028e-06,7.0,-12.292725179524156
2025-03-09,sucre,Sucre,Chuquisaca,highland,4.041323214674571e-06,4.0,-12.418938391232134
2025-03-16,sucre,Sucre,Chuquisaca,highland,,2.0,
2025-03-23,sucre,Sucre,Chuquisaca,highland,5.9325903988902815e-06,6.0,-12.035049610844407
2025-03-30,sucre,Sucre,Chuquisaca,highland,4.855222387925906e-06,6.0,-12.235455651312085
2025-04-06,sucre,Sucre,Chuquisaca,highland,3.838857982288097e-06,4.0,-12.47033563604273
2025-04-13,sucre,Sucre,Chuquisaca,highland,6.589559905570053e-06,5.0,-11.93002399383921
2025-04-20,sucre,Sucre,Chuquisaca,highland,7.00074152497161e-06,5.0,-11.869494482380572
2025-04-27,sucre,Sucre,Chuquisaca,highland,8.668631819255486e-06,5.0,-11.655799585938796
2025-05-04,sucre,Sucre,Chuquisaca,highland,6.67325834659274e-06,6.0,-11.917402309582757
2025-05-11,sucre,Sucre,Chuquisaca,highland,9.189467862313552e-06,6.0,-11.597452527265176
2025-05-18,sucre,Sucre,Chuquisaca,highland,1.1697796983554517e-05,7.0,-11.356110025893615
2025-05-25,sucre,Sucre,Chuquisaca,highland,9.900348811824729e-06,7.0,-11.522940567926767
2025-06-01,sucre,Sucre,Chuquisaca,highland,1.0648930676400108e-05,6.0,-11.450051076821678
2025-06-08,sucre,Sucre,Chuquisaca,highland,9.32785787970745e-06,7.0,-11.582505164352623
2025-06-15,sucre,Sucre,Chuquisaca,highland,5.257800054785915e-06,6.0,-12.15579785923662
2025-06-22,sucre,Sucre,Chuquisaca,highland,7.770982603265747e-06,7.0,-11.765113940413494
2025-06-29,sucre,Sucre,Chuquisaca,highland,8.125644799224088e-06,7.0,-11.7204854729928
2025-07-06,sucre,Sucre,Chuquisaca,highland,1.4409726733846924e-05,7.0,-11.147607111779642
2025-07-13,sucre,Sucre,Chuquisaca,highland,1.2039483012396734e-05,7.0,-11.327319058175219
2025-07-20,sucre,Sucre,Chuquisaca,highland,1.1999699698499776e-05,7.0,-11.330628933614426
2025-07-27,sucre,Sucre,Chuquisaca,highland,1.7137733430755648e-05,7.0,-10.974227892117948
2025-08-03,sucre,Sucre,Chuquisaca,highland,1.3672182791629073e-05,7.0,-11.200147242460584
2025-08-10,sucre,Sucre,Chuquisaca,highland,1.2961410387365343e-05,7.0,-11.253534046775687
2025-08-17,sucre,Sucre,Chuquisaca,highland,1.4185553813781427e-05,7.0,-11.16328644825329
2025-08-24,sucre,Sucre,Chuquisaca,highland,1.4982482105750891e-05,5.0,-11.108628898958125
2025-08-31,sucre,Sucre,Chuquisaca,highland,1.3319862516315503e-05,6.0,-11.226254214503234
2025-09-07,sucre,Sucre,Chuquisaca,highland,1.2586093396097604e-05,5.0,-11.282918052253217
2025-09-14,sucre,Sucre,Chuquisaca,highland,1.482958515827006e-05,7.0,-11.118886375349987
2025-09-21,sucre,Sucre,Chuquisaca,highland,1.8163055131956992e-05,6.0,-10.916120964802301
2025-09-28,sucre,Sucre,Chuquisaca,highland,7.892915511999793e-06,6.0,-11.749544971463575
2025-10-05,sucre,Sucre,Chuquisaca,highland,1.736541136173115e-05,5.0,-10.96103018291947
2025-10-12,sucre,Sucre,Chuquisaca,highland,1.1346699905147398e-05,3.0,-11.386583613570684
2025-10-19,sucre,Sucre,Chuquisaca,highland,1.3352267978040054e-05,4.0,-11.223824301551497
2025-10-26,sucre,Sucre,Chuquisaca,highland,,2.0,
2025-11-02,sucre,Sucre,Chuquisaca,highland,,0.0,
2025-11-09,sucre,Sucre,Chuquisaca,highland,7.023324081331309e-06,5.0,-11.86627393614065
2025-11-16,sucre,Sucre,Chuquisaca,highland,5.707898034148923e-06,5.0,-12.073659722183221
2025-11-23,sucre,Sucre,Chuquisaca,highland,3.959567991729359e-06,3.0,-12.439375631646595
2025-11-30,sucre,Sucre,Chuquisaca,highland,,2.0,
2025-12-07,sucre,Sucre,Chuquisaca,highland,7.984335579015258e-06,3.0,-11.738028988398622
2025-12-14,sucre,Sucre,Chuquisaca,highland,9.881059944659858e-06,5.0,-11.52489077011062
2025-12-21,sucre,Sucre,Chuquisaca,highland,7.0762864489344115e-06,6.0,-11.858761300726007
2025-12-28,sucre,Sucre,Chuquisaca,highland,7.3023203196633505e-06,5.0,-11.827318408305498
2026-01-04,sucre,Sucre,Chuquisaca,highland,,2.0,
2026-01-11,sucre,Sucre,Chuquisaca,highland,8.698508642186374e-06,5.0,-11.652358967436246
2026-01-18,sucre,Sucre,Chuquisaca,highland,1.0710794694317992e-05,4.0,-11.444258475107247
2026-01-25,sucre,Sucre,Chuquisaca,highland,7.715117380462568e-06,4.0,-11.772328857687759
2026-02-01,sucre,Sucre,Chuquisaca,highland,6.250149723384365e-06,6.0,-11.9829051387614
2026-02-08,sucre,Sucre,Chuquisaca,highland,1.0681958721289353e-05,5.0,-11.44695434037832
2026-02-15,sucre,Sucre,Chuquisaca,highland,1.1107001792329784e-05,5.0,-11.407934856409916
2026-02-22,sucre,Sucre,Chuquisaca,highland,1.1781260514034454e-05,6.0,-11.34900038087845
2026-03-01,sucre,Sucre,Chuquisaca,highland,6.793675940967009e-06,5.0,-11.899518387189923
2026-03-08,sucre,Sucre,Chuquisaca,highland,5.559998741156901e-06,5.0,-12.099912676112439
2026-03-15,sucre,Sucre,Chuquisaca,highland,6.981338525271771e-06,4.0,-11.872269893776455
2026-03-22,sucre,Sucre,Chuquisaca,highland,6.45530003332619e-06,7.0,-11.950609053982706
2026-03-29,sucre,Sucre,Chuquisaca,highland,8.658676633489922e-06,6.0,-11.656948660751898
2026-04-05,sucre,Sucre,Chuquisaca,highland,8.945502552903873e-06,5.0,-11.624359660032429
2026-04-12,sucre,Sucre,Chuquisaca,highland,4.703561540572309e-06,5.0,-12.267190561624611
2026-04-19,sucre,Sucre,Chuquisaca,highland,3.4229421071355518e-06,6.0,-12.585010111461514
2026-04-26,sucre,Sucre,Chuquisaca,highland,6.697086120871367e-06,3.0,-11.913838033499609
2026-05-03,sucre,Sucre,Chuquisaca,highland,7.727659429741966e-06,6.0,-11.77070453167552
2026-05-10,sucre,Sucre,Chuquisaca,highland,1.27372257931811e-05,7.0,-11.270981687169733
2018-07-01,tarija,Tarija,Tarija,lowland,,1.0,
2018-07-08,tarija,Tarija,Tarija,lowland,1.6686222168622887e-05,5.0,-11.000927198900678
2018-07-15,tarija,Tarija,Tarija,lowland,1.3499257037219167e-05,6.0,-11.212875908314393
2018-07-22,tarija,Tarija,Tarija,lowland,1.3191806277707378e-05,6.0,-11.235914657645957
2018-07-29,tarija,Tarija,Tarija,lowland,1.3857799864851478e-05,7.0,-11.186662316712736
2018-08-05,tarija,Tarija,Tarija,lowland,1.211218631809127e-05,5.0,-11.321298478453938
2018-08-12,tarija,Tarija,Tarija,lowland,1.886986702520733e-05,6.0,-10.877944245497499
2018-08-19,tarija,Tarija,Tarija,lowland,2.0393826273808552e-05,4.0,-10.80027833655374
2018-08-26,tarija,Tarija,Tarija,lowland,1.4847454891726553e-05,5.0,-11.117682095166648
2018-09-02,tarija,Tarija,Tarija,lowland,1.920495649217215e-05,7.0,-10.860342161611714
2018-09-09,tarija,Tarija,Tarija,lowland,1.3882689539709221e-05,7.0,-11.184867850784345
2018-09-16,tarija,Tarija,Tarija,lowland,1.5733014743536626e-05,5.0,-11.05974920359738
2018-09-23,tarija,Tarija,Tarija,lowland,1.780957039644609e-05,6.0,-10.935774582433357
2018-09-30,tarija,Tarija,Tarija,lowland,2.1938890593681676e-05,5.0,-10.727249669861406
2018-10-07,tarija,Tarija,Tarija,lowland,1.6572848197519667e-05,3.0,-11.007744852490735
2018-10-14,tarija,Tarija,Tarija,lowland,2.419041342570733e-05,3.0,-10.629554142719169
2018-10-21,tarija,Tarija,Tarija,lowland,,2.0,
2018-10-28,tarija,Tarija,Tarija,lowland,,0.0,
2018-11-04,tarija,Tarija,Tarija,lowland,1.7190155259764145e-05,3.0,-10.97117370662868
2018-11-11,tarija,Tarija,Tarija,lowland,1.3415025809213403e-05,4.0,-11.219135150181463
2018-11-18,tarija,Tarija,Tarija,lowland,1.091210030939161e-05,3.0,-11.425638264329208
2018-11-25,tarija,Tarija,Tarija,lowland,,2.0,
2018-12-02,tarija,Tarija,Tarija,lowland,,2.0,
2018-12-09,tarija,Tarija,Tarija,lowland,7.911937689369085e-06,5.0,-11.747137839133787
2018-12-16,tarija,Tarija,Tarija,lowland,8.525282073268003e-06,4.0,-11.672474447568709
2018-12-23,tarija,Tarija,Tarija,lowland,,2.0,
2018-12-30,tarija,Tarija,Tarija,lowland,6.331440545639856e-06,6.0,-11.969982773348615
2019-01-06,tarija,Tarija,Tarija,lowland,1.1803622555731737e-05,5.0,-11.347104077357908
2019-01-13,tarija,Tarija,Tarija,lowland,,2.0,
2019-01-20,tarija,Tarija,Tarija,lowland,,2.0,
2019-01-27,tarija,Tarija,Tarija,lowland,1.615283991996092e-05,4.0,-11.033414677317571
2019-02-03,tarija,Tarija,Tarija,lowland,,2.0,
2019-02-10,tarija,Tarija,Tarija,lowland,6.33674999950825e-06,4.0,-11.96914453932295
2019-02-17,tarija,Tarija,Tarija,lowland,5.369993162808241e-06,5.0,-12.134683922664378
2019-02-24,tarija,Tarija,Tarija,lowland,8.644327732438785e-06,6.0,-11.658607205596121
2019-03-03,tarija,Tarija,Tarija,lowland,7.942331194127178e-06,3.0,-11.743303724522187
2019-03-10,tarija,Tarija,Tarija,lowland,1.1696029937278498e-05,3.0,-11.356261095343292
2019-03-17,tarija,Tarija,Tarija,lowland,1.40706961420567e-05,3.0,-11.17141621101454
2019-03-24,tarija,Tarija,Tarija,lowland,1.0004590810686108e-05,4.0,-11.51246648924709
2019-03-31,tarija,Tarija,Tarija,lowland,5.733692453668814e-06,4.0,-12.069150827506792
2019-04-07,tarija,Tarija,Tarija,lowland,1.017882663737707e-05,5.0,-11.495200815039336
2019-04-14,tarija,Tarija,Tarija,lowland,1.0082512676091222e-05,5.0,-11.50470805296276
2019-04-21,tarija,Tarija,Tarija,lowland,1.0994899424581968e-05,6.0,-11.418079081377106
2019-04-28,tarija,Tarija,Tarija,lowland,9.437010628678677e-06,7.0,-11.570871298648434
2019-05-05,tarija,Tarija,Tarija,lowland,1.2757912166732764e-05,6.0,-11.269358916732187
2019-05-12,tarija,Tarija,Tarija,lowland,1.3035672982727154e-05,5.0,-11.247820883010334
2019-05-19,tarija,Tarija,Tarija,lowland,8.280965618888216e-06,6.0,-11.70155097572809
2019-05-26,tarija,Tarija,Tarija,lowland,1.3719846151039826e-05,7.0,-11.19666714921047
2019-06-02,tarija,Tarija,Tarija,lowland,1.3462078978417614e-05,7.0,-11.215633789625942
2019-06-09,tarija,Tarija,Tarija,lowland,1.6331057360773758e-05,7.0,-11.022441903489959
2019-06-16,tarija,Tarija,Tarija,lowland,1.2382753114362147e-05,5.0,-11.299205931395774
2019-06-23,tarija,Tarija,Tarija,lowland,1.469067743777054e-05,7.0,-11.128297453268562
2019-06-30,tarija,Tarija,Tarija,lowland,1.2897198665684713e-05,7.0,-11.258500427877655
2019-07-07,tarija,Tarija,Tarija,lowland,1.417796938187197e-05,5.0,-11.163821250085764
2019-07-14,tarija,Tarija,Tarija,lowland,1.9267384014809247e-05,7.0,-10.857096839044612
2019-07-21,tarija,Tarija,Tarija,lowland,1.5093099487107635e-05,7.0,-11.101272906202821
2019-07-28,tarija,Tarija,Tarija,lowland,2.0519156548264076e-05,5.0,-10.79415164239226
2019-08-04,tarija,Tarija,Tarija,lowland,1.5762266720538446e-05,5.0,-11.057891656431384
2019-08-11,tarija,Tarija,Tarija,lowland,1.952560529213664e-05,6.0,-10.843783861841365
2019-08-18,tarija,Tarija,Tarija,lowland,1.9432202536658814e-05,6.0,-10.848578943477078
2019-08-25,tarija,Tarija,Tarija,lowland,1.6035396264818815e-05,7.0,-11.040712012631905
2019-09-01,tarija,Tarija,Tarija,lowland,2.350038282898123e-05,6.0,-10.658493846351906
2019-09-08,tarija,Tarija,Tarija,lowland,1.3148631434516512e-05,5.0,-11.239192878177313
2019-09-15,tarija,Tarija,Tarija,lowland,1.8935873557772225e-05,7.0,-10.874452363121092
2019-09-22,tarija,Tarija,Tarija,lowland,1.8115736845607074e-05,6.0,-10.918729558451817
2019-09-29,tarija,Tarija,Tarija,lowland,1.8475296353559496e-05,6.0,-10.899076050470596
2019-10-06,tarija,Tarija,Tarija,lowland,1.8762490069172246e-05,3.0,-10.88365089029612
2019-10-13,tarija,Tarija,Tarija,lowland,9.059572750262168e-06,6.0,-11.611688596829058
2019-10-20,tarija,Tarija,Tarija,lowland,,2.0,
2019-10-27,tarija,Tarija,Tarija,lowland,9.87847289912453e-06,7.0,-11.525152623016815
2019-11-03,tarija,Tarija,Tarija,lowland,8.492887476317386e-06,6.0,-11.676281512245412
2019-11-10,tarija,Tarija,Tarija,lowland,1.0577017360897503e-05,4.0,-11.456827084237696
2019-11-17,tarija,Tarija,Tarija,lowland,9.69218522168196e-06,7.0,-11.544190644412376
2019-11-24,tarija,Tarija,Tarija,lowland,5.900819183743116e-06,3.0,-12.040419371988412
2019-12-01,tarija,Tarija,Tarija,lowland,7.362444209241745e-06,3.0,-11.819118586707402
2019-12-08,tarija,Tarija,Tarija,lowland,,1.0,
2019-12-15,tarija,Tarija,Tarija,lowland,8.527007129814039e-06,5.0,-11.672272122059052
2019-12-22,tarija,Tarija,Tarija,lowland,,1.0,
2019-12-29,tarija,Tarija,Tarija,lowland,6.869489581510607e-06,5.0,-11.888420751213502
2020-01-05,tarija,Tarija,Tarija,lowland,9.06681443353909e-06,4.0,-11.610889575646429
2020-01-12,tarija,Tarija,Tarija,lowland,9.954128734424472e-06,4.0,-11.517523144677599
2020-01-19,tarija,Tarija,Tarija,lowland,1.5989052538609018e-05,3.0,-11.043606286244254
2020-01-26,tarija,Tarija,Tarija,lowland,9.124208122041019e-06,6.0,-11.60457944340761
2020-02-02,tarija,Tarija,Tarija,lowland,,2.0,
2020-02-09,tarija,Tarija,Tarija,lowland,1.3342593553901205e-05,4.0,-11.224549117040862
2020-02-16,tarija,Tarija,Tarija,lowland,1.151860893812242e-05,3.0,-11.371546661886722
2020-02-23,tarija,Tarija,Tarija,lowland,1.5598324359824673e-05,3.0,-11.068347062309705
2020-03-01,tarija,Tarija,Tarija,lowland,9.57141982459794e-06,3.0,-11.556729001477015
2020-03-08,tarija,Tarija,Tarija,lowland,9.950751719626094e-06,5.0,-11.517862459936342
2020-03-15,tarija,Tarija,Tarija,lowland,,2.0,
2020-03-22,tarija,Tarija,Tarija,lowland,7.623427414352556e-06,3.0,-11.784284497481993
2020-03-29,tarija,Tarija,Tarija,lowland,1.114762076378005e-05,5.0,-11.404284467242185
2020-04-05,tarija,Tarija,Tarija,lowland,8.427227650676622e-06,4.0,-11.68404270710004
2020-04-12,tarija,Tarija,Tarija,lowland,8.712239438123619e-06,4.0,-11.650781688996453
2020-04-19,tarija,Tarija,Tarija,lowland,6.930341187605604e-06,4.0,-11.879601512553664
2020-04-26,tarija,Tarija,Tarija,lowland,6.890360874753986e-06,5.0,-11.885387097713219
2020-05-03,tarija,Tarija,Tarija,lowland,9.473951060361511e-06,4.0,-11.566964519154597
2020-05-10,tarija,Tarija,Tarija,lowland,4.656637001422722e-06,5.0,-12.277217043872842
2020-05-17,tarija,Tarija,Tarija,lowland,6.809112089464446e-06,6.0,-11.897248829642054
2020-05-24,tarija,Tarija,Tarija,lowland,4.835772123687e-06,7.0,-12.23946974714763
2020-05-31,tarija,Tarija,Tarija,lowland,8.053847370259532e-06,7.0,-11.729360646514241
2020-06-07,tarija,Tarija,Tarija,lowland,6.2098881786202896e-06,6.0,-11.989367668844409
2020-06-14,tarija,Tarija,Tarija,lowland,8.21263061368223e-06,5.0,-11.709837270026473
2020-06-21,tarija,Tarija,Tarija,lowland,9.203620853758813e-06,7.0,-11.595913580277314
2020-06-28,tarija,Tarija,Tarija,lowland,6.721644433226857e-06,7.0,-11.910177726039745
2020-07-05,tarija,Tarija,Tarija,lowland,5.7992398053065384e-06,7.0,-12.057783717052665
2020-07-12,tarija,Tarija,Tarija,lowland,9.963466820040635e-06,7.0,-11.516585472630306
2020-07-19,tarija,Tarija,Tarija,lowland,9.185811407962487e-06,6.0,-11.597850502647812
2020-07-26,tarija,Tarija,Tarija,lowland,9.702376125748512e-06,6.0,-11.543139741035715
2020-08-02,tarija,Tarija,Tarija,lowland,1.3442797439603343e-05,7.0,-11.217067101700353
2020-08-09,tarija,Tarija,Tarija,lowland,1.6322277451516762e-05,7.0,-11.022979668439179
2020-08-16,tarija,Tarija,Tarija,lowland,1.5359547376259617e-05,6.0,-11.08377329837036
2020-08-23,tarija,Tarija,Tarija,lowland,9.79983967432882e-06,5.0,-11.533144532183936
2020-08-30,tarija,Tarija,Tarija,lowland,2.2048661526425984e-05,7.0,-10.722258659663233
2020-09-06,tarija,Tarija,Tarija,lowland,1.4485370630437114e-05,6.0,-11.142371339881
2020-09-13,tarija,Tarija,Tarija,lowland,1.571521824532777e-05,6.0,-11.060881000103397
2020-09-20,tarija,Tarija,Tarija,lowland,1.4959242381583927e-05,5.0,-11.11018122964259
2020-09-27,tarija,Tarija,Tarija,lowland,2.066308120175039e-05,6.0,-10.787161966876349
2020-10-04,tarija,Tarija,Tarija,lowland,1.866694881013611e-05,6.0,-10.888756041182742
2020-10-11,tarija,Tarija,Tarija,lowland,1.3827507892569066e-05,7.0,-11.188850624289886
2020-10-18,tarija,Tarija,Tarija,lowland,1.6060856772073222e-05,5.0,-11.039125502669792
2020-10-25,tarija,Tarija,Tarija,lowland,5.544823453250153e-06,4.0,-12.102645776577711
2020-11-01,tarija,Tarija,Tarija,lowland,1.5188603953437408e-05,3.0,-11.094965151212998
2020-11-08,tarija,Tarija,Tarija,lowland,1.2375207207887019e-05,6.0,-11.299815505578023
2020-11-15,tarija,Tarija,Tarija,lowland,,1.0,
2020-11-22,tarija,Tarija,Tarija,lowland,7.458874135109432e-06,3.0,-11.806106075364825
2020-11-29,tarija,Tarija,Tarija,lowland,2.739818240315591e-06,5.0,-12.807618975415846
2020-12-06,tarija,Tarija,Tarija,lowland,,1.0,
2020-12-13,tarija,Tarija,Tarija,lowland,1.0338138097642547e-05,6.0,-11.47967077302442
2020-12-20,tarija,Tarija,Tarija,lowland,1.0295473921283364e-05,4.0,-11.483806184422313
2020-12-27,tarija,Tarija,Tarija,lowland,1.0361468393549869e-05,3.0,-11.477416594347515
2021-01-03,tarija,Tarija,Tarija,lowland,1.2716142720109893e-05,6.0,-11.272638291314824
2021-01-10,tarija,Tarija,Tarija,lowland,8.560263073617477e-06,4.0,-11.668379635383632
2021-01-17,tarija,Tarija,Tarija,lowland,1.3083943999159517e-05,3.0,-11.24412472839822
2021-01-24,tarija,Tarija,Tarija,lowland,,2.0,
2021-01-31,tarija,Tarija,Tarija,lowland,6.154814559209376e-06,6.0,-11.998275927261115
2021-02-07,tarija,Tarija,Tarija,lowland,,2.0,
2021-02-14,tarija,Tarija,Tarija,lowland,,1.0,
2021-02-21,tarija,Tarija,Tarija,lowland,,2.0,
2021-02-28,tarija,Tarija,Tarija,lowland,9.64107261570874e-06,7.0,-11.549478188341851
2021-03-07,tarija,Tarija,Tarija,lowland,1.1273695076625226e-05,5.0,-11.393038415271223
2021-03-14,tarija,Tarija,Tarija,lowland,3.7933569947926153e-06,6.0,-12.482259180310608
2021-03-21,tarija,Tarija,Tarija,lowland,6.177189732039131e-06,3.0,-11.994647125834405
2021-03-28,tarija,Tarija,Tarija,lowland,6.768938217259845e-06,3.0,-11.90316631978632
2021-04-04,tarija,Tarija,Tarija,lowland,,0.0,
2021-04-11,tarija,Tarija,Tarija,lowland,,2.0,
2021-04-18,tarija,Tarija,Tarija,lowland,,2.0,
2021-04-25,tarija,Tarija,Tarija,lowland,1.1408847476045337e-05,4.0,-11.381121409179405
2021-05-02,tarija,Tarija,Tarija,lowland,7.846622619024386e-06,7.0,-11.755427358364303
2021-05-09,tarija,Tarija,Tarija,lowland,1.4592466283120099e-05,4.0,-11.135005170433402
2021-05-16,tarija,Tarija,Tarija,lowland,1.6653725991184715e-05,5.0,-11.002876583319221
2021-05-23,tarija,Tarija,Tarija,lowland,1.1117212610309665e-05,7.0,-11.407015965103943
2021-05-30,tarija,Tarija,Tarija,lowland,1.0796014124273206e-05,5.0,-11.436333554521745
2021-06-06,tarija,Tarija,Tarija,lowland,9.35336776914625e-06,7.0,-11.579774090302738
2021-06-13,tarija,Tarija,Tarija,lowland,1.1160954605784113e-05,7.0,-11.403089066516591
2021-06-20,tarija,Tarija,Tarija,lowland,1.1015340504337187e-05,7.0,-11.416221665401812
2021-06-27,tarija,Tarija,Tarija,lowland,1.1784227762885764e-05,5.0,-11.348748550843602
2021-07-04,tarija,Tarija,Tarija,lowland,1.6514816805691902e-05,6.0,-11.011252591784201
2021-07-11,tarija,Tarija,Tarija,lowland,1.2543159078964904e-05,7.0,-11.286335134313418
2021-07-18,tarija,Tarija,Tarija,lowland,1.486624177607578e-05,6.0,-11.116417568099372
2021-07-25,tarija,Tarija,Tarija,lowland,1.3404334696330818e-05,7.0,-11.219932418516528
2021-08-01,tarija,Tarija,Tarija,lowland,1.043475417571296e-05,5.0,-11.470368575382652
2021-08-08,tarija,Tarija,Tarija,lowland,1.2514867959587311e-05,7.0,-11.288593183708523
2021-08-15,tarija,Tarija,Tarija,lowland,1.1474401370557068e-05,6.0,-11.375391971521646
2021-08-22,tarija,Tarija,Tarija,lowland,2.1339923148732096e-05,7.0,-10.754930913374935
2021-08-29,tarija,Tarija,Tarija,lowland,1.3831295652052872e-05,7.0,-11.188576732507013
2021-09-05,tarija,Tarija,Tarija,lowland,1.8221410228954048e-05,7.0,-10.912913269075329
2021-09-12,tarija,Tarija,Tarija,lowland,1.5368359535100923e-05,6.0,-11.083199737723467
2021-09-19,tarija,Tarija,Tarija,lowland,1.7550261751508133e-05,6.0,-10.950441693547774
2021-09-26,tarija,Tarija,Tarija,lowland,1.6873963165405026e-05,4.0,-10.989738765143393
2021-10-03,tarija,Tarija,Tarija,lowland,2.2507049453359566e-05,5.0,-10.701681988786724
2021-10-10,tarija,Tarija,Tarija,lowland,9.186776364234656e-06,4.0,-11.597745459603793
2021-10-17,tarija,Tarija,Tarija,lowland,8.138960170038366e-06,4.0,-11.718848129348217
2021-10-24,tarija,Tarija,Tarija,lowland,4.806940764226558e-06,5.0,-12.245449691943739
2021-10-31,tarija,Tarija,Tarija,lowland,9.5723343257007e-06,6.0,-11.5566334610625
2021-11-07,tarija,Tarija,Tarija,lowland,7.308417908408558e-06,3.0,-11.826483736024874
2021-11-14,tarija,Tarija,Tarija,lowland,,2.0,
2021-11-21,tarija,Tarija,Tarija,lowland,3.223356229279068e-06,3.0,-12.645087434003452
2021-11-28,tarija,Tarija,Tarija,lowland,1.3660189642930745e-05,4.0,-11.201024820833757
2021-12-05,tarija,Tarija,Tarija,lowland,,2.0,
2021-12-12,tarija,Tarija,Tarija,lowland,9.287127330127857e-06,3.0,-11.586881274687471
2021-12-19,tarija,Tarija,Tarija,lowland,6.458009897486071e-06,4.0,-11.950189353036292
2021-12-26,tarija,Tarija,Tarija,lowland,,2.0,
2022-01-02,tarija,Tarija,Tarija,lowland,7.699771428946788e-06,6.0,-11.774319914097596
2022-01-09,tarija,Tarija,Tarija,lowland,,2.0,
2022-01-16,tarija,Tarija,Tarija,lowland,8.182059470791536e-06,5.0,-11.713566669992705
2022-01-23,tarija,Tarija,Tarija,lowland,,2.0,
2022-01-30,tarija,Tarija,Tarija,lowland,,2.0,
2022-02-06,tarija,Tarija,Tarija,lowland,,1.0,
2022-02-13,tarija,Tarija,Tarija,lowland,6.812536234465728e-06,3.0,-11.8967460791684
2022-02-20,tarija,Tarija,Tarija,lowland,6.414042963265654e-06,5.0,-11.957020758358144
2022-02-27,tarija,Tarija,Tarija,lowland,6.301360830086965e-06,5.0,-11.97474494311675
2022-03-06,tarija,Tarija,Tarija,lowland,5.664582242943142e-06,6.0,-12.081277409726326
2022-03-13,tarija,Tarija,Tarija,lowland,7.217514202821614e-06,3.0,-11.838999957580068
2022-03-20,tarija,Tarija,Tarija,lowland,5.584788358722858e-06,5.0,-12.095464020749695
2022-03-27,tarija,Tarija,Tarija,lowland,9.097454916085314e-06,6.0,-11.607515863110153
2022-04-03,tarija,Tarija,Tarija,lowland,1.1577912416584996e-05,4.0,-11.366411376977203
2022-04-10,tarija,Tarija,Tarija,lowland,1.249796627693812e-05,5.0,-11.2899446247377
2022-04-17,tarija,Tarija,Tarija,lowland,6.664661562709865e-06,5.0,-11.918691383910955
2022-04-24,tarija,Tarija,Tarija,lowland,9.410632188433814e-06,7.0,-11.573670424005803
2022-05-01,tarija,Tarija,Tarija,lowland,1.2132497900934754e-05,5.0,-11.31962292867882
2022-05-08,tarija,Tarija,Tarija,lowland,1.2385009833730783e-05,6.0,-11.299023701019973
2022-05-15,tarija,Tarija,Tarija,lowland,1.0177194973994641e-05,6.0,-11.4953611276404
2022-05-22,tarija,Tarija,Tarija,lowland,1.0921351934343494e-05,4.0,-11.424790791799229
2022-05-29,tarija,Tarija,Tarija,lowland,1.176875006549172e-05,7.0,-11.350062838976065
2022-06-05,tarija,Tarija,Tarija,lowland,8.777938245717907e-06,5.0,-11.643269001842834
2022-06-12,tarija,Tarija,Tarija,lowland,1.0437190323969877e-05,7.0,-11.470135137787222
2022-06-19,tarija,Tarija,Tarija,lowland,1.6523856323915163e-05,7.0,-11.010705383461799
2022-06-26,tarija,Tarija,Tarija,lowland,1.346981018908503e-05,7.0,-11.215059659023243
2022-07-03,tarija,Tarija,Tarija,lowland,1.7275053598906238e-05,7.0,-10.96624708562903
2022-07-10,tarija,Tarija,Tarija,lowland,1.5994988291929657e-05,5.0,-11.043235116546201
2022-07-17,tarija,Tarija,Tarija,lowland,1.049678203672649e-05,6.0,-11.464441820465865
2022-07-24,tarija,Tarija,Tarija,lowland,1.8259601452427405e-05,7.0,-10.910819509299207
2022-07-31,tarija,Tarija,Tarija,lowland,1.533647002686907e-05,7.0,-11.085276904094536
2022-08-07,tarija,Tarija,Tarija,lowland,1.270583725205284e-05,7.0,-11.273449043949578
2022-08-14,tarija,Tarija,Tarija,lowland,1.613340368882592e-05,7.0,-11.034618672041667
2022-08-21,tarija,Tarija,Tarija,lowland,1.4021927044809445e-05,7.0,-11.174888236102072
2022-08-28,tarija,Tarija,Tarija,lowland,2.164409841935082e-05,6.0,-10.740777731005489
2022-09-04,tarija,Tarija,Tarija,lowland,2.6794136818621633e-05,4.0,-10.527327469806863
2022-09-11,tarija,Tarija,Tarija,lowland,1.772566661500905e-05,7.0,-10.940496877508053
2022-09-18,tarija,Tarija,Tarija,lowland,1.298990302590936e-05,7.0,-11.251338192597595
2022-09-25,tarija,Tarija,Tarija,lowland,1.3890176072030868e-05,6.0,-11.184328725106235
2022-10-02,tarija,Tarija,Tarija,lowland,9.796233471288662e-06,4.0,-11.53351258582959
2022-10-09,tarija,Tarija,Tarija,lowland,1.4818297542732627e-05,6.0,-11.119647820354114
2022-10-16,tarija,Tarija,Tarija,lowland,1.0685083448373273e-05,5.0,-11.446661859361866
2022-10-23,tarija,Tarija,Tarija,lowland,1.2623597445691107e-05,6.0,-11.279942682384785
2022-10-30,tarija,Tarija,Tarija,lowland,1.7149508334942138e-05,5.0,-10.973541053279769
2022-11-06,tarija,Tarija,Tarija,lowland,1.32228858102418e-05,6.0,-11.233561456119094
2022-11-13,tarija,Tarija,Tarija,lowland,9.886209129492008e-06,5.0,-11.524369789197243
2022-11-20,tarija,Tarija,Tarija,lowland,1.1430221072719639e-05,4.0,-11.379249738899311
2022-11-27,tarija,Tarija,Tarija,lowland,1.1857764958412364e-05,5.0,-11.342527634227174
2022-12-04,tarija,Tarija,Tarija,lowland,5.956586707747261e-06,3.0,-12.03101294098473
2022-12-11,tarija,Tarija,Tarija,lowland,,2.0,
2022-12-18,tarija,Tarija,Tarija,lowland,6.4051668641606146e-06,3.0,-11.958405570783091
2022-12-25,tarija,Tarija,Tarija,lowland,4.027661831216041e-06,3.0,-12.422324541146725
2023-01-01,tarija,Tarija,Tarija,lowland,1.1729847358031805e-05,4.0,-11.353373908339075
2023-01-08,tarija,Tarija,Tarija,lowland,1.093813152343006e-05,3.0,-11.423255568662356
2023-01-15,tarija,Tarija,Tarija,lowland,5.5959805336101355e-06,5.0,-12.09346197979287
2023-01-22,tarija,Tarija,Tarija,lowland,8.336645030187525e-06,7.0,-11.694849697085585
2023-01-29,tarija,Tarija,Tarija,lowland,1.2348904077785696e-05,4.0,-11.301943237468628
2023-02-05,tarija,Tarija,Tarija,lowland,,2.0,
2023-02-12,tarija,Tarija,Tarija,lowland,1.001038010738708e-05,6.0,-11.51188799259215
2023-02-19,tarija,Tarija,Tarija,lowland,3.6610015524404507e-06,4.0,-12.517773799778068
2023-02-26,tarija,Tarija,Tarija,lowland,6.230754027122054e-06,3.0,-11.986013200847871
2023-03-05,tarija,Tarija,Tarija,lowland,7.809264587479014e-06,4.0,-11.760199761481113
2023-03-12,tarija,Tarija,Tarija,lowland,7.809994471871035e-06,5.0,-11.760106301939942
2023-03-19,tarija,Tarija,Tarija,lowland,4.771379372778388e-06,7.0,-12.252875118184443
2023-03-26,tarija,Tarija,Tarija,lowland,-1.0027361100987027e-06,3.0,
2023-04-02,tarija,Tarija,Tarija,lowland,5.5055772927773565e-06,7.0,-12.109748926298261
2023-04-09,tarija,Tarija,Tarija,lowland,3.852639582700241e-06,4.0,-12.466752038688767
2023-04-16,tarija,Tarija,Tarija,lowland,9.88376585048625e-06,6.0,-11.524616959871022
2023-04-23,tarija,Tarija,Tarija,lowland,1.1024039974433741e-05,5.0,-11.415432217571666
2023-04-30,tarija,Tarija,Tarija,lowland,9.439226331955079e-06,7.0,-11.57063653752616
2023-05-07,tarija,Tarija,Tarija,lowland,1.4440569653733073e-05,5.0,-11.145468975573207
2023-05-14,tarija,Tarija,Tarija,lowland,6.775920752197403e-06,6.0,-11.902135296049293
2023-05-21,tarija,Tarija,Tarija,lowland,1.1783455095400554e-05,6.0,-11.348814120928717
2023-05-28,tarija,Tarija,Tarija,lowland,1.0967794176461665e-05,6.0,-11.420547381702582
2023-06-04,tarija,Tarija,Tarija,lowland,1.1549882891767563e-05,4.0,-11.368835260288778
2023-06-11,tarija,Tarija,Tarija,lowland,1.5862267901955585e-05,7.0,-11.051567356901227
2023-06-18,tarija,Tarija,Tarija,lowland,1.1911415652056688e-05,5.0,-11.338013319187375
2023-06-25,tarija,Tarija,Tarija,lowland,1.7362814455792563e-05,7.0,-10.961179738843063
2023-07-02,tarija,Tarija,Tarija,lowland,1.645653153937432e-05,7.0,-11.014788105492691
2023-07-09,tarija,Tarija,Tarija,lowland,1.686550876485124e-05,7.0,-10.990239923000766
2023-07-16,tarija,Tarija,Tarija,lowland,1.7829704871564543e-05,7.0,-10.934644678578177
2023-07-23,tarija,Tarija,Tarija,lowland,1.9138665606795428e-05,7.0,-10.863799891883145
2023-07-30,tarija,Tarija,Tarija,lowland,1.237036233425291e-05,7.0,-11.300207080618376
2023-08-06,tarija,Tarija,Tarija,lowland,1.8644121251026146e-05,7.0,-10.88997967598715
2023-08-13,tarija,Tarija,Tarija,lowland,1.2967214725812992e-05,6.0,-11.253086330128989
2023-08-20,tarija,Tarija,Tarija,lowland,1.7508569293645498e-05,7.0,-10.952820122963358
2023-08-27,tarija,Tarija,Tarija,lowland,1.3311948501842224e-05,7.0,-11.22684854244442
2023-09-03,tarija,Tarija,Tarija,lowland,1.5221601371279025e-05,7.0,-11.092794996132518
2023-09-10,tarija,Tarija,Tarija,lowland,1.8275723414780736e-05,7.0,-10.909936968171772
2023-09-17,tarija,Tarija,Tarija,lowland,1.4776968416055674e-05,7.0,-11.122440777416946
2023-09-24,tarija,Tarija,Tarija,lowland,1.720015336637914e-05,7.0,-10.970592257534669
2023-10-01,tarija,Tarija,Tarija,lowland,2.0541612973752593e-05,5.0,-10.793057828126775
2023-10-08,tarija,Tarija,Tarija,lowland,1.6673492184539677e-05,6.0,-11.001690393966818
2023-10-15,tarija,Tarija,Tarija,lowland,1.2303398477196717e-05,6.0,-11.305635034790347
2023-10-22,tarija,Tarija,Tarija,lowland,2.5545148603656653e-05,5.0,-10.575063137869929
2023-10-29,tarija,Tarija,Tarija,lowland,1.3383911659254978e-05,7.0,-11.22145719477561
2023-11-05,tarija,Tarija,Tarija,lowland,1.3433110397876057e-05,7.0,-11.217787973509065
2023-11-12,tarija,Tarija,Tarija,lowland,9.292631985061116e-06,3.0,-11.586288731479463
2023-11-19,tarija,Tarija,Tarija,lowland,6.175549041574119e-06,6.0,-11.994912765787573
2023-11-26,tarija,Tarija,Tarija,lowland,,2.0,
2023-12-03,tarija,Tarija,Tarija,lowland,8.142053145727361e-06,4.0,-11.718468180549428
2023-12-10,tarija,Tarija,Tarija,lowland,6.820052914954245e-06,3.0,-11.895643327348058
2023-12-17,tarija,Tarija,Tarija,lowland,5.016614273922276e-06,3.0,-12.202755299228459
2023-12-24,tarija,Tarija,Tarija,lowland,,2.0,
2023-12-31,tarija,Tarija,Tarija,lowland,7.104750167805983e-06,4.0,-11.854746959903814
2024-01-07,tarija,Tarija,Tarija,lowland,6.8056632007939615e-06,4.0,-11.897755468741227
2024-01-14,tarija,Tarija,Tarija,lowland,7.444526359303998e-06,6.0,-11.808031512481469
2024-01-21,tarija,Tarija,Tarija,lowland,8.168213513419171e-06,6.0,-11.715260337211046
2024-01-28,tarija,Tarija,Tarija,lowland,5.381628908030038e-06,4.0,-12.132519458607172
2024-02-04,tarija,Tarija,Tarija,lowland,5.557059398161227e-06,7.0,-12.100441474833707
2024-02-11,tarija,Tarija,Tarija,lowland,7.756601869037566e-06,4.0,-11.766966223151414
2024-02-18,tarija,Tarija,Tarija,lowland,1.5985822540152644e-06,5.0,-13.346393412769903
2024-02-25,tarija,Tarija,Tarija,lowland,8.761043838550758e-06,6.0,-11.645195500463009
2024-03-03,tarija,Tarija,Tarija,lowland,7.164427404411806e-06,4.0,-11.846382415521415
2024-03-10,tarija,Tarija,Tarija,lowland,4.389588196087016e-06,3.0,-12.336275140268725
2024-03-17,tarija,Tarija,Tarija,lowland,1.389398316506453e-05,6.0,-11.184054677363779
2024-03-24,tarija,Tarija,Tarija,lowland,6.102499510527626e-06,6.0,-12.006812114887799
2024-03-31,tarija,Tarija,Tarija,lowland,6.130196327594477e-06,7.0,-12.002283781188973
2024-04-07,tarija,Tarija,Tarija,lowland,1.0240636235634695e-05,5.0,-11.489146807896848
2024-04-14,tarija,Tarija,Tarija,lowland,1.2145613395295253e-05,4.0,-11.318542490791678
2024-04-21,tarija,Tarija,Tarija,lowland,7.944858294284751e-06,7.0,-11.742985593970433
2024-04-28,tarija,Tarija,Tarija,lowland,1.498823659921641e-05,7.0,-11.108244891247608
2024-05-05,tarija,Tarija,Tarija,lowland,1.5108828820820008e-05,7.0,-11.100231294887536
2024-05-12,tarija,Tarija,Tarija,lowland,1.374182765553836e-05,7.0,-11.195066262873537
2024-05-19,tarija,Tarija,Tarija,lowland,8.628327141741801e-06,4.0,-11.660459913867133
2024-05-26,tarija,Tarija,Tarija,lowland,1.7671770601282835e-05,7.0,-10.943542072844991
2024-06-02,tarija,Tarija,Tarija,lowland,1.3541176957370486e-05,7.0,-11.20977536978441
2024-06-09,tarija,Tarija,Tarija,lowland,1.357717993360366e-05,7.0,-11.207120120609048
2024-06-16,tarija,Tarija,Tarija,lowland,1.9080168802050632e-05,7.0,-10.866861044915625
2024-06-23,tarija,Tarija,Tarija,lowland,1.803773137015654e-05,7.0,-10.923044806772246
2024-06-30,tarija,Tarija,Tarija,lowland,1.5559414295737417e-05,7.0,-11.070844681584614
2024-07-07,tarija,Tarija,Tarija,lowland,1.9222215316784998e-05,5.0,-10.859443900045179
2024-07-14,tarija,Tarija,Tarija,lowland,1.3343135878285219e-05,7.0,-11.22450847176748
2024-07-21,tarija,Tarija,Tarija,lowland,1.8908495067432195e-05,7.0,-10.875899262414755
2024-07-28,tarija,Tarija,Tarija,lowland,1.2246794180820153e-05,7.0,-11.31024635474772
2024-08-04,tarija,Tarija,Tarija,lowland,2.1897830807213452e-05,6.0,-10.729122975946513
2024-08-11,tarija,Tarija,Tarija,lowland,1.0894235138572045e-05,6.0,-11.427276795008442
2024-08-18,tarija,Tarija,Tarija,lowland,1.7507004042331936e-05,7.0,-10.952909526115468
2024-08-25,tarija,Tarija,Tarija,lowland,1.5202453409732668e-05,7.0,-11.094053734601955
2024-09-01,tarija,Tarija,Tarija,lowland,1.887184644387658e-05,7.0,-10.877839352609014
2024-09-08,tarija,Tarija,Tarija,lowland,1.558578737057888e-05,6.0,-11.06915112497018
2024-09-15,tarija,Tarija,Tarija,lowland,2.728649730063518e-05,6.0,-10.509118582502788
2024-09-22,tarija,Tarija,Tarija,lowland,1.931546376124317e-05,7.0,-10.854604551715266
2024-09-29,tarija,Tarija,Tarija,lowland,2.3622079745161905e-05,6.0,-10.653328700895045
2024-10-06,tarija,Tarija,Tarija,lowland,2.1395159828517535e-05,7.0,-10.75234583775567
2024-10-13,tarija,Tarija,Tarija,lowland,2.2065982915657547e-05,4.0,-10.721473369864766
2024-10-20,tarija,Tarija,Tarija,lowland,2.017719517905963e-05,5.0,-10.81095754283463
2024-10-27,tarija,Tarija,Tarija,lowland,1.4425901264317988e-05,6.0,-11.146485268193059
2024-11-03,tarija,Tarija,Tarija,lowland,1.4771655971675544e-05,5.0,-11.122800350462896
2024-11-10,tarija,Tarija,Tarija,lowland,9.855320492037341e-06,3.0,-11.527499097133703
2024-11-17,tarija,Tarija,Tarija,lowland,1.189273686307286e-05,3.0,-11.339582691825672
2024-11-24,tarija,Tarija,Tarija,lowland,6.341006928882041e-06,3.0,-11.968472980535726
2024-12-01,tarija,Tarija,Tarija,lowland,8.847570147855077e-06,7.0,-11.635367696207211
2024-12-08,tarija,Tarija,Tarija,lowland,5.688522989025989e-06,3.0,-12.077059923658819
2024-12-15,tarija,Tarija,Tarija,lowland,1.3875974785678837e-05,4.0,-11.18535164597583
2024-12-22,tarija,Tarija,Tarija,lowland,,2.0,
2024-12-29,tarija,Tarija,Tarija,lowland,3.6256927077324334e-06,5.0,-12.527465196125089
2025-01-05,tarija,Tarija,Tarija,lowland,5.14253169581712e-06,3.0,-12.177965051934722
2025-01-12,tarija,Tarija,Tarija,lowland,,2.0,
2025-01-19,tarija,Tarija,Tarija,lowland,1.1328060998567062e-05,4.0,-11.388227636266897
2025-01-26,tarija,Tarija,Tarija,lowland,7.0423220161625e-06,6.0,-11.863572610335623
2025-02-02,tarija,Tarija,Tarija,lowland,9.69065876434305e-06,5.0,-11.544348150436072
2025-02-09,tarija,Tarija,Tarija,lowland,9.842317460470594e-06,7.0,-11.52881936035378
2025-02-16,tarija,Tarija,Tarija,lowland,1.2296008912678484e-05,5.0,-11.306235826884514
2025-02-23,tarija,Tarija,Tarija,lowland,1.2516409855723921e-05,5.0,-11.288469986151455
2025-03-02,tarija,Tarija,Tarija,lowland,2.546311219353176e-06,6.0,-12.880864826747667
2025-03-09,tarija,Tarija,Tarija,lowland,,2.0,
2025-03-16,tarija,Tarija,Tarija,lowland,,2.0,
2025-03-23,tarija,Tarija,Tarija,lowland,6.9648489971992945e-06,3.0,-11.874634631197345
2025-03-30,tarija,Tarija,Tarija,lowland,7.726291650769643e-06,4.0,-11.770881545174367
2025-04-06,tarija,Tarija,Tarija,lowland,1.3101703976971435e-05,4.0,-11.24276826163816
2025-04-13,tarija,Tarija,Tarija,lowland,1.2082675344784118e-05,4.0,-11.323737921039148
2025-04-20,tarija,Tarija,Tarija,lowland,1.0704261721572204e-05,5.0,-11.444868604057792
2025-04-27,tarija,Tarija,Tarija,lowland,1.2207216414679146e-05,4.0,-11.313483271697862
2025-05-04,tarija,Tarija,Tarija,lowland,1.036205858492327e-05,6.0,-11.477359635763758
2025-05-11,tarija,Tarija,Tarija,lowland,1.6142364219186822e-05,6.0,-11.034063423868075
2025-05-18,tarija,Tarija,Tarija,lowland,1.1443130158363547e-05,7.0,-11.378120994196877
2025-05-25,tarija,Tarija,Tarija,lowland,1.3240942785179243e-05,7.0,-11.232196802650712
2025-06-01,tarija,Tarija,Tarija,lowland,9.438969295287372e-06,6.0,-11.570663768589215
2025-06-08,tarija,Tarija,Tarija,lowland,1.1028405972150816e-05,4.0,-11.415036252626582
2025-06-15,tarija,Tarija,Tarija,lowland,1.0622791872071244e-05,6.0,-11.452508688557213
2025-06-22,tarija,Tarija,Tarija,lowland,8.856002291495081e-06,6.0,-11.634415103807399
2025-06-29,tarija,Tarija,Tarija,lowland,9.074791854967293e-06,6.0,-11.610010114168155
2025-07-06,tarija,Tarija,Tarija,lowland,1.5924142871985766e-05,7.0,-11.047674180749787
2025-07-13,tarija,Tarija,Tarija,lowland,1.4550671872161435e-05,7.0,-11.137873388632032
2025-07-20,tarija,Tarija,Tarija,lowland,1.6779135562845156e-05,7.0,-10.995374374173233
2025-07-27,tarija,Tarija,Tarija,lowland,1.8196163439096926e-05,7.0,-10.914299786152597
2025-08-03,tarija,Tarija,Tarija,lowland,2.269840766489685e-05,7.0,-10.693215782858172
2025-08-10,tarija,Tarija,Tarija,lowland,1.3700545455828307e-05,6.0,-11.198074911628726
2025-08-17,tarija,Tarija,Tarija,lowland,1.052721116089778e-05,7.0,-11.46154711391481
2025-08-24,tarija,Tarija,Tarija,lowland,1.1505754306151065e-05,7.0,-11.3726632732927
2025-08-31,tarija,Tarija,Tarija,lowland,1.531116628741012e-05,7.0,-11.086928173050424
2025-09-07,tarija,Tarija,Tarija,lowland,1.1151946640137716e-05,4.0,-11.40389648873717
2025-09-14,tarija,Tarija,Tarija,lowland,1.965576378183592e-05,6.0,-10.837139940428724
2025-09-21,tarija,Tarija,Tarija,lowland,2.16220214379475e-05,6.0,-10.741798251606465
2025-09-28,tarija,Tarija,Tarija,lowland,1.1999477533332306e-05,5.0,-11.330647448013094
2025-10-05,tarija,Tarija,Tarija,lowland,2.5926166912799383e-05,4.0,-10.560257793760423
2025-10-12,tarija,Tarija,Tarija,lowland,1.054499495298465e-05,5.0,-11.459859222650564
2025-10-19,tarija,Tarija,Tarija,lowland,8.043622054145003e-06,6.0,-11.730631071973079
2025-10-26,tarija,Tarija,Tarija,lowland,,1.0,
2025-11-02,tarija,Tarija,Tarija,lowland,,0.0,
2025-11-09,tarija,Tarija,Tarija,lowland,1.2570497877947577e-05,3.0,-11.284157927717905
2025-11-16,tarija,Tarija,Tarija,lowland,1.208906653028977e-05,4.0,-11.32320910638544
2025-11-23,tarija,Tarija,Tarija,lowland,6.9122986779940085e-06,4.0,-11.882208315880773
2025-11-30,tarija,Tarija,Tarija,lowland,7.320282348997774e-06,4.0,-11.824861658467489
2025-12-07,tarija,Tarija,Tarija,lowland,,1.0,
2025-12-14,tarija,Tarija,Tarija,lowland,1.1952490852043424e-05,3.0,-11.334570861805707
2025-12-21,tarija,Tarija,Tarija,lowland,6.289377769862448e-06,5.0,-11.976648415855461
2025-12-28,tarija,Tarija,Tarija,lowland,1.1744578869628052e-05,4.0,-11.352118796636896
2026-01-04,tarija,Tarija,Tarija,lowland,,2.0,
2026-01-11,tarija,Tarija,Tarija,lowland,7.3979194241746574e-06,4.0,-11.81431175618204
2026-01-18,tarija,Tarija,Tarija,lowland,7.759597788791488e-06,3.0,-11.76658005645374
2026-01-25,tarija,Tarija,Tarija,lowland,1.3256614770679188e-05,4.0,-11.231013902129083
2026-02-01,tarija,Tarija,Tarija,lowland,7.929779378197366e-06,4.0,-11.744885343865016
2026-02-08,tarija,Tarija,Tarija,lowland,7.259612415749514e-06,6.0,-11.833184116813063
2026-02-15,tarija,Tarija,Tarija,lowland,1.2181104199136147e-05,4.0,-11.315624643048071
2026-02-22,tarija,Tarija,Tarija,lowland,1.449661373778679e-05,5.0,-11.141595471136414
2026-03-01,tarija,Tarija,Tarija,lowland,3.836638866759046e-06,4.0,-12.47091386977392
2026-03-08,tarija,Tarija,Tarija,lowland,1.0230918624822639e-05,5.0,-11.490096184884399
2026-03-15,tarija,Tarija,Tarija,lowland,5.811231940526634e-06,5.0,-12.055717971620933
2026-03-22,tarija,Tarija,Tarija,lowland,7.639649432775207e-06,6.0,-11.782158841601037
2026-03-29,tarija,Tarija,Tarija,lowland,5.1485910807521745e-06,4.0,-12.176787457270496
2026-04-05,tarija,Tarija,Tarija,lowland,1.044257027421137e-05,6.0,-11.469619810962927
2026-04-12,tarija,Tarija,Tarija,lowland,1.1208023644508789e-05,4.0,-11.398880639321801
2026-04-19,tarija,Tarija,Tarija,lowland,1.0584801095662022e-05,7.0,-11.45609144470544
2026-04-26,tarija,Tarija,Tarija,lowland,,2.0,
2026-05-03,tarija,Tarija,Tarija,lowland,1.213123181130595e-05,5.0,-11.319727289355844
2026-05-10,tarija,Tarija,Tarija,lowland,1.3651389847824477e-05,6.0,-11.201669221163204
2018-07-01,trinidad,Trinidad,Beni,lowland,,1.0,
2018-07-08,trinidad,Trinidad,Beni,lowland,1.8736015193974437e-05,6.0,-10.885062940158429
2018-07-15,trinidad,Trinidad,Beni,lowland,1.1584922271525922e-05,6.0,-11.365806109508924
2018-07-22,trinidad,Trinidad,Beni,lowland,1.9302270203048334e-05,6.0,-10.855287841870009
2018-07-29,trinidad,Trinidad,Beni,lowland,1.7005411468400775e-05,7.0,-10.981978942891018
2018-08-05,trinidad,Trinidad,Beni,lowland,2.4301295121921902e-05,4.0,-10.624980911839584
2018-08-12,trinidad,Trinidad,Beni,lowland,2.6813984647406876e-05,5.0,-10.526586991343923
2018-08-19,trinidad,Trinidad,Beni,lowland,3.012082541924579e-05,6.0,-10.410293751050643
2018-08-26,trinidad,Trinidad,Beni,lowland,2.9171842596085717e-05,3.0,-10.442306608575832
2018-09-02,trinidad,Trinidad,Beni,lowland,4.7030037033097924e-05,6.0,-9.964724074571992
2018-09-09,trinidad,Trinidad,Beni,lowland,4.540275963099171e-05,7.0,-9.999937669940689
2018-09-16,trinidad,Trinidad,Beni,lowland,4.7836982521538786e-05,5.0,-9.947711524693721
2018-09-23,trinidad,Trinidad,Beni,lowland,2.4074367594642473e-05,5.0,-10.634362868760405
2018-09-30,trinidad,Trinidad,Beni,lowland,3.072705192909363e-05,7.0,-10.390367121045
2018-10-07,trinidad,Trinidad,Beni,lowland,2.2706778794602567e-05,5.0,-10.692847052743693
2018-10-14,trinidad,Trinidad,Beni,lowland,1.213253055592283e-05,5.0,-11.319620237151948
2018-10-21,trinidad,Trinidad,Beni,lowland,1.9608915507398298e-05,4.0,-10.839526222324642
2018-10-28,trinidad,Trinidad,Beni,lowland,,2.0,
2018-11-04,trinidad,Trinidad,Beni,lowland,9.279445602506893e-06,3.0,-11.587708754059907
2018-11-11,trinidad,Trinidad,Beni,lowland,1.0631289188447517e-05,5.0,-11.451709094652887
2018-11-18,trinidad,Trinidad,Beni,lowland,5.999534560737322e-06,5.0,-12.023828664955623
2018-11-25,trinidad,Trinidad,Beni,lowland,,2.0,
2018-12-02,trinidad,Trinidad,Beni,lowland,7.586584096591815e-06,3.0,-11.789129121011008
2018-12-09,trinidad,Trinidad,Beni,lowland,1.9694550072186907e-06,4.0,-13.137753699569846
2018-12-16,trinidad,Trinidad,Beni,lowland,1.2700450628358042e-05,3.0,-11.273873082581343
2018-12-23,trinidad,Trinidad,Beni,lowland,8.438159622716054e-06,3.0,-11.68274632731424
2018-12-30,trinidad,Trinidad,Beni,lowland,5.25964260495e-06,4.0,-12.155447479350075
2019-01-06,trinidad,Trinidad,Beni,lowland,9.784883216546347e-06,4.0,-11.534671892134176
2019-01-13,trinidad,Trinidad,Beni,lowland,,1.0,
2019-01-20,trinidad,Trinidad,Beni,lowland,1.2997172619190119e-05,4.0,-11.250778714988828
2019-01-27,trinidad,Trinidad,Beni,lowland,8.686917142565048e-06,5.0,-11.653692440827403
2019-02-03,trinidad,Trinidad,Beni,lowland,,0.0,
2019-02-10,trinidad,Trinidad,Beni,lowland,9.816780887412545e-06,5.0,-11.531417301212405
2019-02-17,trinidad,Trinidad,Beni,lowland,5.827482617528762e-06,3.0,-12.052925448875994
2019-02-24,trinidad,Trinidad,Beni,lowland,9.884791616310064e-06,3.0,-11.52451318236207
2019-03-03,trinidad,Trinidad,Beni,lowland,,2.0,
2019-03-10,trinidad,Trinidad,Beni,lowland,3.6045337336133004e-06,3.0,-12.533318134395868
2019-03-17,trinidad,Trinidad,Beni,lowland,4.873504036499796e-06,3.0,-12.231697364914684
2019-03-24,trinidad,Trinidad,Beni,lowland,3.120668489287768e-06,3.0,-12.677463319706042
2019-03-31,trinidad,Trinidad,Beni,lowland,7.97584175551602e-06,3.0,-11.739093365582294
2019-04-07,trinidad,Trinidad,Beni,lowland,9.28191891338756e-06,3.0,-11.587442253082225
2019-04-14,trinidad,Trinidad,Beni,lowland,4.1819912754296445e-06,4.0,-12.384723043179605
2019-04-21,trinidad,Trinidad,Beni,lowland,5.770186402690831e-06,4.0,-12.062806172473731
2019-04-28,trinidad,Trinidad,Beni,lowland,5.903176078864597e-06,3.0,-12.040020033442373
2019-05-05,trinidad,Trinidad,Beni,lowland,,1.0,
2019-05-12,trinidad,Trinidad,Beni,lowland,1.2621320590239316e-05,4.0,-11.28012306367616
2019-05-19,trinidad,Trinidad,Beni,lowland,8.109958609956423e-06,6.0,-11.722417793431182
2019-05-26,trinidad,Trinidad,Beni,lowland,6.660237234895138e-06,3.0,-11.919355453191258
2019-06-02,trinidad,Trinidad,Beni,lowland,5.722481693436623e-06,6.0,-12.071107984174763
2019-06-09,trinidad,Trinidad,Beni,lowland,8.472506960434276e-06,6.0,-11.678684111933022
2019-06-16,trinidad,Trinidad,Beni,lowland,1.0332859518282425e-05,6.0,-11.480181496267964
2019-06-23,trinidad,Trinidad,Beni,lowland,9.385847318288177e-06,6.0,-11.576307607687049
2019-06-30,trinidad,Trinidad,Beni,lowland,7.611125895402615e-06,5.0,-11.785899447572543
2019-07-07,trinidad,Trinidad,Beni,lowland,1.6264828025150845e-05,5.0,-11.026505571402522
2019-07-14,trinidad,Trinidad,Beni,lowland,1.519168700547735e-05,7.0,-11.094762187254904
2019-07-21,trinidad,Trinidad,Beni,lowland,1.3553126539391254e-05,6.0,-11.20889329634067
2019-07-28,trinidad,Trinidad,Beni,lowland,1.31130995930571e-05,4.0,-11.241898858457395
2019-08-04,trinidad,Trinidad,Beni,lowland,1.1573710930676581e-05,5.0,-11.366774330873914
2019-08-11,trinidad,Trinidad,Beni,lowland,2.183580057645994e-05,6.0,-10.73195970687361
2019-08-18,trinidad,Trinidad,Beni,lowland,2.8650928448539125e-05,7.0,-10.460324708747835
2019-08-25,trinidad,Trinidad,Beni,lowland,2.325554326036958e-05,5.0,-10.668967034547551
2019-09-01,trinidad,Trinidad,Beni,lowland,2.385728273859095e-05,6.0,-10.64342103132579
2019-09-08,trinidad,Trinidad,Beni,lowland,3.074976572279582e-05,6.0,-10.389628182511638
2019-09-15,trinidad,Trinidad,Beni,lowland,4.4189253220090444e-05,4.0,-10.027028938260857
2019-09-22,trinidad,Trinidad,Beni,lowland,3.762495401062419e-05,4.0,-10.187843057204972
2019-09-29,trinidad,Trinidad,Beni,lowland,5.453882192729255e-05,5.0,-9.816597780939771
2019-10-06,trinidad,Trinidad,Beni,lowland,3.0377098470560716e-05,4.0,-10.401821573239292
2019-10-13,trinidad,Trinidad,Beni,lowland,2.4651489321493364e-05,6.0,-10.610673240578873
2019-10-20,trinidad,Trinidad,Beni,lowland,2.3333853589241697e-05,4.0,-10.665605308149805
2019-10-27,trinidad,Trinidad,Beni,lowland,2.040874501628405e-05,4.0,-10.799547071701127
2019-11-03,trinidad,Trinidad,Beni,lowland,2.481890916787481e-05,6.0,-10.603904728876644
2019-11-10,trinidad,Trinidad,Beni,lowland,1.1416382158479421e-05,3.0,-11.380461202659829
2019-11-17,trinidad,Trinidad,Beni,lowland,5.9114705118853344e-06,4.0,-12.038615939918337
2019-11-24,trinidad,Trinidad,Beni,lowland,1.1523753782865476e-05,7.0,-11.371100106566779
2019-12-01,trinidad,Trinidad,Beni,lowland,6.896216319132443e-06,4.0,-11.884537656311165
2019-12-08,trinidad,Trinidad,Beni,lowland,1.0364215798692266e-05,3.0,-11.477151473530947
2019-12-15,trinidad,Trinidad,Beni,lowland,,0.0,
2019-12-22,trinidad,Trinidad,Beni,lowland,8.573332198390157e-06,3.0,-11.666854079643594
2019-12-29,trinidad,Trinidad,Beni,lowland,4.265965834107656e-06,5.0,-12.364841946829593
2020-01-05,trinidad,Trinidad,Beni,lowland,,1.0,
2020-01-12,trinidad,Trinidad,Beni,lowland,,2.0,
2020-01-19,trinidad,Trinidad,Beni,lowland,1.0182047532342186e-05,5.0,-11.494884434223351
2020-01-26,trinidad,Trinidad,Beni,lowland,1.2790675245153139e-05,4.0,-11.266794148993611
2020-02-02,trinidad,Trinidad,Beni,lowland,1.0755893562256083e-05,3.0,-11.440056715268938
2020-02-09,trinidad,Trinidad,Beni,lowland,1.0706422722742133e-05,3.0,-11.444666742115182
2020-02-16,trinidad,Trinidad,Beni,lowland,7.638913030584738e-06,4.0,-11.78225523839135
2020-02-23,trinidad,Trinidad,Beni,lowland,,2.0,
2020-03-01,trinidad,Trinidad,Beni,lowland,7.957556381253005e-06,5.0,-11.741388592517996
2020-03-08,trinidad,Trinidad,Beni,lowland,9.802240472767979e-06,6.0,-11.53289957874704
2020-03-15,trinidad,Trinidad,Beni,lowland,7.474391345799116e-06,4.0,-11.8040278673139
2020-03-22,trinidad,Trinidad,Beni,lowland,,2.0,
2020-03-29,trinidad,Trinidad,Beni,lowland,,2.0,
2020-04-05,trinidad,Trinidad,Beni,lowland,1.1555048069732008e-05,3.0,-11.368388154165924
2020-04-12,trinidad,Trinidad,Beni,lowland,5.816485003855141e-06,6.0,-12.054814429900574
2020-04-19,trinidad,Trinidad,Beni,lowland,6.760831076984144e-06,4.0,-11.90436473508368
2020-04-26,trinidad,Trinidad,Beni,lowland,5.900248419221734e-06,6.0,-12.040516102986153
2020-05-03,trinidad,Trinidad,Beni,lowland,7.737901563613836e-06,4.0,-11.76938002293334
2020-05-10,trinidad,Trinidad,Beni,lowland,3.08517775661543e-06,3.0,-12.688901282618433
2020-05-17,trinidad,Trinidad,Beni,lowland,7.411385266956871e-06,4.0,-11.812493190520216
2020-05-24,trinidad,Trinidad,Beni,lowland,6.1183252275632715e-06,5.0,-12.004222154517489
2020-05-31,trinidad,Trinidad,Beni,lowland,6.443450402109034e-06,7.0,-11.95244638460011
2020-06-07,trinidad,Trinidad,Beni,lowland,1.0874784078215128e-05,3.0,-11.429063836063406
2020-06-14,trinidad,Trinidad,Beni,lowland,1.1671148114329677e-05,6.0,-11.35839073481434
2020-06-21,trinidad,Trinidad,Beni,lowland,9.106173097684802e-06,6.0,-11.606558012042283
2020-06-28,trinidad,Trinidad,Beni,lowland,,2.0,
2020-07-05,trinidad,Trinidad,Beni,lowland,7.718803390212008e-06,5.0,-11.771851207209401
2020-07-12,trinidad,Trinidad,Beni,lowland,2.0797243666105198e-05,3.0,-10.780690096090664
2020-07-19,trinidad,Trinidad,Beni,lowland,1.8111991688062316e-05,6.0,-10.918936314862428
2020-07-26,trinidad,Trinidad,Beni,lowland,1.6278548036125164e-05,4.0,-11.025662388337473
2020-08-02,trinidad,Trinidad,Beni,lowland,1.8346354338566098e-05,7.0,-10.906079676849542
2020-08-09,trinidad,Trinidad,Beni,lowland,2.314092618463363e-05,7.0,-10.673907811734667
2020-08-16,trinidad,Trinidad,Beni,lowland,1.2062384708156023e-05,3.0,-11.325418649217923
2020-08-23,trinidad,Trinidad,Beni,lowland,3.27673119731643e-05,3.0,-10.32607912568038
2020-08-30,trinidad,Trinidad,Beni,lowland,3.0859086179979484e-05,7.0,-10.386079323263566
2020-09-06,trinidad,Trinidad,Beni,lowland,3.6616846434983955e-05,6.0,-10.215002138346799
2020-09-13,trinidad,Trinidad,Beni,lowland,3.57085460909017e-05,5.0,-10.240120511527241
2020-09-20,trinidad,Trinidad,Beni,lowland,2.3825544064425988e-05,4.0,-10.644752272822162
2020-09-27,trinidad,Trinidad,Beni,lowland,3.7739956154986105e-05,5.0,-10.184791179789618
2020-10-04,trinidad,Trinidad,Beni,lowland,2.5206915932811163e-05,5.0,-10.588392159320932
2020-10-11,trinidad,Trinidad,Beni,lowland,1.3424340250305446e-05,7.0,-11.218441062143368
2020-10-18,trinidad,Trinidad,Beni,lowland,9.952416673717521e-06,5.0,-11.517695154504121
2020-10-25,trinidad,Trinidad,Beni,lowland,1.5621763191127874e-05,5.0,-11.066845539569345
2020-11-01,trinidad,Trinidad,Beni,lowland,2.0213458489390264e-05,4.0,-10.809161913560002
2020-11-08,trinidad,Trinidad,Beni,lowland,1.8861383218363554e-05,5.0,-10.878393942071664
2020-11-15,trinidad,Trinidad,Beni,lowland,7.549902991051259e-06,3.0,-11.793975843653271
2020-11-22,trinidad,Trinidad,Beni,lowland,1.2539024606796165e-05,6.0,-11.286664808336859
2020-11-29,trinidad,Trinidad,Beni,lowland,2.0427170454333922e-05,5.0,-10.798644658269817
2020-12-06,trinidad,Trinidad,Beni,lowland,,1.0,
2020-12-13,trinidad,Trinidad,Beni,lowland,9.784780080223248e-06,3.0,-11.534682432563159
2020-12-20,trinidad,Trinidad,Beni,lowland,9.54847178232611e-06,5.0,-11.559129439069725
2020-12-27,trinidad,Trinidad,Beni,lowland,1.396877290506744e-05,3.0,-11.178686226415405
2021-01-03,trinidad,Trinidad,Beni,lowland,5.926043426365002e-06,3.0,-12.036153780732258
2021-01-10,trinidad,Trinidad,Beni,lowland,1.1413633635927087e-05,3.0,-11.380701984145952
2021-01-17,trinidad,Trinidad,Beni,lowland,,2.0,
2021-01-24,trinidad,Trinidad,Beni,lowland,8.61420857022424e-06,3.0,-11.662097558690235
2021-01-31,trinidad,Trinidad,Beni,lowland,1.3845519421960242e-05,3.0,-11.187548885110441
2021-02-07,trinidad,Trinidad,Beni,lowland,8.552062901798742e-06,5.0,-11.669338029053572
2021-02-14,trinidad,Trinidad,Beni,lowland,1.6578315654381952e-05,3.0,-11.007415002417519
2021-02-21,trinidad,Trinidad,Beni,lowland,,2.0,
2021-02-28,trinidad,Trinidad,Beni,lowland,1.3249869238254332e-05,5.0,-11.231522874391734
2021-03-07,trinidad,Trinidad,Beni,lowland,7.024784302985605e-06,5.0,-11.866066047417185
2021-03-14,trinidad,Trinidad,Beni,lowland,6.327219488969517e-06,3.0,-11.970649677557315
2021-03-21,trinidad,Trinidad,Beni,lowland,,2.0,
2021-03-28,trinidad,Trinidad,Beni,lowland,,1.0,
2021-04-04,trinidad,Trinidad,Beni,lowland,,1.0,
2021-04-11,trinidad,Trinidad,Beni,lowland,6.872429609411195e-06,3.0,-11.887992859315055
2021-04-18,trinidad,Trinidad,Beni,lowland,9.043819809573308e-06,6.0,-11.613428927500536
2021-04-25,trinidad,Trinidad,Beni,lowland,,2.0,
2021-05-02,trinidad,Trinidad,Beni,lowland,6.18187555180925e-06,4.0,-11.99388884518987
2021-05-09,trinidad,Trinidad,Beni,lowland,4.150929163092273e-06,3.0,-12.39217835406132
2021-05-16,trinidad,Trinidad,Beni,lowland,8.56761949088311e-06,6.0,-11.667520636299503
2021-05-23,trinidad,Trinidad,Beni,lowland,1.1386898715007901e-05,5.0,-11.383047098966978
2021-05-30,trinidad,Trinidad,Beni,lowland,6.75540728983408e-06,6.0,-11.905167293797724
2021-06-06,trinidad,Trinidad,Beni,lowland,1.3944959995499626e-05,5.0,-11.180392405623277
2021-06-13,trinidad,Trinidad,Beni,lowland,6.622524651236033e-06,5.0,-11.925033893461167
2021-06-20,trinidad,Trinidad,Beni,lowland,8.948033558123146e-06,4.0,-11.62407676399439
2021-06-27,trinidad,Trinidad,Beni,lowland,2.3493169491050782e-05,3.0,-10.65880083901924
2021-07-04,trinidad,Trinidad,Beni,lowland,1.4897216960570467e-05,5.0,-11.114336143628403
2021-07-11,trinidad,Trinidad,Beni,lowland,2.813702064418524e-05,7.0,-10.478424388067204
2021-07-18,trinidad,Trinidad,Beni,lowland,1.98757093064373e-05,6.0,-10.826012209686489
2021-07-25,trinidad,Trinidad,Beni,lowland,2.0227615493465505e-05,7.0,-10.808461783555565
2021-08-01,trinidad,Trinidad,Beni,lowland,2.424220606416239e-05,6.0,-10.627415391656628
2021-08-08,trinidad,Trinidad,Beni,lowland,3.711776754561914e-05,7.0,-10.201414793406059
2021-08-15,trinidad,Trinidad,Beni,lowland,4.2774065836026606e-05,7.0,-10.059578577441988
2021-08-22,trinidad,Trinidad,Beni,lowland,3.773558032945061e-05,7.0,-10.18490713326923
2021-08-29,trinidad,Trinidad,Beni,lowland,2.361059874146773e-05,3.0,-10.653814847532844
2021-09-05,trinidad,Trinidad,Beni,lowland,4.0705608129050634e-05,7.0,-10.109144683139586
2021-09-12,trinidad,Trinidad,Beni,lowland,3.03563420140988e-05,3.0,-10.402505099715132
2021-09-19,trinidad,Trinidad,Beni,lowland,3.5090491685473665e-05,6.0,-10.257580356342109
2021-09-26,trinidad,Trinidad,Beni,lowland,3.201562825076342e-05,6.0,-10.349286391548272
2021-10-03,trinidad,Trinidad,Beni,lowland,3.165762697372525e-05,7.0,-10.360531459772067
2021-10-10,trinidad,Trinidad,Beni,lowland,1.2936373184484711e-05,4.0,-11.25546758758326
2021-10-17,trinidad,Trinidad,Beni,lowland,2.4831009254990037e-05,4.0,-10.603417312673791
2021-10-24,trinidad,Trinidad,Beni,lowland,4.1302886981427784e-05,6.0,-10.094578157742358
2021-10-31,trinidad,Trinidad,Beni,lowland,3.134738519712942e-05,6.0,-10.370379701154015
2021-11-07,trinidad,Trinidad,Beni,lowland,1.3362516096763165e-05,3.0,-11.22305707699171
2021-11-14,trinidad,Trinidad,Beni,lowland,1.3653737291861737e-05,4.0,-11.201497279532532
2021-11-21,trinidad,Trinidad,Beni,lowland,,2.0,
2021-11-28,trinidad,Trinidad,Beni,lowland,,2.0,
2021-12-05,trinidad,Trinidad,Beni,lowland,,2.0,
2021-12-12,trinidad,Trinidad,Beni,lowland,1.1834193555720978e-05,3.0,-11.344517457943496
2021-12-19,trinidad,Trinidad,Beni,lowland,8.218219674857643e-06,3.0,-11.709156956921207
2021-12-26,trinidad,Trinidad,Beni,lowland,,1.0,
2022-01-02,trinidad,Trinidad,Beni,lowland,6.219321364726838e-06,6.0,-11.98784976251499
2022-01-09,trinidad,Trinidad,Beni,lowland,1.3641282218985329e-05,3.0,-11.20240990564265
2022-01-16,trinidad,Trinidad,Beni,lowland,1.171532760284718e-05,5.0,-11.354612522003947
2022-01-23,trinidad,Trinidad,Beni,lowland,8.983669005650542e-06,5.0,-11.62010218385482
2022-01-30,trinidad,Trinidad,Beni,lowland,1.1618141162275086e-05,5.0,-11.362942788160028
2022-02-06,trinidad,Trinidad,Beni,lowland,5.022666601621049e-06,3.0,-12.201549569753004
2022-02-13,trinidad,Trinidad,Beni,lowland,1.8663421779784114e-06,3.0,-13.191530097227878
2022-02-20,trinidad,Trinidad,Beni,lowland,1.2687259330429132e-05,4.0,-11.274912270372399
2022-02-27,trinidad,Trinidad,Beni,lowland,8.141296226574766e-06,4.0,-11.718561149033471
2022-03-06,trinidad,Trinidad,Beni,lowland,7.280839925264018e-06,5.0,-11.830264328061334
2022-03-13,trinidad,Trinidad,Beni,lowland,,1.0,
2022-03-20,trinidad,Trinidad,Beni,lowland,8.519954002933531e-06,5.0,-11.673099615854344
2022-03-27,trinidad,Trinidad,Beni,lowland,6.729401779509788e-06,3.0,-11.909024306889998
2022-04-03,trinidad,Trinidad,Beni,lowland,6.847190345134411e-06,4.0,-11.891672158425804
2022-04-10,trinidad,Trinidad,Beni,lowland,1.2589394416761256e-05,5.0,-11.282655811401552
2022-04-17,trinidad,Trinidad,Beni,lowland,4.307486853954047e-06,6.0,-12.355155920445897
2022-04-24,trinidad,Trinidad,Beni,lowland,8.675960062923965e-06,6.0,-11.654954568177143
2022-05-01,trinidad,Trinidad,Beni,lowland,3.1127285019432604e-06,5.0,-12.680010884589185
2022-05-08,trinidad,Trinidad,Beni,lowland,8.305987242077647e-06,5.0,-11.698533948745617
2022-05-15,trinidad,Trinidad,Beni,lowland,1.0525384198741247e-05,6.0,-11.461720675618714
2022-05-22,trinidad,Trinidad,Beni,lowland,7.977089677906063e-06,5.0,-11.738936915039295
2022-05-29,trinidad,Trinidad,Beni,lowland,8.138095174157701e-06,4.0,-11.718954413422725
2022-06-05,trinidad,Trinidad,Beni,lowland,9.039068870677425e-06,3.0,-11.613954389896417
2022-06-12,trinidad,Trinidad,Beni,lowland,1.0506912360565855e-05,5.0,-11.463477197344497
2022-06-19,trinidad,Trinidad,Beni,lowland,7.373965548096154e-06,6.0,-11.817554930241327
2022-06-26,trinidad,Trinidad,Beni,lowland,9.281206361665464e-06,7.0,-11.587519023745772
2022-07-03,trinidad,Trinidad,Beni,lowland,1.831934657814173e-05,7.0,-10.907552866486379
2022-07-10,trinidad,Trinidad,Beni,lowland,1.9827030542318964e-05,7.0,-10.828464372368275
2022-07-17,trinidad,Trinidad,Beni,lowland,2.444355939842394e-05,3.0,-10.619143796031713
2022-07-24,trinidad,Trinidad,Beni,lowland,2.249780988251326e-05,7.0,-10.70209259204657
2022-07-31,trinidad,Trinidad,Beni,lowland,5.281281404722279e-05,6.0,-9.848756706408272
2022-08-07,trinidad,Trinidad,Beni,lowland,,2.0,
2022-08-14,trinidad,Trinidad,Beni,lowland,3.5803781757758736e-05,6.0,-10.237457034445091
2022-08-21,trinidad,Trinidad,Beni,lowland,2.4876933228021987e-05,5.0,-10.601569560230056
2022-08-28,trinidad,Trinidad,Beni,lowland,2.992830407604019e-05,5.0,-10.416705900717432
2022-09-04,trinidad,Trinidad,Beni,lowland,5.8159241050084004e-05,5.0,-9.75232577416934
2022-09-11,trinidad,Trinidad,Beni,lowland,4.5200328566497395e-05,3.0,-10.004406201982212
2022-09-18,trinidad,Trinidad,Beni,lowland,3.482382429494894e-05,3.0,-10.26520879924306
2022-09-25,trinidad,Trinidad,Beni,lowland,6.816465491131492e-05,5.0,-9.593584383888473
2022-10-02,trinidad,Trinidad,Beni,lowland,4.987032194644195e-05,4.0,-9.906084482713386
2022-10-09,trinidad,Trinidad,Beni,lowland,,2.0,
2022-10-16,trinidad,Trinidad,Beni,lowland,2.6012498289755643e-05,6.0,-10.556933431991544
2022-10-23,trinidad,Trinidad,Beni,lowland,8.98262562011375e-06,3.0,-11.620218333073087
2022-10-30,trinidad,Trinidad,Beni,lowland,2.1441324560858014e-05,5.0,-10.750190443779205
2022-11-06,trinidad,Trinidad,Beni,lowland,1.2431140627596556e-05,5.0,-11.29530589256511
2022-11-13,trinidad,Trinidad,Beni,lowland,1.2816374144577232e-05,6.0,-11.264786974511239
2022-11-20,trinidad,Trinidad,Beni,lowland,1.8195716690962444e-05,6.0,-10.914324338230308
2022-11-27,trinidad,Trinidad,Beni,lowland,1.4257929171695415e-05,5.0,-11.158197372899677
2022-12-04,trinidad,Trinidad,Beni,lowland,9.668587195271307e-06,5.0,-11.546628361006354
2022-12-11,trinidad,Trinidad,Beni,lowland,9.260937094028124e-06,3.0,-11.589705316367171
2022-12-18,trinidad,Trinidad,Beni,lowland,1.3491616107182033e-05,4.0,-11.213442094535964
2022-12-25,trinidad,Trinidad,Beni,lowland,7.78330402461608e-06,4.0,-11.763529628098519
2023-01-01,trinidad,Trinidad,Beni,lowland,2.3259683252700036e-06,3.0,-12.971374121643239
2023-01-08,trinidad,Trinidad,Beni,lowland,4.737789508842636e-06,3.0,-12.259939879376933
2023-01-15,trinidad,Trinidad,Beni,lowland,,2.0,
2023-01-22,trinidad,Trinidad,Beni,lowland,6.534163440560344e-06,6.0,-11.938466231238374
2023-01-29,trinidad,Trinidad,Beni,lowland,9.10736646640188e-06,3.0,-11.606426970108936
2023-02-05,trinidad,Trinidad,Beni,lowland,6.959358148236696e-06,3.0,-11.875423307951413
2023-02-12,trinidad,Trinidad,Beni,lowland,1.248219886982189e-05,3.0,-11.291207019050752
2023-02-19,trinidad,Trinidad,Beni,lowland,5.638762977652207e-06,3.0,-12.085845846714202
2023-02-26,trinidad,Trinidad,Beni,lowland,5.235714490071337e-06,5.0,-12.160007239655567
2023-03-05,trinidad,Trinidad,Beni,lowland,5.9670734208819245e-06,5.0,-12.029253965011689
2023-03-12,trinidad,Trinidad,Beni,lowland,3.823071568853955e-06,4.0,-12.474456382825187
2023-03-19,trinidad,Trinidad,Beni,lowland,1.0819272330440297e-05,3.0,-11.434181539077317
2023-03-26,trinidad,Trinidad,Beni,lowland,,2.0,
2023-04-02,trinidad,Trinidad,Beni,lowland,,2.0,
2023-04-09,trinidad,Trinidad,Beni,lowland,7.919100429413187e-06,4.0,-11.74623294073368
2023-04-16,trinidad,Trinidad,Beni,lowland,1.2879767867984019e-05,3.0,-11.259852860122525
2023-04-23,trinidad,Trinidad,Beni,lowland,8.928410350080452e-06,5.0,-11.626272191230958
2023-04-30,trinidad,Trinidad,Beni,lowland,4.289001558911679e-06,5.0,-12.359456588962196
2023-05-07,trinidad,Trinidad,Beni,lowland,,1.0,
2023-05-14,trinidad,Trinidad,Beni,lowland,1.9011939506420958e-07,4.0,-15.475613567068647
2023-05-21,trinidad,Trinidad,Beni,lowland,5.260583903890145e-06,5.0,-12.155268529031492
2023-05-28,trinidad,Trinidad,Beni,lowland,9.994932211246784e-06,5.0,-11.513432372301365
2023-06-04,trinidad,Trinidad,Beni,lowland,,2.0,
2023-06-11,trinidad,Trinidad,Beni,lowland,5.282404790229183e-06,6.0,-12.15112911123828
2023-06-18,trinidad,Trinidad,Beni,lowland,7.611979603142203e-06,4.0,-11.785787288100146
2023-06-25,trinidad,Trinidad,Beni,lowland,1.0884761788028532e-05,7.0,-11.428146747942721
2023-07-02,trinidad,Trinidad,Beni,lowland,9.247046834041744e-06,7.0,-11.591206318599319
2023-07-09,trinidad,Trinidad,Beni,lowland,2.091185414394994e-05,7.0,-10.775194375860465
2023-07-16,trinidad,Trinidad,Beni,lowland,2.0768530034682545e-05,5.0,-10.782071696067451
2023-07-23,trinidad,Trinidad,Beni,lowland,1.9554509653953425e-05,6.0,-10.842304625297295
2023-07-30,trinidad,Trinidad,Beni,lowland,2.1206442654958542e-05,6.0,-10.7612055236354
2023-08-06,trinidad,Trinidad,Beni,lowland,2.4840773138553957e-05,7.0,-10.603024176642863
2023-08-13,trinidad,Trinidad,Beni,lowland,2.2985646051486384e-05,4.0,-10.680640621575037
2023-08-20,trinidad,Trinidad,Beni,lowland,2.640348872044737e-05,6.0,-10.542014408041053
2023-08-27,trinidad,Trinidad,Beni,lowland,3.3680890283241947e-05,5.0,-10.298579935351565
2023-09-03,trinidad,Trinidad,Beni,lowland,4.534564080210986e-05,4.0,-10.00119650946077
2023-09-10,trinidad,Trinidad,Beni,lowland,3.6593746046194433e-05,6.0,-10.215633205212214
2023-09-17,trinidad,Trinidad,Beni,lowland,5.0013147616757905e-05,6.0,-9.903224634766875
2023-09-24,trinidad,Trinidad,Beni,lowland,4.1464280005327926e-05,5.0,-10.090678224125332
2023-10-01,trinidad,Trinidad,Beni,lowland,7.17271421051927e-05,5.0,-9.542641331012067
2023-10-08,trinidad,Trinidad,Beni,lowland,4.1705214020473986e-05,4.0,-10.084884400513719
2023-10-15,trinidad,Trinidad,Beni,lowland,3.7459904835548523e-05,4.0,-10.192239401380055
2023-10-22,trinidad,Trinidad,Beni,lowland,4.562659139626491e-05,6.0,-9.995019866751774
2023-10-29,trinidad,Trinidad,Beni,lowland,4.158643549727225e-05,4.0,-10.087736513646474
2023-11-05,trinidad,Trinidad,Beni,lowland,,2.0,
2023-11-12,trinidad,Trinidad,Beni,lowland,2.6649285163853497e-05,5.0,-10.53274823083211
2023-11-19,trinidad,Trinidad,Beni,lowland,2.507086323647199e-05,4.0,-10.593804213340526
2023-11-26,trinidad,Trinidad,Beni,lowland,5.240505871399571e-06,4.0,-12.159092523947614
2023-12-03,trinidad,Trinidad,Beni,lowland,9.837553168346138e-06,4.0,-11.529303539575013
2023-12-10,trinidad,Trinidad,Beni,lowland,6.8095393392557415e-06,4.0,-11.897186084840387
2023-12-17,trinidad,Trinidad,Beni,lowland,1.3467255805760245e-05,3.0,-11.2152493146697
2023-12-24,trinidad,Trinidad,Beni,lowland,6.584655199252854e-06,3.0,-11.930768585680891
2023-12-31,trinidad,Trinidad,Beni,lowland,9.94474945337935e-06,3.0,-11.518465839200495
2024-01-07,trinidad,Trinidad,Beni,lowland,,2.0,
2024-01-14,trinidad,Trinidad,Beni,lowland,4.807747372572424e-06,4.0,-12.245281905253982
2024-01-21,trinidad,Trinidad,Beni,lowland,6.867728767066494e-06,5.0,-11.888677107982256
2024-01-28,trinidad,Trinidad,Beni,lowland,,2.0,
2024-02-04,trinidad,Trinidad,Beni,lowland,8.714115369791997e-06,5.0,-11.650566390766123
2024-02-11,trinidad,Trinidad,Beni,lowland,5.104568828732623e-06,3.0,-12.18537457049591
2024-02-18,trinidad,Trinidad,Beni,lowland,1.0331269264684639e-05,4.0,-11.480335410678547
2024-02-25,trinidad,Trinidad,Beni,lowland,,1.0,
2024-03-03,trinidad,Trinidad,Beni,lowland,8.688611385209615e-06,5.0,-11.653497426022849
2024-03-10,trinidad,Trinidad,Beni,lowland,,2.0,
2024-03-17,trinidad,Trinidad,Beni,lowland,,2.0,
2024-03-24,trinidad,Trinidad,Beni,lowland,6.133914618749685e-06,4.0,-12.001677411712146
2024-03-31,trinidad,Trinidad,Beni,lowland,6.0091804549124896e-06,4.0,-12.02222218229081
2024-04-07,trinidad,Trinidad,Beni,lowland,8.641098489439295e-06,5.0,-11.658980843248512
2024-04-14,trinidad,Trinidad,Beni,lowland,6.737088130358121e-06,3.0,-11.90788275452788
2024-04-21,trinidad,Trinidad,Beni,lowland,6.488151901544421e-06,5.0,-11.945532828733432
2024-04-28,trinidad,Trinidad,Beni,lowland,1.0815595164293031e-05,6.0,-11.434521468700973
2024-05-05,trinidad,Trinidad,Beni,lowland,7.265769606137742e-06,6.0,-11.8323363331544
2024-05-12,trinidad,Trinidad,Beni,lowland,5.515646267967355e-06,6.0,-12.107921728449329
2024-05-19,trinidad,Trinidad,Beni,lowland,,0.0,
2024-05-26,trinidad,Trinidad,Beni,lowland,6.388846893569671e-06,4.0,-11.960956760699192
2024-06-02,trinidad,Trinidad,Beni,lowland,9.186260346157721e-06,4.0,-11.597801630838326
2024-06-09,trinidad,Trinidad,Beni,lowland,1.3338973966755183e-05,7.0,-11.224820434471177
2024-06-16,trinidad,Trinidad,Beni,lowland,5.5266577941097585e-06,4.0,-12.10592730233489
2024-06-23,trinidad,Trinidad,Beni,lowland,8.761369020735344e-06,4.0,-11.645158384320702
2024-06-30,trinidad,Trinidad,Beni,lowland,1.204133650786018e-05,4.0,-11.327165118608042
2024-07-07,trinidad,Trinidad,Beni,lowland,1.3951185401939148e-05,5.0,-11.179946078257673
2024-07-14,trinidad,Trinidad,Beni,lowland,2.319843229284663e-05,4.0,-10.671425855159404
2024-07-21,trinidad,Trinidad,Beni,lowland,3.146519183815938e-05,7.0,-10.36662864412936
2024-07-28,trinidad,Trinidad,Beni,lowland,3.1372635586936e-05,6.0,-10.369574523130948
2024-08-04,trinidad,Trinidad,Beni,lowland,3.6412459389777564e-05,6.0,-10.220599550961799
2024-08-11,trinidad,Trinidad,Beni,lowland,,2.0,
2024-08-18,trinidad,Trinidad,Beni,lowland,3.871734664657589e-05,7.0,-10.15922282459363
2024-08-25,trinidad,Trinidad,Beni,lowland,3.176455252508135e-05,3.0,-10.35715959038793
2024-09-01,trinidad,Trinidad,Beni,lowland,5.1625789171197406e-05,4.0,-9.871489220190766
2024-09-08,trinidad,Trinidad,Beni,lowland,,2.0,
2024-09-15,trinidad,Trinidad,Beni,lowland,,0.0,
2024-09-22,trinidad,Trinidad,Beni,lowland,,0.0,
2024-09-29,trinidad,Trinidad,Beni,lowland,,0.0,
2024-10-06,trinidad,Trinidad,Beni,lowland,,1.0,
2024-10-13,trinidad,Trinidad,Beni,lowland,3.195382361537648e-05,4.0,-10.351218709328549
2024-10-20,trinidad,Trinidad,Beni,lowland,,2.0,
2024-10-27,trinidad,Trinidad,Beni,lowland,3.973045405081133e-05,4.0,-10.133392559791005
2024-11-03,trinidad,Trinidad,Beni,lowland,,2.0,
2024-11-10,trinidad,Trinidad,Beni,lowland,1.4097577330693886e-05,5.0,-11.169507595861152
2024-11-17,trinidad,Trinidad,Beni,lowland,6.329726560789429e-06,4.0,-11.970253520088862
2024-11-24,trinidad,Trinidad,Beni,lowland,6.025880066704001e-06,3.0,-12.019447020092127
2024-12-01,trinidad,Trinidad,Beni,lowland,9.5042077911559e-06,6.0,-11.56377593203544
2024-12-08,trinidad,Trinidad,Beni,lowland,,1.0,
2024-12-15,trinidad,Trinidad,Beni,lowland,9.011643218244683e-06,3.0,-11.61699312580905
2024-12-22,trinidad,Trinidad,Beni,lowland,3.943280806950591e-06,4.0,-12.443497489030738
2024-12-29,trinidad,Trinidad,Beni,lowland,8.13042381202294e-06,5.0,-11.719897506363129
2025-01-05,trinidad,Trinidad,Beni,lowland,7.20599237279768e-06,4.0,-11.840597604090545
2025-01-12,trinidad,Trinidad,Beni,lowland,,1.0,
2025-01-19,trinidad,Trinidad,Beni,lowland,4.606147562059907e-06,5.0,-12.288118720157565
2025-01-26,trinidad,Trinidad,Beni,lowland,9.865022829915268e-06,4.0,-11.526515104258692
2025-02-02,trinidad,Trinidad,Beni,lowland,5.605034074590388e-06,4.0,-12.091845422138311
2025-02-09,trinidad,Trinidad,Beni,lowland,,1.0,
2025-02-16,trinidad,Trinidad,Beni,lowland,8.464622914169265e-06,4.0,-11.67961508983693
2025-02-23,trinidad,Trinidad,Beni,lowland,,2.0,
2025-03-02,trinidad,Trinidad,Beni,lowland,9.513760360078567e-06,4.0,-11.56277134840694
2025-03-09,trinidad,Trinidad,Beni,lowland,,0.0,
2025-03-16,trinidad,Trinidad,Beni,lowland,1.0672480987912831e-05,3.0,-11.447841999724846
2025-03-23,trinidad,Trinidad,Beni,lowland,7.66591870888312e-06,6.0,-11.77872619517339
2025-03-30,trinidad,Trinidad,Beni,lowland,,2.0,
2025-04-06,trinidad,Trinidad,Beni,lowland,6.665476401854327e-06,5.0,-11.918569128740357
2025-04-13,trinidad,Trinidad,Beni,lowland,1.1631782487259285e-07,5.0,-15.966939522849513
2025-04-20,trinidad,Trinidad,Beni,lowland,9.057874575058563e-06,3.0,-11.611876059795346
2025-04-27,trinidad,Trinidad,Beni,lowland,5.943642914485333e-06,5.0,-12.033188327305385
2025-05-04,trinidad,Trinidad,Beni,lowland,9.509602878213377e-06,3.0,-11.563208440616064
2025-05-11,trinidad,Trinidad,Beni,lowland,8.365562615060902e-06,6.0,-11.69138696756117
2025-05-18,trinidad,Trinidad,Beni,lowland,6.915115159537217e-06,6.0,-11.881800939401664
2025-05-25,trinidad,Trinidad,Beni,lowland,5.49106862849291e-06,3.0,-12.11238767138598
2025-06-01,trinidad,Trinidad,Beni,lowland,7.868308242999181e-06,4.0,-11.752667481412887
2025-06-08,trinidad,Trinidad,Beni,lowland,1.3018621438643315e-05,7.0,-11.249129807078097
2025-06-15,trinidad,Trinidad,Beni,lowland,8.302871949105783e-06,4.0,-11.69890908504758
2025-06-22,trinidad,Trinidad,Beni,lowland,4.541590598504672e-06,5.0,-12.302233255176441
2025-06-29,trinidad,Trinidad,Beni,lowland,8.413718930080313e-06,5.0,-11.68564697838358
2025-07-06,trinidad,Trinidad,Beni,lowland,1.4002181283781707e-05,6.0,-11.1762974345011
2025-07-13,trinidad,Trinidad,Beni,lowland,1.4659530903964842e-05,7.0,-11.130419860383018
2025-07-20,trinidad,Trinidad,Beni,lowland,1.502038350787264e-05,7.0,-11.106102378806938
2025-07-27,trinidad,Trinidad,Beni,lowland,1.6670566508846728e-05,6.0,-11.00186587804495
2025-08-03,trinidad,Trinidad,Beni,lowland,1.4887083948770187e-05,4.0,-11.115016570019613
2025-08-10,trinidad,Trinidad,Beni,lowland,2.459628351879338e-05,7.0,-10.61291520291097
2025-08-17,trinidad,Trinidad,Beni,lowland,3.0406618797110113e-05,7.0,-10.400850249661291
2025-08-24,trinidad,Trinidad,Beni,lowland,,2.0,
2025-08-31,trinidad,Trinidad,Beni,lowland,3.108959860982501e-05,7.0,-10.378637244564763
2025-09-07,trinidad,Trinidad,Beni,lowland,1.6739723062735327e-05,6.0,-10.997726036484513
2025-09-14,trinidad,Trinidad,Beni,lowland,4.25691510721214e-05,7.0,-10.064380720251142
2025-09-21,trinidad,Trinidad,Beni,lowland,3.0145307946578712e-05,7.0,-10.409481270564095
2025-09-28,trinidad,Trinidad,Beni,lowland,4.6983724084578525e-05,3.0,-9.965709312301344
2025-10-05,trinidad,Trinidad,Beni,lowland,2.5573458302395306e-05,4.0,-10.573955529374851
2025-10-12,trinidad,Trinidad,Beni,lowland,2.5923122211078377e-05,5.0,-10.560375238060082
2025-10-19,trinidad,Trinidad,Beni,lowland,2.3982449775509936e-05,5.0,-10.638188254470618
2025-10-26,trinidad,Trinidad,Beni,lowland,,2.0,
2025-11-02,trinidad,Trinidad,Beni,lowland,,0.0,
2025-11-09,trinidad,Trinidad,Beni,lowland,9.809210531148935e-06,4.0,-11.532188763553098
2025-11-16,trinidad,Trinidad,Beni,lowland,5.496581353435891e-06,4.0,-12.11138423108444
2025-11-23,trinidad,Trinidad,Beni,lowland,7.550983064278393e-06,4.0,-11.79383279599037
2025-11-30,trinidad,Trinidad,Beni,lowland,-2.0489495690390505e-06,3.0,
2025-12-07,trinidad,Trinidad,Beni,lowland,,2.0,
2025-12-14,trinidad,Trinidad,Beni,lowland,5.500543062937516e-06,4.0,-12.110663731884284
2025-12-21,trinidad,Trinidad,Beni,lowland,2.0597312961284136e-06,3.0,-13.092935022443276
2025-12-28,trinidad,Trinidad,Beni,lowland,,2.0,
2026-01-04,trinidad,Trinidad,Beni,lowland,6.959950546328646e-06,4.0,-11.875338189055741
2026-01-11,trinidad,Trinidad,Beni,lowland,6.791322591462309e-06,4.0,-11.899864850168571
2026-01-18,trinidad,Trinidad,Beni,lowland,,2.0,
2026-01-25,trinidad,Trinidad,Beni,lowland,1.0650188764133383e-05,4.0,-11.449932941634142
2026-02-01,trinidad,Trinidad,Beni,lowland,,2.0,
2026-02-08,trinidad,Trinidad,Beni,lowland,9.623467226159154e-06,4.0,-11.551305939702148
2026-02-15,trinidad,Trinidad,Beni,lowland,7.924511927944813e-06,3.0,-11.745549826476653
2026-02-22,trinidad,Trinidad,Beni,lowland,9.996652371578565e-06,4.0,-11.51326028385796
2026-03-01,trinidad,Trinidad,Beni,lowland,6.66014498745757e-06,3.0,-11.919369303760412
2026-03-08,trinidad,Trinidad,Beni,lowland,1.0333468077984176e-05,4.0,-11.480122602427334
2026-03-15,trinidad,Trinidad,Beni,lowland,,2.0,
2026-03-22,trinidad,Trinidad,Beni,lowland,,1.0,
2026-03-29,trinidad,Trinidad,Beni,lowland,,2.0,
2026-04-05,trinidad,Trinidad,Beni,lowland,6.208629358258249e-06,6.0,-11.989570401636405
2026-04-12,trinidad,Trinidad,Beni,lowland,6.499586893557364e-06,3.0,-11.943771937919706
2026-04-19,trinidad,Trinidad,Beni,lowland,,2.0,
2026-04-26,trinidad,Trinidad,Beni,lowland,-6.933959954742838e-07,4.0,
2026-05-03,trinidad,Trinidad,Beni,lowland,9.518514694937765e-06,4.0,-11.562271740772609
2026-05-10,trinidad,Trinidad,Beni,lowland,8.405349348303146e-06,3.0,-11.686642227624441
2018-07-01,yacuiba,Yacuiba,Tarija,lowland,,0.0,
2018-07-08,yacuiba,Yacuiba,Tarija,lowland,,0.0,
2018-07-15,yacuiba,Yacuiba,Tarija,lowland,1.0756159711795401e-05,3.0,-11.440031971044299
2018-07-22,yacuiba,Yacuiba,Tarija,lowland,,2.0,
2018-07-29,yacuiba,Yacuiba,Tarija,lowland,8.530694879659689e-06,3.0,-11.671839736747003
2018-08-05,yacuiba,Yacuiba,Tarija,lowland,,1.0,
2018-08-12,yacuiba,Yacuiba,Tarija,lowland,1.3504212918369667e-05,6.0,-11.212508853175606
2018-08-19,yacuiba,Yacuiba,Tarija,lowland,2.1071132992356675e-05,5.0,-10.767606558819477
2018-08-26,yacuiba,Yacuiba,Tarija,lowland,1.277678290776083e-05,5.0,-11.267880869361074
2018-09-02,yacuiba,Yacuiba,Tarija,lowland,2.2934765022823056e-05,6.0,-10.68285667532088
2018-09-09,yacuiba,Yacuiba,Tarija,lowland,1.7796646517654334e-05,7.0,-10.936500516299933
2018-09-16,yacuiba,Yacuiba,Tarija,lowland,2.1283194433099743e-05,4.0,-10.757592790419466
2018-09-23,yacuiba,Yacuiba,Tarija,lowland,2.423540842308244e-05,6.0,-10.627695836195675
2018-09-30,yacuiba,Yacuiba,Tarija,lowland,2.1475351507509372e-05,4.0,-10.748604722008617
2018-10-07,yacuiba,Yacuiba,Tarija,lowland,1.5172530102314393e-05,4.0,-11.096023995233466
2018-10-14,yacuiba,Yacuiba,Tarija,lowland,,2.0,
2018-10-21,yacuiba,Yacuiba,Tarija,lowland,1.1196941082884849e-05,3.0,-11.399869934566196
2018-10-28,yacuiba,Yacuiba,Tarija,lowland,,1.0,
2018-11-04,yacuiba,Yacuiba,Tarija,lowland,,1.0,
2018-11-11,yacuiba,Yacuiba,Tarija,lowland,1.6025061545561636e-05,3.0,-11.041356714568245
2018-11-18,yacuiba,Yacuiba,Tarija,lowland,,2.0,
2018-11-25,yacuiba,Yacuiba,Tarija,lowland,,1.0,
2018-12-02,yacuiba,Yacuiba,Tarija,lowland,,0.0,
2018-12-09,yacuiba,Yacuiba,Tarija,lowland,,1.0,
2018-12-16,yacuiba,Yacuiba,Tarija,lowland,7.53325111090675e-06,3.0,-11.796183854895112
2018-12-23,yacuiba,Yacuiba,Tarija,lowland,,1.0,
2018-12-30,yacuiba,Yacuiba,Tarija,lowland,7.94350171797824e-06,3.0,-11.743156357511635
2019-01-06,yacuiba,Yacuiba,Tarija,lowland,1.9882288718017844e-05,3.0,-10.825681236701554
2019-01-13,yacuiba,Yacuiba,Tarija,lowland,,0.0,
2019-01-20,yacuiba,Yacuiba,Tarija,lowland,,0.0,
2019-01-27,yacuiba,Yacuiba,Tarija,lowland,1.661241079557466e-05,6.0,-11.005360503656428
2019-02-03,yacuiba,Yacuiba,Tarija,lowland,2.2318546975227466e-05,3.0,-10.710092522246429
2019-02-10,yacuiba,Yacuiba,Tarija,lowland,9.515899643589518e-06,4.0,-11.562546511650051
2019-02-17,yacuiba,Yacuiba,Tarija,lowland,4.155554990708071e-06,4.0,-12.391064566805882
2019-02-24,yacuiba,Yacuiba,Tarija,lowland,6.386134863607718e-06,6.0,-11.961381345258957
2019-03-03,yacuiba,Yacuiba,Tarija,lowland,,2.0,
2019-03-10,yacuiba,Yacuiba,Tarija,lowland,,1.0,
2019-03-17,yacuiba,Yacuiba,Tarija,lowland,,0.0,
2019-03-24,yacuiba,Yacuiba,Tarija,lowland,,0.0,
2019-03-31,yacuiba,Yacuiba,Tarija,lowland,6.075303773459826e-06,3.0,-12.011278566126114
2019-04-07,yacuiba,Yacuiba,Tarija,lowland,,2.0,
2019-04-14,yacuiba,Yacuiba,Tarija,lowland,4.892140226362483e-06,3.0,-12.227880676126109
2019-04-21,yacuiba,Yacuiba,Tarija,lowland,,0.0,
2019-04-28,yacuiba,Yacuiba,Tarija,lowland,,1.0,
2019-05-05,yacuiba,Yacuiba,Tarija,lowland,,0.0,
2019-05-12,yacuiba,Yacuiba,Tarija,lowland,,2.0,
2019-05-19,yacuiba,Yacuiba,Tarija,lowland,3.4347333396877063e-06,5.0,-12.581571265670835
2019-05-26,yacuiba,Yacuiba,Tarija,lowland,1.0007935808103698e-05,3.0,-11.512132198878618
2019-06-02,yacuiba,Yacuiba,Tarija,lowland,,1.0,
2019-06-09,yacuiba,Yacuiba,Tarija,lowland,1.3055940492677411e-05,5.0,-11.246267317605437
2019-06-16,yacuiba,Yacuiba,Tarija,lowland,,2.0,
2019-06-23,yacuiba,Yacuiba,Tarija,lowland,2.728790932858003e-06,4.0,-12.811651928605484
2019-06-30,yacuiba,Yacuiba,Tarija,lowland,1.064704283799502e-05,4.0,-11.450228372159573
2019-07-07,yacuiba,Yacuiba,Tarija,lowland,,2.0,
2019-07-14,yacuiba,Yacuiba,Tarija,lowland,8.366638733723831e-06,4.0,-11.691258339098964
2019-07-21,yacuiba,Yacuiba,Tarija,lowland,1.0173595578863986e-05,5.0,-11.495714862809443
2019-07-28,yacuiba,Yacuiba,Tarija,lowland,1.1702081582306532e-05,3.0,-11.355743818967555
2019-08-04,yacuiba,Yacuiba,Tarija,lowland,8.626138939229882e-06,5.0,-11.660713552839603
2019-08-11,yacuiba,Yacuiba,Tarija,lowland,1.3940616741707564e-05,5.0,-11.180703911020359
2019-08-18,yacuiba,Yacuiba,Tarija,lowland,1.3726597873557301e-05,6.0,-11.196175156685126
2019-08-25,yacuiba,Yacuiba,Tarija,lowland,1.616541519565589e-05,5.0,-11.032636462263286
2019-09-01,yacuiba,Yacuiba,Tarija,lowland,1.88777853908178e-05,6.0,-10.87752470334217
2019-09-08,yacuiba,Yacuiba,Tarija,lowland,1.8156217000004974e-05,4.0,-10.916497521469406
2019-09-15,yacuiba,Yacuiba,Tarija,lowland,2.5575618761501273e-05,4.0,-10.57387105242116
2019-09-22,yacuiba,Yacuiba,Tarija,lowland,1.456047969167106e-05,5.0,-11.137199569881908
2019-09-29,yacuiba,Yacuiba,Tarija,lowland,1.9790453050774093e-05,6.0,-10.830310905697534
2019-10-06,yacuiba,Yacuiba,Tarija,lowland,2.454353180902565e-05,3.0,-10.615062208538877
2019-10-13,yacuiba,Yacuiba,Tarija,lowland,1.7127455431827315e-05,6.0,-10.9748278012139
2019-10-20,yacuiba,Yacuiba,Tarija,lowland,,0.0,
2019-10-27,yacuiba,Yacuiba,Tarija,lowland,1.1484690823328416e-05,7.0,-11.374495642226623
2019-11-03,yacuiba,Yacuiba,Tarija,lowland,2.0554303149160905e-05,6.0,-10.792440239957006
2019-11-10,yacuiba,Yacuiba,Tarija,lowland,7.476647082184544e-06,3.0,-11.803726117517268
2019-11-17,yacuiba,Yacuiba,Tarija,lowland,1.2015078374123168e-05,7.0,-11.329348165773965
2019-11-24,yacuiba,Yacuiba,Tarija,lowland,8.322347813843649e-06,7.0,-11.69656615377513
2019-12-01,yacuiba,Yacuiba,Tarija,lowland,7.423273896738006e-06,3.0,-11.81089037212107
2019-12-08,yacuiba,Yacuiba,Tarija,lowland,,1.0,
2019-12-15,yacuiba,Yacuiba,Tarija,lowland,5.251552771228325e-06,4.0,-12.156986759142615
2019-12-22,yacuiba,Yacuiba,Tarija,lowland,7.194388495718891e-06,3.0,-11.84220921140792
2019-12-29,yacuiba,Yacuiba,Tarija,lowland,6.063247997650046e-06,3.0,-12.013264928255811
2020-01-05,yacuiba,Yacuiba,Tarija,lowland,3.3773835447566876e-06,5.0,-12.598409247423243
2020-01-12,yacuiba,Yacuiba,Tarija,lowland,5.625970487178116e-06,5.0,-12.088117093701674
2020-01-19,yacuiba,Yacuiba,Tarija,lowland,2.0487990754537082e-05,3.0,-10.795671660329496
2020-01-26,yacuiba,Yacuiba,Tarija,lowland,6.535838237270136e-06,5.0,-11.938209950212519
2020-02-02,yacuiba,Yacuiba,Tarija,lowland,,1.0,
2020-02-09,yacuiba,Yacuiba,Tarija,lowland,1.3626053260041329e-05,3.0,-11.203526916913455
2020-02-16,yacuiba,Yacuiba,Tarija,lowland,,2.0,
2020-02-23,yacuiba,Yacuiba,Tarija,lowland,,1.0,
2020-03-01,yacuiba,Yacuiba,Tarija,lowland,4.518671311597744e-06,5.0,-12.30729256494526
2020-03-08,yacuiba,Yacuiba,Tarija,lowland,8.046681200939456e-06,7.0,-11.730250824716975
2020-03-15,yacuiba,Yacuiba,Tarija,lowland,1.006692319787602e-05,5.0,-11.506255439343535
2020-03-22,yacuiba,Yacuiba,Tarija,lowland,2.166462105082593e-06,4.0,-13.042415087226788
2020-03-29,yacuiba,Yacuiba,Tarija,lowland,1.4381589264968199e-05,3.0,-11.14956169265659
2020-04-05,yacuiba,Yacuiba,Tarija,lowland,,1.0,
2020-04-12,yacuiba,Yacuiba,Tarija,lowland,6.91691170353399e-06,3.0,-11.881541173566236
2020-04-19,yacuiba,Yacuiba,Tarija,lowland,6.8961366714943315e-06,5.0,-11.884549205847081
2020-04-26,yacuiba,Yacuiba,Tarija,lowland,3.286878714482019e-06,5.0,-12.625572162508131
2020-05-03,yacuiba,Yacuiba,Tarija,lowland,,2.0,
2020-05-10,yacuiba,Yacuiba,Tarija,lowland,7.3073561802679e-06,5.0,-11.826629021267529
2020-05-17,yacuiba,Yacuiba,Tarija,lowland,6.957754735218234e-06,5.0,-11.875653731177694
2020-05-24,yacuiba,Yacuiba,Tarija,lowland,6.434742561818113e-06,6.0,-11.953798723649914
2020-05-31,yacuiba,Yacuiba,Tarija,lowland,6.7046494685246476e-06,6.0,-11.912709321713617
2020-06-07,yacuiba,Yacuiba,Tarija,lowland,1.2143967215866305e-05,5.0,-11.318678036930397
2020-06-14,yacuiba,Yacuiba,Tarija,lowland,,2.0,
2020-06-21,yacuiba,Yacuiba,Tarija,lowland,9.845543518420829e-06,6.0,-11.528491639837815
2020-06-28,yacuiba,Yacuiba,Tarija,lowland,1.6976072766852052e-06,3.0,-13.286290782641352
2020-07-05,yacuiba,Yacuiba,Tarija,lowland,5.464755062395694e-06,7.0,-12.11719125666394
2020-07-12,yacuiba,Yacuiba,Tarija,lowland,6.497681579847486e-06,5.0,-11.944065124711596
2020-07-19,yacuiba,Yacuiba,Tarija,lowland,,2.0,
2020-07-26,yacuiba,Yacuiba,Tarija,lowland,1.0162707687479305e-05,4.0,-11.49678564664684
2020-08-02,yacuiba,Yacuiba,Tarija,lowland,9.292582051253895e-06,5.0,-11.586294104977679
2020-08-09,yacuiba,Yacuiba,Tarija,lowland,1.7669693775161818e-05,7.0,-10.943659601994394
2020-08-16,yacuiba,Yacuiba,Tarija,lowland,1.886975965219977e-05,5.0,-10.87794993569727
2020-08-23,yacuiba,Yacuiba,Tarija,lowland,1.0218128669359151e-05,5.0,-11.491347094713817
2020-08-30,yacuiba,Yacuiba,Tarija,lowland,2.9184182070341612e-05,6.0,-10.441883705387674
2020-09-06,yacuiba,Yacuiba,Tarija,lowland,1.2726110999499387e-05,3.0,-11.27185469093025
2020-09-13,yacuiba,Yacuiba,Tarija,lowland,2.360179721755627e-05,6.0,-10.654187695545941
2020-09-20,yacuiba,Yacuiba,Tarija,lowland,,2.0,
2020-09-27,yacuiba,Yacuiba,Tarija,lowland,2.9188589497870076e-05,6.0,-10.441732695681662
2020-10-04,yacuiba,Yacuiba,Tarija,lowland,3.633287318014417e-05,6.0,-10.222787629250114
2020-10-11,yacuiba,Yacuiba,Tarija,lowland,3.595351083789656e-05,5.0,-10.233283819653257
2020-10-18,yacuiba,Yacuiba,Tarija,lowland,,1.0,
2020-10-25,yacuiba,Yacuiba,Tarija,lowland,2.5175061435624717e-05,4.0,-10.589656679020035
2020-11-01,yacuiba,Yacuiba,Tarija,lowland,1.4579441899994635e-05,6.0,-11.135898110580419
2020-11-08,yacuiba,Yacuiba,Tarija,lowland,1.8931207619286037e-05,6.0,-10.874698800837692
2020-11-15,yacuiba,Yacuiba,Tarija,lowland,2.061251477441248e-05,3.0,-10.789612153309257
2020-11-22,yacuiba,Yacuiba,Tarija,lowland,1.4459182132184771e-05,4.0,-11.14418090353972
2020-11-29,yacuiba,Yacuiba,Tarija,lowland,2.237371710807483e-05,5.0,-10.707623631399086
2020-12-06,yacuiba,Yacuiba,Tarija,lowland,,1.0,
2020-12-13,yacuiba,Yacuiba,Tarija,lowland,1.1487672939867543e-05,5.0,-11.374236015782726
2020-12-20,yacuiba,Yacuiba,Tarija,lowland,,1.0,
2020-12-27,yacuiba,Yacuiba,Tarija,lowland,1.0956145334793653e-05,4.0,-11.421610041336196
2021-01-03,yacuiba,Yacuiba,Tarija,lowland,1.3207894092044282e-05,3.0,-11.234695869848895
2021-01-10,yacuiba,Yacuiba,Tarija,lowland,,2.0,
2021-01-17,yacuiba,Yacuiba,Tarija,lowland,1.0171752188933869e-05,4.0,-11.495896072780019
2021-01-24,yacuiba,Yacuiba,Tarija,lowland,9.883830179904493e-06,5.0,-11.52461045129829
2021-01-31,yacuiba,Yacuiba,Tarija,lowland,6.474739065360226e-06,5.0,-11.947602249976756
2021-02-07,yacuiba,Yacuiba,Tarija,lowland,6.634573401097518e-06,4.0,-11.923216187484883
2021-02-14,yacuiba,Yacuiba,Tarija,lowland,6.784413609360483e-06,3.0,-11.900882692972246
2021-02-21,yacuiba,Yacuiba,Tarija,lowland,5.319065272258902e-06,4.0,-12.144212970751111
2021-02-28,yacuiba,Yacuiba,Tarija,lowland,1.4471763971756936e-05,6.0,-11.143311119307972
2021-03-07,yacuiba,Yacuiba,Tarija,lowland,8.505279922623222e-06,5.0,-11.67482341994516
2021-03-14,yacuiba,Yacuiba,Tarija,lowland,7.353294365643049e-06,5.0,-11.820362132144316
2021-03-21,yacuiba,Yacuiba,Tarija,lowland,1.0495306025661458e-05,3.0,-11.46458244593038
2021-03-28,yacuiba,Yacuiba,Tarija,lowland,,1.0,
2021-04-04,yacuiba,Yacuiba,Tarija,lowland,,1.0,
2021-04-11,yacuiba,Yacuiba,Tarija,lowland,9.236033629031605e-06,3.0,-11.592398025396843
2021-04-18,yacuiba,Yacuiba,Tarija,lowland,,1.0,
2021-04-25,yacuiba,Yacuiba,Tarija,lowland,,2.0,
2021-05-02,yacuiba,Yacuiba,Tarija,lowland,7.774164218700394e-06,7.0,-11.764704601664171
2021-05-09,yacuiba,Yacuiba,Tarija,lowland,,2.0,
2021-05-16,yacuiba,Yacuiba,Tarija,lowland,,2.0,
2021-05-23,yacuiba,Yacuiba,Tarija,lowland,6.829200523129714e-06,5.0,-11.894302944947432
2021-05-30,yacuiba,Yacuiba,Tarija,lowland,1.1835789958376349e-05,4.0,-11.34438256958104
2021-06-06,yacuiba,Yacuiba,Tarija,lowland,9.766168323719957e-06,5.0,-11.536586356786264
2021-06-13,yacuiba,Yacuiba,Tarija,lowland,7.580803957792356e-06,4.0,-11.789891300900987
2021-06-20,yacuiba,Yacuiba,Tarija,lowland,,1.0,
2021-06-27,yacuiba,Yacuiba,Tarija,lowland,,2.0,
2021-07-04,yacuiba,Yacuiba,Tarija,lowland,1.28042699546386e-05,6.0,-11.265731852461403
2021-07-11,yacuiba,Yacuiba,Tarija,lowland,1.0969090568189424e-05,7.0,-11.4204291888284
2021-07-18,yacuiba,Yacuiba,Tarija,lowland,1.2196390978743372e-05,4.0,-11.314370471403327
2021-07-25,yacuiba,Yacuiba,Tarija,lowland,1.2497092118600173e-05,6.0,-11.29001457123068
2021-08-01,yacuiba,Yacuiba,Tarija,lowland,1.1604314830150142e-05,5.0,-11.364133560898553
2021-08-08,yacuiba,Yacuiba,Tarija,lowland,2.130326128595244e-05,5.0,-10.756650384952797
2021-08-15,yacuiba,Yacuiba,Tarija,lowland,7.752444894921352e-06,5.0,-11.767502294036882
2021-08-22,yacuiba,Yacuiba,Tarija,lowland,2.4232098726976733e-05,7.0,-10.627832410007924
2021-08-29,yacuiba,Yacuiba,Tarija,lowland,1.5242315181617903e-05,5.0,-11.091435104439334
2021-09-05,yacuiba,Yacuiba,Tarija,lowland,1.9232639505633627e-05,7.0,-10.858901747999507
2021-09-12,yacuiba,Yacuiba,Tarija,lowland,1.1079940723043763e-05,3.0,-11.410374226565244
2021-09-19,yacuiba,Yacuiba,Tarija,lowland,1.7632960288137464e-05,5.0,-10.9457406636741
2021-09-26,yacuiba,Yacuiba,Tarija,lowland,2.084470745966528e-05,4.0,-10.778410480806976
2021-10-03,yacuiba,Yacuiba,Tarija,lowland,1.6326007540219228e-05,5.0,-11.022751167081779
2021-10-10,yacuiba,Yacuiba,Tarija,lowland,,2.0,
2021-10-17,yacuiba,Yacuiba,Tarija,lowland,5.401448473584584e-06,3.0,-12.128843404513852
2021-10-24,yacuiba,Yacuiba,Tarija,lowland,1.759616908727359e-05,5.0,-10.947829345108559
2021-10-31,yacuiba,Yacuiba,Tarija,lowland,1.2809957749933322e-05,6.0,-11.265287740270804
2021-11-07,yacuiba,Yacuiba,Tarija,lowland,,2.0,
2021-11-14,yacuiba,Yacuiba,Tarija,lowland,,1.0,
2021-11-21,yacuiba,Yacuiba,Tarija,lowland,,2.0,
2021-11-28,yacuiba,Yacuiba,Tarija,lowland,2.4133340496258556e-05,4.0,-10.631916250434463
2021-12-05,yacuiba,Yacuiba,Tarija,lowland,,2.0,
2021-12-12,yacuiba,Yacuiba,Tarija,lowland,,2.0,
2021-12-19,yacuiba,Yacuiba,Tarija,lowland,1.0697481582389809e-05,3.0,-11.445502210331162
2021-12-26,yacuiba,Yacuiba,Tarija,lowland,,2.0,
2022-01-02,yacuiba,Yacuiba,Tarija,lowland,1.2390025873831918e-05,7.0,-11.298618774041955
2022-01-09,yacuiba,Yacuiba,Tarija,lowland,3.8864284497378105e-06,4.0,-12.458019958393418
2022-01-16,yacuiba,Yacuiba,Tarija,lowland,1.0869373526451218e-05,5.0,-11.429561491753173
2022-01-23,yacuiba,Yacuiba,Tarija,lowland,1.0290534984985075e-05,6.0,-11.484286018703504
2022-01-30,yacuiba,Yacuiba,Tarija,lowland,1.0332620624964295e-05,5.0,-11.48020461630355
2022-02-06,yacuiba,Yacuiba,Tarija,lowland,2.034101592323514e-06,3.0,-13.105456314523511
2022-02-13,yacuiba,Yacuiba,Tarija,lowland,5.2133482531053245e-06,4.0,-12.164288249670467
2022-02-20,yacuiba,Yacuiba,Tarija,lowland,5.843059050336516e-06,4.0,-12.050256088275573
2022-02-27,yacuiba,Yacuiba,Tarija,lowland,6.993837383663784e-06,5.0,-11.870481170427855
2022-03-06,yacuiba,Yacuiba,Tarija,lowland,4.7372898646214105e-06,5.0,-12.26004534429221
2022-03-13,yacuiba,Yacuiba,Tarija,lowland,1.1520537648279298e-05,3.0,-11.371379232928001
2022-03-20,yacuiba,Yacuiba,Tarija,lowland,6.350281540716787e-06,5.0,-11.967011408921781
2022-03-27,yacuiba,Yacuiba,Tarija,lowland,7.063572279416693e-06,3.0,-11.86055964584225
2022-04-03,yacuiba,Yacuiba,Tarija,lowland,7.507642184637926e-06,4.0,-11.799589098255556
2022-04-10,yacuiba,Yacuiba,Tarija,lowland,,1.0,
2022-04-17,yacuiba,Yacuiba,Tarija,lowland,3.893222188630932e-06,3.0,-12.456273417080475
2022-04-24,yacuiba,Yacuiba,Tarija,lowland,7.542531350756476e-06,6.0,-11.794952709374737
2022-05-01,yacuiba,Yacuiba,Tarija,lowland,,2.0,
2022-05-08,yacuiba,Yacuiba,Tarija,lowland,9.227773234756194e-06,5.0,-11.593292791561531
2022-05-15,yacuiba,Yacuiba,Tarija,lowland,,2.0,
2022-05-22,yacuiba,Yacuiba,Tarija,lowland,7.412647415202723e-06,5.0,-11.812322906458387
2022-05-29,yacuiba,Yacuiba,Tarija,lowland,,2.0,
2022-06-05,yacuiba,Yacuiba,Tarija,lowland,,1.0,
2022-06-12,yacuiba,Yacuiba,Tarija,lowland,6.898797075184218e-06,4.0,-11.884163498489333
2022-06-19,yacuiba,Yacuiba,Tarija,lowland,9.876418697469023e-06,7.0,-11.525360591929514
2022-06-26,yacuiba,Yacuiba,Tarija,lowland,,2.0,
2022-07-03,yacuiba,Yacuiba,Tarija,lowland,1.0738694228770571e-05,5.0,-11.441657056463985
2022-07-10,yacuiba,Yacuiba,Tarija,lowland,2.375689465391468e-05,4.0,-10.647637768395409
2022-07-17,yacuiba,Yacuiba,Tarija,lowland,9.141348500228363e-06,4.0,-11.60270264506272
2022-07-24,yacuiba,Yacuiba,Tarija,lowland,1.7422796065870524e-05,6.0,-10.95773109047231
2022-07-31,yacuiba,Yacuiba,Tarija,lowland,1.7239962336008423e-05,6.0,-10.9682804774174
2022-08-07,yacuiba,Yacuiba,Tarija,lowland,1.8348954607007626e-05,3.0,-10.905937954731888
2022-08-14,yacuiba,Yacuiba,Tarija,lowland,1.6127798166804107e-05,6.0,-11.034966180612694
2022-08-21,yacuiba,Yacuiba,Tarija,lowland,1.2480352781327206e-05,6.0,-11.291354927687966
2022-08-28,yacuiba,Yacuiba,Tarija,lowland,2.54677041781787e-05,6.0,-10.578099411308921
2022-09-04,yacuiba,Yacuiba,Tarija,lowland,2.0429822644471136e-05,5.0,-10.798514830304528
2022-09-11,yacuiba,Yacuiba,Tarija,lowland,2.756517183520242e-05,7.0,-10.498957472123722
2022-09-18,yacuiba,Yacuiba,Tarija,lowland,3.067318759003588e-05,7.0,-10.392121653382253
2022-09-25,yacuiba,Yacuiba,Tarija,lowland,1.863123750096191e-05,3.0,-10.890670950384425
2022-10-02,yacuiba,Yacuiba,Tarija,lowland,2.4727185396717718e-05,4.0,-10.60760729622327
2022-10-09,yacuiba,Yacuiba,Tarija,lowland,2.257300219550691e-05,6.0,-10.698755958900316
2022-10-16,yacuiba,Yacuiba,Tarija,lowland,1.91290557402918e-05,5.0,-10.864302135882388
2022-10-23,yacuiba,Yacuiba,Tarija,lowland,1.3820761809998852e-05,3.0,-11.189338617410371
2022-10-30,yacuiba,Yacuiba,Tarija,lowland,2.2432545797862958e-05,7.0,-10.70499771619095
2022-11-06,yacuiba,Yacuiba,Tarija,lowland,1.5025164821239225e-05,5.0,-11.105784107803554
2022-11-13,yacuiba,Yacuiba,Tarija,lowland,2.253285194860047e-05,7.0,-10.700536227039452
2022-11-20,yacuiba,Yacuiba,Tarija,lowland,2.3879447143148144e-05,5.0,-10.64249242116733
2022-11-27,yacuiba,Yacuiba,Tarija,lowland,5.491149542988633e-05,5.0,-9.809787842844987
2022-12-04,yacuiba,Yacuiba,Tarija,lowland,2.984547286970225e-05,5.0,-10.419477392284147
2022-12-11,yacuiba,Yacuiba,Tarija,lowland,9.176847140647812e-06,3.0,-11.598826861055073
2022-12-18,yacuiba,Yacuiba,Tarija,lowland,2.1328499444943874e-05,4.0,-10.755466377466025
2022-12-25,yacuiba,Yacuiba,Tarija,lowland,1.2489729360342508e-05,5.0,-11.290603902568959
2023-01-01,yacuiba,Yacuiba,Tarija,lowland,,2.0,
2023-01-08,yacuiba,Yacuiba,Tarija,lowland,1.0372382535006636e-05,5.0,-11.476363809459416
2023-01-15,yacuiba,Yacuiba,Tarija,lowland,1.9395940136244604e-05,5.0,-10.85044678512289
2023-01-22,yacuiba,Yacuiba,Tarija,lowland,1.4620302547815377e-05,4.0,-11.133099409751743
2023-01-29,yacuiba,Yacuiba,Tarija,lowland,2.488091390514664e-05,4.0,-10.601409558245948
2023-02-05,yacuiba,Yacuiba,Tarija,lowland,1.0868220908964984e-05,5.0,-11.429667540054952
2023-02-12,yacuiba,Yacuiba,Tarija,lowland,1.0680173021597666e-05,4.0,-11.447121524039327
2023-02-19,yacuiba,Yacuiba,Tarija,lowland,6.509411362171349e-06,3.0,-11.942261526389379
2023-02-26,yacuiba,Yacuiba,Tarija,lowland,5.3194728144533535e-06,5.0,-12.144136354548523
2023-03-05,yacuiba,Yacuiba,Tarija,lowland,1.1173539260800429e-05,4.0,-11.401962140925768
2023-03-12,yacuiba,Yacuiba,Tarija,lowland,1.0275593870201097e-05,5.0,-11.48573900166571
2023-03-19,yacuiba,Yacuiba,Tarija,lowland,8.295539252153527e-06,5.0,-11.69979262713367
2023-03-26,yacuiba,Yacuiba,Tarija,lowland,1.1017693336042284e-05,4.0,-11.416008092297801
2023-04-02,yacuiba,Yacuiba,Tarija,lowland,7.838216370529422e-06,5.0,-11.756499253243867
2023-04-09,yacuiba,Yacuiba,Tarija,lowland,4.47448560693568e-06,4.0,-12.3171191610153
2023-04-16,yacuiba,Yacuiba,Tarija,lowland,,1.0,
2023-04-23,yacuiba,Yacuiba,Tarija,lowland,5.428084760878986e-06,3.0,-12.123924200623707
2023-04-30,yacuiba,Yacuiba,Tarija,lowland,,2.0,
2023-05-07,yacuiba,Yacuiba,Tarija,lowland,,0.0,
2023-05-14,yacuiba,Yacuiba,Tarija,lowland,4.3325263576949205e-06,4.0,-12.349359731660229
2023-05-21,yacuiba,Yacuiba,Tarija,lowland,4.690493427398399e-06,3.0,-12.26997277263959
2023-05-28,yacuiba,Yacuiba,Tarija,lowland,,2.0,
2023-06-04,yacuiba,Yacuiba,Tarija,lowland,,1.0,
2023-06-11,yacuiba,Yacuiba,Tarija,lowland,7.756403314634775e-06,4.0,-11.766991821596132
2023-06-18,yacuiba,Yacuiba,Tarija,lowland,8.465371371626953e-06,6.0,-11.679526671914806
2023-06-25,yacuiba,Yacuiba,Tarija,lowland,9.712589466824329e-06,5.0,-11.54208763079949
2023-07-02,yacuiba,Yacuiba,Tarija,lowland,1.0412026811365065e-05,3.0,-11.472548995790603
2023-07-09,yacuiba,Yacuiba,Tarija,lowland,,2.0,
2023-07-16,yacuiba,Yacuiba,Tarija,lowland,,2.0,
2023-07-23,yacuiba,Yacuiba,Tarija,lowland,1.4741053311782602e-05,4.0,-11.124874214340812
2023-07-30,yacuiba,Yacuiba,Tarija,lowland,1.071926580991378e-05,4.0,-11.443467892548197
2023-08-06,yacuiba,Yacuiba,Tarija,lowland,2.228117608950445e-05,7.0,-10.711768357516297
2023-08-13,yacuiba,Yacuiba,Tarija,lowland,1.1701538064843237e-05,5.0,-11.355790266266869
2023-08-20,yacuiba,Yacuiba,Tarija,lowland,2.152632619852145e-05,7.0,-10.746233897538133
2023-08-27,yacuiba,Yacuiba,Tarija,lowland,8.597537764688622e-06,7.0,-11.664034702129879
2023-09-03,yacuiba,Yacuiba,Tarija,lowland,2.653385051699314e-05,5.0,-10.537089262125535
2023-09-10,yacuiba,Yacuiba,Tarija,lowland,,2.0,
2023-09-17,yacuiba,Yacuiba,Tarija,lowland,2.0291985154675745e-05,6.0,-10.805284569845169
2023-09-24,yacuiba,Yacuiba,Tarija,lowland,2.2251994914489438e-05,7.0,-10.713078894292982
2023-10-01,yacuiba,Yacuiba,Tarija,lowland,2.5840761940725628e-05,3.0,-10.563557392614415
2023-10-08,yacuiba,Yacuiba,Tarija,lowland,2.086942814423293e-05,5.0,-10.777225238101895
2023-10-15,yacuiba,Yacuiba,Tarija,lowland,1.4815559412610757e-05,4.0,-11.119832617772405
2023-10-22,yacuiba,Yacuiba,Tarija,lowland,3.300220629764186e-05,3.0,-10.318936141228358
2023-10-29,yacuiba,Yacuiba,Tarija,lowland,,2.0,
2023-11-05,yacuiba,Yacuiba,Tarija,lowland,,2.0,
2023-11-12,yacuiba,Yacuiba,Tarija,lowland,2.6952481519672035e-05,5.0,-10.521435186196223
2023-11-19,yacuiba,Yacuiba,Tarija,lowland,,2.0,
2023-11-26,yacuiba,Yacuiba,Tarija,lowland,,2.0,
2023-12-03,yacuiba,Yacuiba,Tarija,lowland,1.951381689677474e-05,4.0,-10.84438778449489
2023-12-10,yacuiba,Yacuiba,Tarija,lowland,,2.0,
2023-12-17,yacuiba,Yacuiba,Tarija,lowland,9.455655301931262e-06,3.0,-11.568897550806401
2023-12-24,yacuiba,Yacuiba,Tarija,lowland,,1.0,
2023-12-31,yacuiba,Yacuiba,Tarija,lowland,1.241943893062426e-05,3.0,-11.296247657147282
2024-01-07,yacuiba,Yacuiba,Tarija,lowland,6.002173541795343e-06,4.0,-12.023388897369541
2024-01-14,yacuiba,Yacuiba,Tarija,lowland,9.74779073418007e-06,5.0,-11.538469889996367
2024-01-21,yacuiba,Yacuiba,Tarija,lowland,1.4790679310458188e-05,5.0,-11.121513351907003
2024-01-28,yacuiba,Yacuiba,Tarija,lowland,6.151385010274862e-06,5.0,-11.998833296577928
2024-02-04,yacuiba,Yacuiba,Tarija,lowland,7.313854604033953e-06,7.0,-11.825740117565939
2024-02-11,yacuiba,Yacuiba,Tarija,lowland,1.4521428546891958e-05,5.0,-11.139885168634915
2024-02-18,yacuiba,Yacuiba,Tarija,lowland,,2.0,
2024-02-25,yacuiba,Yacuiba,Tarija,lowland,7.769426010261611e-06,5.0,-11.765314268866632
2024-03-03,yacuiba,Yacuiba,Tarija,lowland,,2.0,
2024-03-10,yacuiba,Yacuiba,Tarija,lowland,,1.0,
2024-03-17,yacuiba,Yacuiba,Tarija,lowland,2.1955241937129933e-05,5.0,-10.72650463432878
2024-03-24,yacuiba,Yacuiba,Tarija,lowland,9.731303428442149e-06,4.0,-11.540162710980496
2024-03-31,yacuiba,Yacuiba,Tarija,lowland,5.290484754816278e-06,5.0,-12.149600680221264
2024-04-07,yacuiba,Yacuiba,Tarija,lowland,,1.0,
2024-04-14,yacuiba,Yacuiba,Tarija,lowland,,0.0,
2024-04-21,yacuiba,Yacuiba,Tarija,lowland,5.791834233311352e-06,5.0,-12.059061523229756
2024-04-28,yacuiba,Yacuiba,Tarija,lowland,,1.0,
2024-05-05,yacuiba,Yacuiba,Tarija,lowland,6.724106612579763e-06,3.0,-11.90981148701419
2024-05-12,yacuiba,Yacuiba,Tarija,lowland,,1.0,
2024-05-19,yacuiba,Yacuiba,Tarija,lowland,,0.0,
2024-05-26,yacuiba,Yacuiba,Tarija,lowland,,2.0,
2024-06-02,yacuiba,Yacuiba,Tarija,lowland,8.574058356018297e-06,6.0,-11.666769383651364
2024-06-09,yacuiba,Yacuiba,Tarija,lowland,9.620922858017274e-06,7.0,-11.551570366700934
2024-06-16,yacuiba,Yacuiba,Tarija,lowland,1.0466496730420857e-05,5.0,-11.467331189797033
2024-06-23,yacuiba,Yacuiba,Tarija,lowland,1.5426486128911995e-05,5.0,-11.079424647341336
2024-06-30,yacuiba,Yacuiba,Tarija,lowland,6.6387011574557795e-06,4.0,-11.922594222426731
2024-07-07,yacuiba,Yacuiba,Tarija,lowland,1.4749079328392031e-05,3.0,-11.124329895540654
2024-07-14,yacuiba,Yacuiba,Tarija,lowland,,2.0,
2024-07-21,yacuiba,Yacuiba,Tarija,lowland,1.3124232231454065e-05,6.0,-11.241050247848701
2024-07-28,yacuiba,Yacuiba,Tarija,lowland,1.1034365842000843e-05,4.0,-11.414495987781782
2024-08-04,yacuiba,Yacuiba,Tarija,lowland,2.280729955673192e-05,5.0,-10.68842991724586
2024-08-11,yacuiba,Yacuiba,Tarija,lowland,7.942945834978646e-06,4.0,-11.743226339551104
2024-08-18,yacuiba,Yacuiba,Tarija,lowland,1.927310584537416e-05,7.0,-10.856799913363195
2024-08-25,yacuiba,Yacuiba,Tarija,lowland,1.6637467945672927e-05,3.0,-11.003853300876129
2024-09-01,yacuiba,Yacuiba,Tarija,lowland,2.0457554202930307e-05,6.0,-10.797158345010057
2024-09-08,yacuiba,Yacuiba,Tarija,lowland,1.4798544758488051e-05,5.0,-11.12098170915782
2024-09-15,yacuiba,Yacuiba,Tarija,lowland,1.6732668735257486e-05,5.0,-10.998147537739927
2024-09-22,yacuiba,Yacuiba,Tarija,lowland,3.097233012383481e-05,7.0,-10.38241632871335
2024-09-29,yacuiba,Yacuiba,Tarija,lowland,2.621215723047699e-05,5.0,-10.549287238389136
2024-10-06,yacuiba,Yacuiba,Tarija,lowland,3.2314121710824344e-05,7.0,-10.340006218612293
2024-10-13,yacuiba,Yacuiba,Tarija,lowland,2.9124845647523985e-05,3.0,-10.443918945748282
2024-10-20,yacuiba,Yacuiba,Tarija,lowland,3.103036683369946e-05,4.0,-10.380544257669273
2024-10-27,yacuiba,Yacuiba,Tarija,lowland,2.088415076518896e-05,6.0,-10.776520023269983
2024-11-03,yacuiba,Yacuiba,Tarija,lowland,1.541344982936812e-05,7.0,-11.080270064163079
2024-11-10,yacuiba,Yacuiba,Tarija,lowland,,2.0,
2024-11-17,yacuiba,Yacuiba,Tarija,lowland,8.577192953204014e-06,6.0,-11.66640385962468
2024-11-24,yacuiba,Yacuiba,Tarija,lowland,1.0287392195964693e-05,3.0,-11.484591471144576
2024-12-01,yacuiba,Yacuiba,Tarija,lowland,1.1183706993229759e-05,4.0,-11.401052571561564
2024-12-08,yacuiba,Yacuiba,Tarija,lowland,4.53435801538892e-06,3.0,-12.303827046625564
2024-12-15,yacuiba,Yacuiba,Tarija,lowland,,2.0,
2024-12-22,yacuiba,Yacuiba,Tarija,lowland,1.1163854764889741e-05,4.0,-11.402829251610779
2024-12-29,yacuiba,Yacuiba,Tarija,lowland,8.014303934461413e-06,6.0,-11.734282621031312
2025-01-05,yacuiba,Yacuiba,Tarija,lowland,1.1229824434331547e-05,4.0,-11.396937422966445
2025-01-12,yacuiba,Yacuiba,Tarija,lowland,6.932662742473659e-06,3.0,-11.879266584438307
2025-01-19,yacuiba,Yacuiba,Tarija,lowland,6.91174745914418e-06,6.0,-11.882288063712148
2025-01-26,yacuiba,Yacuiba,Tarija,lowland,1.1500409169594547e-05,5.0,-11.37312794326328
2025-02-02,yacuiba,Yacuiba,Tarija,lowland,1.1171855583880938e-05,6.0,-11.40211283657777
2025-02-09,yacuiba,Yacuiba,Tarija,lowland,1.310428978870234e-05,6.0,-11.242570916575621
2025-02-16,yacuiba,Yacuiba,Tarija,lowland,1.76194575980817e-05,5.0,-10.946506721239835
2025-02-23,yacuiba,Yacuiba,Tarija,lowland,1.2182445230407478e-05,3.0,-11.315514557998554
2025-03-02,yacuiba,Yacuiba,Tarija,lowland,1.1624988585159413e-05,7.0,-11.362353588413107
2025-03-09,yacuiba,Yacuiba,Tarija,lowland,7.766230761905988e-06,5.0,-11.765725612712282
2025-03-16,yacuiba,Yacuiba,Tarija,lowland,,0.0,
2025-03-23,yacuiba,Yacuiba,Tarija,lowland,,1.0,
2025-03-30,yacuiba,Yacuiba,Tarija,lowland,,1.0,
2025-04-06,yacuiba,Yacuiba,Tarija,lowland,,2.0,
2025-04-13,yacuiba,Yacuiba,Tarija,lowland,,0.0,
2025-04-20,yacuiba,Yacuiba,Tarija,lowland,,0.0,
2025-04-27,yacuiba,Yacuiba,Tarija,lowland,,0.0,
2025-05-04,yacuiba,Yacuiba,Tarija,lowland,,2.0,
2025-05-11,yacuiba,Yacuiba,Tarija,lowland,,2.0,
2025-05-18,yacuiba,Yacuiba,Tarija,lowland,6.010647696736657e-06,6.0,-12.0219780453842
2025-05-25,yacuiba,Yacuiba,Tarija,lowland,,1.0,
2025-06-01,yacuiba,Yacuiba,Tarija,lowland,6.6437663365035845e-06,4.0,-11.921831535931073
2025-06-08,yacuiba,Yacuiba,Tarija,lowland,,1.0,
2025-06-15,yacuiba,Yacuiba,Tarija,lowland,9.157477615659772e-06,3.0,-11.600939786668826
2025-06-22,yacuiba,Yacuiba,Tarija,lowland,,1.0,
2025-06-29,yacuiba,Yacuiba,Tarija,lowland,7.4106391481392446e-06,3.0,-11.812593867566395
2025-07-06,yacuiba,Yacuiba,Tarija,lowland,7.076642953063164e-06,4.0,-11.858710921879522
2025-07-13,yacuiba,Yacuiba,Tarija,lowland,,2.0,
2025-07-20,yacuiba,Yacuiba,Tarija,lowland,1.2012554126592127e-05,6.0,-11.32955827782227
2025-07-27,yacuiba,Yacuiba,Tarija,lowland,1.322907651052755e-05,4.0,-11.233093384954943
2025-08-03,yacuiba,Yacuiba,Tarija,lowland,,2.0,
2025-08-10,yacuiba,Yacuiba,Tarija,lowland,9.092810630429553e-06,5.0,-11.60802649730016
2025-08-17,yacuiba,Yacuiba,Tarija,lowland,6.599709235900331e-06,5.0,-11.928484965068968
2025-08-24,yacuiba,Yacuiba,Tarija,lowland,1.1602015899144387e-05,3.0,-11.364331690541718
2025-08-31,yacuiba,Yacuiba,Tarija,lowland,1.7651686029371065e-05,7.0,-10.944679253403859
2025-09-07,yacuiba,Yacuiba,Tarija,lowland,7.79379701509987e-06,3.0,-11.762182395125691
2025-09-14,yacuiba,Yacuiba,Tarija,lowland,2.0098811482273765e-05,6.0,-10.814849874882642
2025-09-21,yacuiba,Yacuiba,Tarija,lowland,2.512264720533152e-05,7.0,-10.591740839538762
2025-09-28,yacuiba,Yacuiba,Tarija,lowland,1.3853734573585127e-05,5.0,-11.186955717376243
2025-10-05,yacuiba,Yacuiba,Tarija,lowland,2.6636178413642127e-05,4.0,-10.533240175523805
2025-10-12,yacuiba,Yacuiba,Tarija,lowland,1.619967607724951e-05,5.0,-11.030519311157354
2025-10-19,yacuiba,Yacuiba,Tarija,lowland,1.8425466551849997e-05,4.0,-10.901776798535106
2025-10-26,yacuiba,Yacuiba,Tarija,lowland,,2.0,
2025-11-02,yacuiba,Yacuiba,Tarija,lowland,,0.0,
2025-11-09,yacuiba,Yacuiba,Tarija,lowland,,2.0,
2025-11-16,yacuiba,Yacuiba,Tarija,lowland,1.533000575236376e-05,4.0,-11.08569848984489
2025-11-23,yacuiba,Yacuiba,Tarija,lowland,1.0206980104452087e-05,6.0,-11.492438747751034
2025-11-30,yacuiba,Yacuiba,Tarija,lowland,1.2591187253277791e-05,6.0,-11.282513413061192
2025-12-07,yacuiba,Yacuiba,Tarija,lowland,8.352137173629193e-06,4.0,-11.692993102913224
2025-12-14,yacuiba,Yacuiba,Tarija,lowland,1.2845259402274385e-05,5.0,-11.262535732801016
2025-12-21,yacuiba,Yacuiba,Tarija,lowland,8.26036584108275e-06,4.0,-11.704041680724206
2025-12-28,yacuiba,Yacuiba,Tarija,lowland,,2.0,
2026-01-04,yacuiba,Yacuiba,Tarija,lowland,3.086304329140998e-06,3.0,-12.688536192832082
2026-01-11,yacuiba,Yacuiba,Tarija,lowland,9.759001996467391e-06,5.0,-11.537320417227924
2026-01-18,yacuiba,Yacuiba,Tarija,lowland,7.187056310885013e-06,5.0,-11.843228884405697
2026-01-25,yacuiba,Yacuiba,Tarija,lowland,1.0106243741845896e-05,4.0,-11.502357132857213
2026-02-01,yacuiba,Yacuiba,Tarija,lowland,1.2383636025908493e-05,5.0,-11.29913463222158
2026-02-08,yacuiba,Yacuiba,Tarija,lowland,9.528746429324551e-06,6.0,-11.56119738837053
2026-02-15,yacuiba,Yacuiba,Tarija,lowland,1.1201278771029987e-05,4.0,-11.399482610195987
2026-02-22,yacuiba,Yacuiba,Tarija,lowland,1.1320726974359695e-05,5.0,-11.38887526690148
2026-03-01,yacuiba,Yacuiba,Tarija,lowland,7.920885794550562e-06,4.0,-11.74600751564559
2026-03-08,yacuiba,Yacuiba,Tarija,lowland,1.3907859746206642e-05,3.0,-11.183056428266498
2026-03-15,yacuiba,Yacuiba,Tarija,lowland,,2.0,
2026-03-22,yacuiba,Yacuiba,Tarija,lowland,9.140792623753841e-06,3.0,-11.602763455935028
2026-03-29,yacuiba,Yacuiba,Tarija,lowland,8.228355911386114e-06,4.0,-11.707924330985344
2026-04-05,yacuiba,Yacuiba,Tarija,lowland,9.30166169646691e-06,7.0,-11.585317496726452
2026-04-12,yacuiba,Yacuiba,Tarija,lowland,,0.0,
2026-04-19,yacuiba,Yacuiba,Tarija,lowland,4.399838710273111e-06,3.0,-12.333942674468044
2026-04-26,yacuiba,Yacuiba,Tarija,lowland,,0.0,
2026-05-03,yacuiba,Yacuiba,Tarija,lowland,,2.0,
2026-05-10,yacuiba,Yacuiba,Tarija,lowland,4.891972795248318e-06,3.0,-12.227914901224247
